term,Estimate,Std. Error,z value,Pr(>|z|)
(Intercept),-0.574724111089126,0.392344172814356,-1.46484681285445,0.142962716599212
CA1,-0.0703581846179858,0.181209902967514,-0.388268982355777,0.697816988740701
SE1,-0.779435768669017,0.207871540002391,-3.74960308977387,0.000177114676463388
CA1:SE1,0.0424344205237822,0.29090811730088,0.145868808741054,0.884024955191672
