panel,n,slope,mean_excess,frac_supra
CASE significant (all),2272,0.988474507236784,0.0183330159612785,0.663732394366197
CASE only,1941,1.10061264563509,0.0227416956712268,0.704276146316332
CASE & SE,232,0.904025552416799,-0.00270581465938111,0.469827586206897
CASE & CA,70,0.548472963202959,-0.0145406297259822,0.357142857142857
CASE & SE & CA,29,0.552203847753108,-0.0290836535183176,0.241379310344828
CA & SE (no CASE),64,0.0867809295975225,-0.0137553170570613,0.453125
