tier,n,ols_int,ols_slope,orth_int,orth_slope,pct_supra,r
Core,1317,0.00767136454324979,0.587131703818052,0.00575403343630264,0.933747989686383,64.3128321943812,0.612312594564993
Convergent,380,0.00392816893230719,0.689304976770938,-0.00999875470057594,1.47637667167755,80.5263157894737,0.553523084953314
Private,244,0.0525848566678375,0.672071227274051,0.0424172667141647,0.931088248045308,87.7049180327869,0.706877720438221
