snp,n_blk,I_l,I_raw,sign_consistent
NC_035780.1_242942,3,0.203300535980149,0.045136500431482,FALSE
NC_035780.1_416630,3,0.111510344131103,0.0257039180838642,FALSE
NC_035780.1_574241,3,0.824229103984111,0.0230269074513527,TRUE
NC_035780.1_648078,2,-0.826842616828414,-0.00638245693971569,FALSE
NC_035780.1_722952,3,0.194154308876544,0.034102691457225,FALSE
NC_035780.1_722997,3,0.376972069598001,0.0685697878002451,FALSE
NC_035780.1_904338,3,0.635466204680464,0.0359855491238683,FALSE
NC_035780.1_939001,2,0.379070521479786,0.0277133100492168,TRUE
NC_035780.1_2173819,2,-0.558920661727271,0.023187078744837,FALSE
NC_035780.1_2654159,2,1.59881693496645,0.0648752219277323,TRUE
NC_035780.1_2919366,3,-0.352241498299762,0.0185599217434593,FALSE
NC_035780.1_3673218,3,-0.318734058311292,0.0203634457610869,FALSE
NC_035780.1_6169102,3,0.210356196827701,0.025191092013174,FALSE
NC_035780.1_6169608,3,0.173189748169227,0.0242881184216318,TRUE
NC_035780.1_6373267,2,1.0954439809238,0.00480955962543976,FALSE
NC_035780.1_7037971,3,0.352594983551515,0.0891506408672511,FALSE
NC_035780.1_7037972,3,0.350733603973665,0.0850946737339065,FALSE
NC_035780.1_8051153,3,-0.0164334048592178,-0.020641140955026,FALSE
NC_035780.1_8059859,3,0.0733265392374168,-0.0290295578428551,FALSE
NC_035780.1_8087434,2,0.26389138093186,0.0302150758441129,FALSE
NC_035780.1_8090681,2,0.456607794347128,0.0884031051164051,TRUE
NC_035780.1_8154371,3,0.158428507729279,-0.00457166450579708,FALSE
NC_035780.1_8154410,3,0.567231558738952,0.0632706006103961,TRUE
NC_035780.1_8155168,2,-0.106726628668689,0.00177113567087137,FALSE
NC_035780.1_8155543,2,0.926574817940046,0.0330657858324773,TRUE
NC_035780.1_8219007,3,1.04219710876323,0.0170725495381598,TRUE
NC_035780.1_8549206,2,0.524863816358684,0.0625200411377922,FALSE
NC_035780.1_8699244,3,0.105892665718072,0.0179691938398771,FALSE
NC_035780.1_8742896,3,0.0548774398117929,0.0113958988511841,FALSE
NC_035780.1_8915880,2,-0.0950379749172877,0.0305174546370378,TRUE
NC_035780.1_9535980,3,0.000852989369703581,0.0103195666170752,FALSE
NC_035780.1_11145045,2,1.10232981087147,0.0621893029807354,TRUE
NC_035780.1_11153650,2,-0.708258608694172,-0.0187521108656118,FALSE
NC_035780.1_11456907,3,0.361207357352252,0.0266324745125614,FALSE
NC_035780.1_11460694,3,0.51297235031822,0.130170591009066,FALSE
NC_035780.1_11460721,3,0.290985034584064,0.0734984708227859,FALSE
NC_035780.1_11460778,3,0.388167420010327,0.0716698092525569,TRUE
NC_035780.1_11542240,3,-0.0942338413924741,0.0125841091836847,FALSE
NC_035780.1_13060561,3,-0.179677834177856,-0.020522843150784,TRUE
NC_035780.1_13164394,3,0.357855341124901,0.00190259799140276,FALSE
NC_035780.1_14433594,2,0.993549301044757,0.236415398170463,TRUE
NC_035780.1_14694387,2,0.99407058305206,0.0647267126849063,TRUE
NC_035780.1_14698791,3,0.232899041823595,0.0430124503862597,TRUE
NC_035780.1_14698999,3,-1.33650081971421,-0.00603426078132713,FALSE
NC_035780.1_15499443,2,0.998428302517752,0.0316866446500276,FALSE
NC_035780.1_15720403,3,-0.0176310939549548,0.0121803767347888,FALSE
NC_035780.1_16187099,3,0.549596393560911,0.030257291812533,TRUE
NC_035780.1_16504638,2,3.00778779700907,0.0419106764723824,TRUE
NC_035780.1_17658402,2,0.740224960169201,0.0266744301680181,FALSE
NC_035780.1_17667152,3,0.271065672588966,0.0579559655717723,FALSE
NC_035780.1_17667463,3,0.467494520405672,0.0288109701020357,TRUE
NC_035780.1_17667995,3,0.271112004007413,-0.00146514512836377,FALSE
NC_035780.1_17684340,3,1.07422315000379,0.0580279692611436,TRUE
NC_035780.1_18447492,2,0.953146432841713,0.168059197637196,TRUE
NC_035780.1_19319176,3,0.218560852321178,0.0517722505787425,FALSE
NC_035780.1_19376247,3,1.05979383745787,0.0473807374826484,FALSE
NC_035780.1_19595212,3,0.932832404171184,0.0165018623092251,FALSE
NC_035780.1_19671795,2,-0.0556551780439762,-0.0102383732346768,TRUE
NC_035780.1_19946760,3,-0.106347508799115,0.0055853295483416,FALSE
NC_035780.1_19976031,3,-0.225009605043665,-0.000184218077778447,FALSE
NC_035780.1_20636191,2,-0.53080667891931,0.0119444529301453,FALSE
NC_035780.1_20748489,3,0.00467320833115101,0.0120640189915638,FALSE
NC_035780.1_21952643,3,-0.909573674911535,0.00980571291880084,FALSE
NC_035780.1_21953090,2,0.440017723427795,-0.0165129926895655,FALSE
NC_035780.1_21958832,2,2.26606897439346,0.0543164809821175,TRUE
NC_035780.1_22005285,2,-0.0701562188188828,0.0786329312776047,FALSE
NC_035780.1_22010323,3,-0.765140241522852,0.0667454118770663,FALSE
NC_035780.1_22030105,2,-1.11361794301456,-0.0523457630460503,FALSE
NC_035780.1_22276346,3,1.81841412811297,0.0201807132111752,FALSE
NC_035780.1_22392376,2,1.42420453003435,0.0401693749099891,TRUE
NC_035780.1_22398500,3,-0.64472654920093,-0.016424573620184,FALSE
NC_035780.1_23575652,2,1.02992946317528,0.0433974261427645,TRUE
NC_035780.1_23818494,2,0.442782005030354,0.0632762952106315,TRUE
NC_035780.1_24078909,2,0.972068617724434,0.0616459025058853,TRUE
NC_035780.1_24078931,3,0.542277765725832,0.0332756970940075,FALSE
NC_035780.1_24089934,2,-0.272877413288721,-0.00638979694343585,FALSE
NC_035780.1_24494373,2,1.47202598505066,0.083656359634971,TRUE
NC_035780.1_24637827,3,1.22491948118888,0.0160572384479261,TRUE
NC_035780.1_24752700,3,0.796246690505818,0.0061837682202206,FALSE
NC_035780.1_24756549,3,0.133715846968543,0.0149425494438359,FALSE
NC_035780.1_24797292,2,0.222938090258952,0.0545750072610927,FALSE
NC_035780.1_24807218,3,1.05363523531274,0.0560389887179504,FALSE
NC_035780.1_24826351,3,0.228627983919463,0.0437210929154321,TRUE
NC_035780.1_24826489,3,0.361103936452079,0.03952826356554,TRUE
NC_035780.1_25192127,2,-0.91315949146919,-0.00970451418887817,TRUE
NC_035780.1_25202948,3,0.735690838230267,0.0824179991052616,TRUE
NC_035780.1_25203176,3,0.337609507107579,0.0306263672339513,TRUE
NC_035780.1_25301154,2,0.566940464490676,-0.0110946953100056,FALSE
NC_035780.1_25934158,2,-0.74377344023281,0.0180024965359023,FALSE
NC_035780.1_25957311,2,-1.36327242609854,-0.0341450015497815,TRUE
NC_035780.1_26063315,2,0.246959160850919,0.0244018259750874,TRUE
NC_035780.1_26242776,2,0.477910330350913,0.0395560607341809,TRUE
NC_035780.1_26242948,3,0.824180898794856,0.0518222873642615,FALSE
NC_035780.1_26370867,2,-0.279795387986788,-0.0329290273464403,FALSE
NC_035780.1_26403392,3,1.38923927376627,0.0210422758392928,TRUE
NC_035780.1_26403406,3,1.84571137528783,0.0185461544761752,FALSE
NC_035780.1_26587849,3,-0.397886398103651,-0.0329298502558619,FALSE
NC_035780.1_26641245,3,-0.588286347744826,0.00138238732355529,FALSE
NC_035780.1_26641443,3,0.218750767521605,0.0420547836846317,FALSE
NC_035780.1_26886056,3,-0.0682941873529669,-0.0246791601361993,TRUE
NC_035780.1_27668305,2,-0.699174307181958,-0.000194950333331462,FALSE
NC_035780.1_27795173,3,0.245046100613185,0.0528413933102745,FALSE
NC_035780.1_27798619,3,0.148341677567037,0.0340974859136229,TRUE
NC_035780.1_27798629,3,0.0252830023522106,0.00639927910984486,FALSE
NC_035780.1_27798655,3,0.0547840087469282,0.0122508296102722,FALSE
NC_035780.1_27798656,3,-0.0538839352244524,-0.0166329739919823,FALSE
NC_035780.1_27833517,3,-0.0690705969610766,0.0176539251954307,FALSE
NC_035780.1_27851034,3,-0.135582453365568,-0.0119859855327555,FALSE
NC_035780.1_27851427,2,0.11199652896131,0.0327414706410697,FALSE
NC_035780.1_27851446,2,-0.101230650290044,-0.0266630413223731,TRUE
NC_035780.1_27854732,3,-0.0215448599948289,0.010533627220911,FALSE
NC_035780.1_29904291,3,0.873588991561281,0.017687119188869,FALSE
NC_035780.1_30519224,2,0.00269388601248594,-0.0144094539815774,FALSE
NC_035780.1_30691871,3,0.145319293979838,0.0372668741288357,FALSE
NC_035780.1_30691886,3,0.286224685826678,0.0709057889645897,TRUE
NC_035780.1_30691894,3,0.37947841859466,0.00309320217622852,FALSE
NC_035780.1_30850154,2,0.208020442907082,0.0172686721730193,FALSE
NC_035780.1_31246565,3,0.360657004826977,0.0840588732933986,TRUE
NC_035780.1_31273658,3,0.443902333631557,-0.00574057730854722,FALSE
NC_035780.1_31325492,2,0.274238922139719,0.0587722864317836,TRUE
NC_035780.1_31672604,3,-0.261752876536951,0.00797361121915596,FALSE
NC_035780.1_32273330,2,0.522984246915076,0.120520190043088,TRUE
NC_035780.1_32363479,3,0.387165793992855,0.0112603317021057,FALSE
NC_035780.1_32363950,3,0.396555678194023,0.0295503394390782,TRUE
NC_035780.1_32399018,3,-0.394758999003587,-0.0286374399905256,FALSE
NC_035780.1_32399475,2,0.223595733716433,0.0207350659410117,FALSE
NC_035780.1_33139683,2,-0.0426659573527275,0.0304760362923071,FALSE
NC_035780.1_33460432,3,0.417490203209914,0.0613722005984294,TRUE
NC_035780.1_33460446,2,0.208667232119754,0.0353072904026858,TRUE
NC_035780.1_33525853,3,0.6472087175611,0.0962270132505672,FALSE
NC_035780.1_33922584,3,0.0431521538609608,0.0156701909056345,FALSE
NC_035780.1_37363574,2,0.808088955518847,0.0426224513368322,TRUE
NC_035780.1_38284214,3,-0.15000536855784,-0.00847632406971004,FALSE
NC_035780.1_39347026,3,0.582948898197593,0.0199188949776143,FALSE
NC_035780.1_39816950,3,-0.531770906582836,0.010526281234273,FALSE
NC_035780.1_41731535,3,0.315807843282577,0.0173719981852731,FALSE
NC_035780.1_42733221,3,-0.263512709236108,-0.0165536978154566,FALSE
NC_035780.1_43048576,3,0.149946494583654,0.0367244160592091,FALSE
NC_035780.1_46684551,2,0.688117723417021,0.068505260368299,FALSE
NC_035780.1_46792233,2,-1.50169494099086,-0.0244128500035911,FALSE
NC_035780.1_47055026,3,0.614691614685273,0.126005125248721,TRUE
NC_035780.1_47116571,3,0.195479954319673,0.0470650098292801,FALSE
NC_035780.1_47246171,2,0.676762100924965,0.0775091742194307,TRUE
NC_035780.1_47246176,2,0.479021532283723,0.0553119100428741,TRUE
NC_035780.1_47304766,3,0.305971492149059,0.0690822576679276,TRUE
NC_035780.1_47304864,3,0.135911860207293,-0.0770472154645119,FALSE
NC_035780.1_47394431,3,0.245152065919038,0.0563749449787207,FALSE
NC_035780.1_48529141,3,-0.231040400016517,-0.0451678529032892,FALSE
NC_035780.1_48531640,2,1.7193671773178,0.0475782663462739,TRUE
NC_035780.1_48998762,2,-0.0653090079911701,-0.030973410585412,TRUE
NC_035780.1_49947770,2,0.0569410783461408,0.0493264595465662,TRUE
NC_035780.1_49952164,2,1.13477961828975,0.165689401526566,TRUE
NC_035780.1_53792133,3,-0.381918403719174,-0.104625659685805,FALSE
NC_035780.1_54843111,2,-1.58828740677114,-0.00317268011594246,FALSE
NC_035780.1_55027801,3,1.14818561089689,0.065092663176283,TRUE
NC_035780.1_55038317,2,0.584567589442136,0.0096240290627558,FALSE
NC_035780.1_55038356,2,0.636136779278246,0.0108302281392807,FALSE
NC_035780.1_55377631,3,0.403180675600961,0.0539158860598534,FALSE
NC_035780.1_55395085,3,0.500595451304903,0.119505753688379,FALSE
NC_035780.1_55646379,2,0.654813266008421,0.0632376680471215,TRUE
NC_035780.1_55857939,2,0.870148215713505,0.0603588915398097,TRUE
NC_035780.1_56153939,2,-0.260105858063635,0.0125647382411399,FALSE
NC_035780.1_56155386,2,0.255917471639095,0.0386830378051214,FALSE
NC_035780.1_56649256,2,0.708237286681521,0.0865399273318886,FALSE
NC_035780.1_56886492,2,1.55087552178412,0.0140083367319577,FALSE
NC_035780.1_56913564,2,1.30410515952542,0.112032021231486,TRUE
NC_035780.1_57800352,2,0.0161307562899706,0.00025920134939917,FALSE
NC_035780.1_58094343,2,-0.652908915866539,0.0236253897165222,FALSE
NC_035780.1_58165876,2,0.0493126270846219,-0.00224387306309212,FALSE
NC_035780.1_58181306,2,0.745448206028041,0.118330467047709,TRUE
NC_035780.1_58257160,2,0.0991092065079966,0.00186426965710856,FALSE
NC_035780.1_58257163,2,-0.0583634850353096,-0.00220604300684477,FALSE
NC_035780.1_58257352,2,1.0822810603107,0.0350132437169101,TRUE
NC_035780.1_58941069,2,0.866612903685171,0.0854731293107562,FALSE
NC_035780.1_59718304,2,0.216484251566713,0.0574159161090673,FALSE
NC_035780.1_59723468,3,-0.763988560921916,0.0507827890889037,FALSE
NC_035780.1_60058147,2,2.35467986122974,0.116732721709335,TRUE
NC_035780.1_60058210,2,-0.227793856164484,0.0329770354104665,TRUE
NC_035780.1_60414429,2,-0.604395931788513,-0.0287131305139346,TRUE
NC_035780.1_60632893,2,0.539764826409597,0.0459549295678317,TRUE
NC_035780.1_60632924,2,0.585622963009568,0.0798042958885919,TRUE
NC_035780.1_60632944,2,0.655058841474132,0.101357144021294,TRUE
NC_035780.1_60853968,3,0.276396784300343,0.028317326772399,FALSE
NC_035780.1_60854878,3,-0.0520413567273103,0.0137505405620392,FALSE
NC_035780.1_60854931,2,0.0549819597378258,0.0199335846093974,FALSE
NC_035780.1_61153984,2,0.310649603239794,0.0442387387528949,FALSE
NC_035780.1_61304992,3,-0.0132527482507972,0.0240601289795038,FALSE
NC_035780.1_61305139,2,-0.668653675581852,0.0361156279345086,FALSE
NC_035780.1_62581100,3,0.298379604904402,0.0291833699941575,TRUE
NC_035780.1_62581105,3,0.297626520562595,0.0432728878345025,TRUE
NC_035780.1_62761973,2,-0.164937526139768,-0.0260362181867193,FALSE
NC_035780.1_62762020,2,-0.12056901449869,0.00568533430352158,FALSE
NC_035780.1_62762307,3,0.576966039827793,0.0613367879715224,FALSE
NC_035780.1_62777643,3,0.563562114560754,0.00893400334177058,FALSE
NC_035781.1_643640,2,0.150441479919915,0.0229932753781136,TRUE
NC_035781.1_851815,3,0.0287196490733795,0.00702925364030046,FALSE
NC_035781.1_1101269,3,0.146278969635361,0.024962155340392,FALSE
NC_035781.1_1163009,3,0.39155598082653,0.0658285075310875,FALSE
NC_035781.1_2013247,3,0.00540236025192118,-0.00195219032926947,FALSE
NC_035781.1_2381574,2,0.0563554388330965,0.0588735618178912,FALSE
NC_035781.1_2543661,3,0.119605049921842,0.0306232304003071,FALSE
NC_035781.1_2543722,2,0.153763616928382,0.0109698737145283,FALSE
NC_035781.1_2867560,3,-0.100101637534054,0.00680228447368637,FALSE
NC_035781.1_2984378,2,0.577978734233819,0.00899561324307968,FALSE
NC_035781.1_2984410,2,0.885949733994547,0.0506014563098964,FALSE
NC_035781.1_3196715,2,-0.6853720027932,-0.0275140256300872,TRUE
NC_035781.1_3257955,2,0.107490798735755,0.0266805646977869,TRUE
NC_035781.1_3667502,3,-0.466512990466252,0.00473874645972948,FALSE
NC_035781.1_3667508,3,-0.539450579039357,-0.000791481817233042,FALSE
NC_035781.1_3668206,2,0.477972649067248,0.1312350922146,TRUE
NC_035781.1_4444153,2,-1.48230232791293,-0.0673450148514087,TRUE
NC_035781.1_4872678,3,-0.28762366635726,-0.0622992310658402,FALSE
NC_035781.1_5115634,3,-0.0691061698899441,-0.0173764435907273,FALSE
NC_035781.1_5115670,3,0.0448049662410399,0.00243869146499174,FALSE
NC_035781.1_5179447,3,0.136312215686401,-0.0019435313698339,FALSE
NC_035781.1_5386855,2,0.216754410367646,0.0460378387532024,TRUE
NC_035781.1_5872006,3,-1.56351021755435,-0.0066663830283347,FALSE
NC_035781.1_7363331,3,0.492488127152441,0.0258075583730728,TRUE
NC_035781.1_7363332,3,0.134986095329139,0.00562188005364408,FALSE
NC_035781.1_7487179,3,0.316814056494948,0.0570715067987261,FALSE
NC_035781.1_7487923,2,0.562384439251829,0.0879300837789693,TRUE
NC_035781.1_7487932,2,0.383990191231766,0.0457575798775217,TRUE
NC_035781.1_7487941,2,0.559648969339476,0.0669912103441595,TRUE
NC_035781.1_7913789,3,-0.365211417413031,0.0227363658060376,FALSE
NC_035781.1_8634399,2,0.212056020616183,0.0512661461395944,TRUE
NC_035781.1_8731558,2,-0.297098036780177,0.000182315584168121,FALSE
NC_035781.1_8739144,2,0.0806200186608879,0.0154541010304836,TRUE
NC_035781.1_8739240,2,-0.548540154206438,0.024690786543544,FALSE
NC_035781.1_8739654,2,0.66686373377431,0.10887861312927,TRUE
NC_035781.1_8787364,3,-0.381190334932645,-0.0668600198096052,TRUE
NC_035781.1_8787457,3,0.583210656933057,0.148178577191552,FALSE
NC_035781.1_9144947,2,-0.718982112134186,0.0245549635153259,FALSE
NC_035781.1_9819932,3,-0.337569502030326,-0.0675897481985604,FALSE
NC_035781.1_9820220,3,1.42265276281345,0.0744212155771234,TRUE
NC_035781.1_10989009,3,0.166150030828183,0.019354188354156,FALSE
NC_035781.1_10992444,3,0.249679161330847,0.0321187611361774,FALSE
NC_035781.1_10992450,3,0.496294924400355,0.0381293782246899,FALSE
NC_035781.1_10992459,3,0.852620949849293,0.0399927040519421,FALSE
NC_035781.1_11872545,3,-0.102422711710008,0.02205313405744,FALSE
NC_035781.1_11872598,3,0.256668516209391,0.032210855265597,FALSE
NC_035781.1_11878771,3,0.21590741660372,0.0506304241537952,FALSE
NC_035781.1_11961921,3,0.693943595340491,0.110478572962792,TRUE
NC_035781.1_13224181,2,1.37625360373867,0.0329578233879446,TRUE
NC_035781.1_13686183,3,-0.573640241888596,0.0099591277581465,FALSE
NC_035781.1_13690950,2,0.433197654164057,0.00833115299052079,FALSE
NC_035781.1_14213951,2,-0.50243793345633,0.0220485142167495,FALSE
NC_035781.1_14272306,3,-0.114756283544528,-0.0273867111514043,FALSE
NC_035781.1_14518764,3,-0.38469442830266,-0.0214902254183928,TRUE
NC_035781.1_14678287,2,1.6400009898241,0.0684263475664083,TRUE
NC_035781.1_14793502,2,0.241132648669461,0.0234314620512366,TRUE
NC_035781.1_14794176,2,0.0644551231857921,0.00322551741202026,FALSE
NC_035781.1_14795654,3,0.700338903850698,0.000578911584686881,FALSE
NC_035781.1_14932258,2,0.299931117411397,0.0250488681805808,TRUE
NC_035781.1_15025276,2,-0.118325061816379,0.0140751292900446,FALSE
NC_035781.1_15204165,3,-0.303413074772627,0.0235635451814453,TRUE
NC_035781.1_15204307,2,0.146460744678341,0.0368928591749031,TRUE
NC_035781.1_15229480,2,0.0307639228555495,0.0443372839616769,TRUE
NC_035781.1_15229552,2,0.227266328262895,0.0345084567462319,TRUE
NC_035781.1_15355177,3,-0.217115203567358,-0.0477139324531811,FALSE
NC_035781.1_15355805,2,1.60185584023879,0.0692857360968033,TRUE
NC_035781.1_15455991,3,0.139757141722392,0.0199326468391629,FALSE
NC_035781.1_15461753,3,1.13037424638847,0.0394611260100092,TRUE
NC_035781.1_15466418,2,-1.51434491793257,-0.0340095922153351,TRUE
NC_035781.1_15466421,2,-0.567141888842666,-0.0176570197749326,FALSE
NC_035781.1_15527898,3,-0.157570699313391,-0.0408712992004927,FALSE
NC_035781.1_15534363,3,0.0558267499359656,0.00208550686634994,FALSE
NC_035781.1_15749611,3,0.701630610170748,0.0328009955870718,FALSE
NC_035781.1_15749616,3,-1.03653550956989,-0.0240916616540691,FALSE
NC_035781.1_16007185,2,-0.412629402050375,0.0156693462515679,FALSE
NC_035781.1_16007833,3,0.314452121571432,0.079246570552244,FALSE
NC_035781.1_16030140,2,-0.0151160738537657,-0.020488788848034,FALSE
NC_035781.1_16030326,3,0.30391685216151,0.0273186695539844,FALSE
NC_035781.1_17461033,3,1.28996859647066,0.0289338063372736,TRUE
NC_035781.1_17461159,3,-0.118789584326979,-0.0331629605217376,FALSE
NC_035781.1_18111884,2,-0.45513992575342,-0.0197834819558125,FALSE
NC_035781.1_18119921,3,1.12238958683648,0.0205693987401182,TRUE
NC_035781.1_19675704,3,0.264449144498449,0.0603718847216891,FALSE
NC_035781.1_20342878,3,0.0961972741545314,0.0254702094151803,FALSE
NC_035781.1_20343007,2,-0.574674793115234,0.0206355221244051,FALSE
NC_035781.1_20343021,3,1.90859804278737,0.142478800610606,TRUE
NC_035781.1_20509071,2,0.94263843795361,0.092768671440252,TRUE
NC_035781.1_20672156,3,-1.09467341021193,-0.0358056448062466,FALSE
NC_035781.1_22253237,3,-0.345791203428343,-0.0171157222981298,FALSE
NC_035781.1_22767091,2,-0.19040328437037,-0.0452689779292802,TRUE
NC_035781.1_22840174,2,0.348966961484538,-0.000172973022529005,FALSE
NC_035781.1_22892689,3,0.613252613962093,-0.00348096415852975,FALSE
NC_035781.1_24177808,2,0.927238105691347,0.0406007017448413,TRUE
NC_035781.1_24186589,3,0.160562993432444,0.0341769796168326,FALSE
NC_035781.1_24384198,2,0.278013664299324,0.0331295116631629,TRUE
NC_035781.1_24671946,3,-0.195068569280898,-0.0448264269674983,FALSE
NC_035781.1_25128626,3,-0.124156178819251,0.0257114785044789,TRUE
NC_035781.1_25352616,3,0.300360253109758,0.0444539114320441,FALSE
NC_035781.1_25352908,3,0.0960760975765414,0.00228030870415187,FALSE
NC_035781.1_25352982,2,-0.449940701678705,0.0152400568581122,FALSE
NC_035781.1_25533148,3,0.286972106318376,-0.0540779323927916,FALSE
NC_035781.1_25533706,3,0.186593860348299,0.0419759702793876,TRUE
NC_035781.1_25533707,3,0.3066817373844,0.0655753466743338,TRUE
NC_035781.1_25939827,3,-0.125550473074253,0.00728241285908677,FALSE
NC_035781.1_25939836,3,-0.0769799607833113,0.0129048782600564,FALSE
NC_035781.1_25939903,2,0.152563497813998,0.0230727034968934,FALSE
NC_035781.1_25939929,2,0.102951052519889,0.0162268350778846,FALSE
NC_035781.1_25939975,2,0.0740436703284805,0.00774628997124062,FALSE
NC_035781.1_25940324,3,-0.584888503982154,0.0154045167468925,FALSE
NC_035781.1_26320012,2,-0.046099040510542,0.0617080871990614,TRUE
NC_035781.1_26320137,2,0.987148883685819,0.130944763466861,TRUE
NC_035781.1_26327944,3,0.218454206322511,0.047883831457547,TRUE
NC_035781.1_26327946,3,0.00372390708805134,-0.00669043947158696,FALSE
NC_035781.1_26673098,2,0.258108692660575,0.018040952552472,TRUE
NC_035781.1_27075959,2,1.6740579244754,0.16283895758091,TRUE
NC_035781.1_28910495,2,1.00761028895997,0.0354170051782747,TRUE
NC_035781.1_29316183,2,0.399552783683076,0.0770327671840409,TRUE
NC_035781.1_29482128,2,-0.0589725028217679,0.0025770180432343,FALSE
NC_035781.1_29542955,2,-1.06494224402628,0.0209812987971484,FALSE
NC_035781.1_29545113,2,-0.0893790192168573,-0.0237645165332336,FALSE
NC_035781.1_29743583,3,0.0503907481444763,0.00314158632289849,FALSE
NC_035781.1_29914715,3,-0.272285090393053,-0.0204290006229431,FALSE
NC_035781.1_29914826,3,0.251285944667376,0.0208410743623206,FALSE
NC_035781.1_30154434,2,0.661970439420393,0.144640346367976,TRUE
NC_035781.1_30190245,3,0.305133567987788,0.0616032680881379,TRUE
NC_035781.1_30489645,2,0.177687954353087,0.0348297534377761,TRUE
NC_035781.1_30627634,3,0.494385989831098,0.0847457821312188,TRUE
NC_035781.1_30627702,3,0.652669839468713,0.107090369148305,TRUE
NC_035781.1_30772268,2,0.23406573703323,0.0153074751184685,TRUE
NC_035781.1_31008135,3,-0.042159251965932,0.0291311222833286,TRUE
NC_035781.1_31008139,3,0.516413699906037,0.0739982625653568,TRUE
NC_035781.1_31008159,3,0.211194546610356,0.0283912781154693,FALSE
NC_035781.1_31085735,2,-0.0852120260637022,0.0240035993803353,TRUE
NC_035781.1_31089476,3,-0.148145672555663,0.0689474206838583,TRUE
NC_035781.1_31254759,2,-0.119538319422631,-0.0115708088113762,FALSE
NC_035781.1_31392425,2,1.40585880722746,0.0924187072629975,FALSE
NC_035781.1_31398869,2,0.105502550134485,0.0614761925954724,TRUE
NC_035781.1_33075163,2,-0.0252754363238201,0.00208454420469226,FALSE
NC_035781.1_33629056,3,-0.0623747285094381,0.010780941347084,FALSE
NC_035781.1_33651182,2,-0.478062576841174,-0.0315407123314608,TRUE
NC_035781.1_33677329,2,-1.5781357145203,-0.0338794140541679,TRUE
NC_035781.1_33681601,3,-0.0327562386789663,0.0585212457762123,FALSE
NC_035781.1_33964112,2,0.747358892302464,0.177731041975544,TRUE
NC_035781.1_35184655,2,1.11050877081452,0.263665338851522,TRUE
NC_035781.1_35580716,2,-1.42822680347695,-0.0216999627933395,FALSE
NC_035781.1_36409147,2,-0.263648758183031,0.00552336816527825,FALSE
NC_035781.1_36942663,3,0.150644824324012,0.00757436062820586,FALSE
NC_035781.1_36943105,3,-0.227897950117605,0.0213377045026199,FALSE
NC_035781.1_36943147,3,0.335542667036229,0.0520363031981297,FALSE
NC_035781.1_36943156,3,0.229282734474498,0.0369844564410702,FALSE
NC_035781.1_37439401,2,1.37117449545279,0.160651221520344,TRUE
NC_035781.1_37458446,2,0.483651347351933,0.0381508492180667,TRUE
NC_035781.1_38311231,3,0.700385077135648,0.00916677117909782,FALSE
NC_035781.1_38386990,2,-0.265813193274815,0.049554347214879,TRUE
NC_035781.1_38702449,2,-0.843064996100221,0.0322757672994534,TRUE
NC_035781.1_38702474,3,-0.423005363608579,-0.0493309716376463,FALSE
NC_035781.1_39538331,2,-2.53861933324609,-0.0252625620146133,TRUE
NC_035781.1_39612508,2,-1.11825923698107,0.0166020834474912,FALSE
NC_035781.1_40218835,2,1.83460376940939,0.0364890471525981,TRUE
NC_035781.1_40218836,2,1.79920618662247,0.0350092752535438,TRUE
NC_035781.1_40252169,2,-0.498011941734527,0.00347391690629257,FALSE
NC_035781.1_40474678,3,0.468811201745738,-0.00590308406589953,FALSE
NC_035781.1_41536634,3,0.502272481441653,-0.00150858513880665,FALSE
NC_035781.1_42195939,2,-0.440365419643053,-0.036453036237675,FALSE
NC_035781.1_42214813,3,0.718486038659911,0.127131707016779,FALSE
NC_035781.1_42214854,2,1.09621645996572,0.169646168863256,TRUE
NC_035781.1_42214863,2,-0.208935373932599,-0.0516171704366943,TRUE
NC_035781.1_42388771,3,-0.0420179155987684,0.0296446246582883,FALSE
NC_035781.1_42388837,3,0.392744302802299,0.0769383283969554,FALSE
NC_035781.1_42388844,3,0.304015334100289,0.0742913304572035,FALSE
NC_035781.1_42504153,3,-0.167082398761953,-0.00671770836153566,FALSE
NC_035781.1_42504263,3,0.00288496123459854,0.0484315526903756,TRUE
NC_035781.1_42504632,3,0.340657435553594,0.0874765227035398,FALSE
NC_035781.1_42547252,3,0.0240470126120591,0.00984780133062583,FALSE
NC_035781.1_42547603,2,0.714009594664806,0.00562834265973064,FALSE
NC_035781.1_42803836,2,-0.241932805992172,-0.00617816252620962,FALSE
NC_035781.1_45043534,3,-0.0777969747393231,0.00781336360990109,FALSE
NC_035781.1_45753246,2,0.521020202746708,-0.030774994319669,FALSE
NC_035781.1_46070547,2,-3.22995498851138,-0.0344678546214827,TRUE
NC_035781.1_46289986,3,-0.0587879665332484,-0.00632442525134481,FALSE
NC_035781.1_46291213,3,0.18854155398228,0.0439747032445829,TRUE
NC_035781.1_48602654,3,0.301406131480252,0.0340691467637641,TRUE
NC_035781.1_48602804,3,-0.330123012028512,-0.0150880304409066,FALSE
NC_035781.1_48984125,2,-0.692545709178628,0.0237831541515579,FALSE
NC_035781.1_49141493,3,0.182599463931552,0.0445013052602851,FALSE
NC_035781.1_50297999,3,0.293513918236338,0.0391399573240844,FALSE
NC_035781.1_50345725,3,-0.146551167466942,-0.0309128486690577,FALSE
NC_035781.1_50345817,3,0.536368349181557,0.0478761940505916,TRUE
NC_035781.1_50346013,3,0.159094394499001,0.0221591341521878,FALSE
NC_035781.1_50441943,3,0.499809394702375,0.00922757681104514,FALSE
NC_035781.1_51699628,2,-0.482769763440611,-0.111464299360306,TRUE
NC_035781.1_51700102,2,0.690852010624162,0.11049291107301,TRUE
NC_035781.1_51872750,3,0.175692107777553,0.0342448282577017,FALSE
NC_035781.1_52157714,2,-0.349676189721914,-0.0835789170100997,FALSE
NC_035781.1_52643324,3,0.272181867654036,0.0660446808158582,FALSE
NC_035781.1_52643413,3,0.0443719918073836,0.00908841144192666,FALSE
NC_035781.1_52643419,3,0.0864074342652951,0.0192224505579029,TRUE
NC_035781.1_52644072,3,-0.0502315140819396,-0.00786963771961628,TRUE
NC_035781.1_52644315,3,-0.181534527749623,-0.0135522963632199,TRUE
NC_035781.1_52848016,2,0.703344082541385,0.0372083016425575,TRUE
NC_035781.1_52848042,2,1.44696598766421,0.0116628405523484,FALSE
NC_035781.1_53497699,3,0.578051509863468,0.0558803416246334,TRUE
NC_035781.1_53497708,3,0.387361096765573,0.0906588518438286,TRUE
NC_035781.1_53501866,3,0.531412954876914,0.023944952431166,FALSE
NC_035781.1_54069592,3,0.227528891257751,0.0547510892607943,TRUE
NC_035781.1_54147603,3,0.261287499996093,0.00252297311092386,FALSE
NC_035781.1_54160673,3,0.11388841730203,0.0279518356925794,FALSE
NC_035781.1_54160677,3,0.402861329602453,0.0883318246734731,FALSE
NC_035781.1_54161151,2,-0.0968582040718391,-0.0217008078899599,FALSE
NC_035781.1_54165892,3,1.093393619861,0.14025487625414,TRUE
NC_035781.1_54165925,3,-0.521525253233821,-0.0113491627137706,FALSE
NC_035781.1_54570375,2,-2.19127002773691,-0.0530938769803898,TRUE
NC_035781.1_54586259,2,-0.42821238299166,0.0163679084032849,FALSE
NC_035781.1_54619269,3,0.539257759130835,0.0772558598216738,TRUE
NC_035781.1_54619306,3,0.367040122519595,0.0201857454743537,FALSE
NC_035781.1_54619486,2,0.956223187898532,0.0352076995544131,TRUE
NC_035781.1_54619516,3,0.0567796481325367,0.0244223041224549,FALSE
NC_035781.1_54619961,2,-0.094347849578605,-0.0195327699257842,FALSE
NC_035781.1_55303553,2,-0.108180847674045,0.0247905046265162,TRUE
NC_035781.1_56588083,3,0.162418247493589,0.0396900028162139,FALSE
NC_035781.1_56588220,2,0.127240652240327,0.0125047085864119,FALSE
NC_035781.1_56588221,2,0.112963519628749,0.0119397845229135,FALSE
NC_035781.1_56595249,2,-0.377134742461449,0.0160254271043204,TRUE
NC_035781.1_56595333,3,0.248306417474234,0.0507155526554359,TRUE
NC_035781.1_56851185,3,0.731440073708436,-0.00746759144409755,FALSE
NC_035781.1_56851200,3,-0.0507965523156964,0.0255001248582378,TRUE
NC_035781.1_56862903,3,0.532687188021782,0.0221534593682704,FALSE
NC_035781.1_57981416,3,0.922457449914106,0.0159932969909083,FALSE
NC_035781.1_59060475,3,0.259322232787529,0.0352770905113548,FALSE
NC_035781.1_59099749,2,-0.571877582861586,-0.0661590432892179,TRUE
NC_035781.1_59629165,2,0.988927799405738,0.104932370429191,TRUE
NC_035781.1_60097098,3,0.387003105978432,0.059843423491079,TRUE
NC_035781.1_60558986,3,-0.085383669863954,0.0184695250010407,FALSE
NC_035781.1_60892792,3,-0.234540124905679,-0.0114444152095429,TRUE
NC_035782.1_2583594,3,-0.0622114823709796,-0.0266173269714052,FALSE
NC_035782.1_2902901,3,-0.1131545546335,0.0144797665604665,FALSE
NC_035782.1_3391709,2,0.39192758660479,-0.00732027092501479,FALSE
NC_035782.1_3481777,3,1.25833339078836,0.0329498317452998,FALSE
NC_035782.1_4861648,3,0.340796857559698,0.00631299528964306,FALSE
NC_035782.1_5610624,2,0.310344238222643,0.0462796727907932,FALSE
NC_035782.1_6349892,2,0.445313799284541,0.0302071499021086,TRUE
NC_035782.1_6828789,3,-0.0576538215854744,-0.00551961722591332,FALSE
NC_035782.1_6828857,3,-0.304781677969298,0.000150897443185342,FALSE
NC_035782.1_6860288,3,0.96659253940868,0.00762846167301832,FALSE
NC_035782.1_9839237,3,0.228696510705136,0.0218712358093955,TRUE
NC_035782.1_10095793,2,-0.368683219246847,-0.0632418608710393,TRUE
NC_035782.1_10096985,2,-0.890444865827399,-0.01134693854581,FALSE
NC_035782.1_10096993,3,0.783975058389583,0.0357666813017732,FALSE
NC_035782.1_10097001,3,-1.60745146119817,-0.0270386854980371,FALSE
NC_035782.1_10131905,3,-0.0768554420881987,-0.0320452119033544,FALSE
NC_035782.1_10151522,2,0.111115043477031,0.0258792610278282,FALSE
NC_035782.1_10247143,2,0.10666513984496,0.0107256287821465,FALSE
NC_035782.1_12650434,3,-0.179769626921524,-0.044324972808939,FALSE
NC_035782.1_13812307,3,0.121857398476485,0.0860431717623407,TRUE
NC_035782.1_13894079,2,0.156403235197673,0.034157168702804,FALSE
NC_035782.1_15515881,3,0.19558415592816,0.0607618303485701,FALSE
NC_035782.1_16023357,3,0.215518670926111,0.00468383813743605,FALSE
NC_035782.1_16550303,3,-1.01135104875099,-0.0150195930326689,FALSE
NC_035782.1_16745960,2,2.19286001715597,0.0498752311124957,TRUE
NC_035782.1_17452175,3,0.359034777540882,0.0428834885356796,TRUE
NC_035782.1_17515809,2,1.04198925213704,0.254779960342741,TRUE
NC_035782.1_17515837,3,-0.128940540181905,-0.00813326936303202,FALSE
NC_035782.1_17515838,3,0.150020653288413,0.026070745955404,FALSE
NC_035782.1_17515839,3,-0.0980133000865058,-0.00175336436329987,FALSE
NC_035782.1_17515870,3,0.217616966268693,0.0372053607050214,TRUE
NC_035782.1_18172435,2,-0.244852799433227,-0.00200090190458774,FALSE
NC_035782.1_18388300,3,0.0629031881351472,0.0415143078385177,FALSE
NC_035782.1_18866038,2,1.08884946828444,0.0121778270678329,TRUE
NC_035782.1_19358071,3,0.0574372934664931,0.0125582387958169,FALSE
NC_035782.1_19358112,3,0.0960395440549449,0.017017609254239,FALSE
NC_035782.1_19358139,3,-0.0639543891752825,-0.00598245020563827,FALSE
NC_035782.1_20520642,3,-0.0112520894078935,-0.0112072269951946,FALSE
NC_035782.1_22249442,3,1.67413432325817,0.0407224230930863,TRUE
NC_035782.1_22250215,2,0.0735950002347256,-0.00221168668744887,FALSE
NC_035782.1_22882586,3,0.0622416683755645,0.00661746204061077,FALSE
NC_035782.1_24072284,2,-0.334275459067375,0.00774166897694238,FALSE
NC_035782.1_24626628,3,0.29572374598417,0.0435611321582261,TRUE
NC_035782.1_24626695,3,0.0415990911373751,0.00628757486533318,FALSE
NC_035782.1_24963808,3,-0.195410945509098,0.00382518674211924,FALSE
NC_035782.1_26069341,2,1.21851228565341,0.083149354968562,TRUE
NC_035782.1_26442773,2,0.726084594136195,0.103815632489702,TRUE
NC_035782.1_26505858,3,0.752057111375487,0.16195941358912,TRUE
NC_035782.1_26506049,3,0.186292801532638,0.0240634590581952,FALSE
NC_035782.1_26922140,2,0.235577342858713,0.0580921542609113,TRUE
NC_035782.1_28655651,3,-0.327352591830022,0.0202518278348139,FALSE
NC_035782.1_28655671,3,-0.657787622780648,0.0119028348049944,FALSE
NC_035782.1_29086315,2,0.170243506054284,0.16070744808621,FALSE
NC_035782.1_29101744,3,0.495209225192746,0.121122784869162,TRUE
NC_035782.1_29191265,2,1.00268404546115,0.0238123281600338,TRUE
NC_035782.1_30043664,2,0.157590602436576,0.0674365427149105,FALSE
NC_035782.1_30043960,2,0.0527252286764278,0.012231348104503,FALSE
NC_035782.1_30247756,3,0.0357776723861287,0.0109925803298182,FALSE
NC_035782.1_30247758,3,-0.206889092029711,-0.0419051891547686,FALSE
NC_035782.1_30247888,3,-0.11240515854234,-0.030761714463133,FALSE
NC_035782.1_30316305,3,0.296917018651171,0.0626447968001403,FALSE
NC_035782.1_30340309,3,-0.882634170968636,-0.0638375681120402,TRUE
NC_035782.1_30400578,2,-0.282294040235384,0.033679413669402,TRUE
NC_035782.1_30568691,3,0.103623239272052,0.0108037173677754,FALSE
NC_035782.1_30568939,3,0.00828722300814224,0.0269335396137613,FALSE
NC_035782.1_31260835,3,0.278522735740535,0.0107714933773097,FALSE
NC_035782.1_31313619,3,-0.207782466226716,-0.0380914493307184,FALSE
NC_035782.1_31789635,3,0.5805175029566,0.0383974426553074,FALSE
NC_035782.1_31799823,3,0.156967578293225,0.0304482879066078,FALSE
NC_035782.1_31825054,3,-0.284383023638554,0.0132245149031747,FALSE
NC_035782.1_31919328,3,-1.00675128356252,-0.00949857935397757,FALSE
NC_035782.1_32025520,3,-0.671124782483145,0.00233298309544544,FALSE
NC_035782.1_33542215,2,-0.0708916413899123,-0.00952266802601746,FALSE
NC_035782.1_33542761,2,-0.380990774952505,-0.0130165209099225,FALSE
NC_035782.1_37436477,3,0.366433037236348,-0.011252401775033,FALSE
NC_035782.1_37977553,2,0.51540199696296,0.0753603826482252,TRUE
NC_035782.1_38378487,3,-0.570439902622507,-0.0211441814741873,FALSE
NC_035782.1_38378544,3,0.633009058039031,0.0417910481225672,TRUE
NC_035782.1_38378547,3,0.38687861535439,0.00448989404682226,FALSE
NC_035782.1_38679741,3,-1.41679646803411,-0.0354256213664338,FALSE
NC_035782.1_38679817,3,0.00564336350375557,0.0468771232755799,FALSE
NC_035782.1_38680499,2,0.137144251053089,0.0193628360570137,FALSE
NC_035782.1_38680506,2,0.229180436170768,0.0356677312491189,TRUE
NC_035782.1_38696541,2,0.417684070451426,0.0560005194767128,TRUE
NC_035782.1_40362469,2,-1.27388652322034,0.00639443498079216,FALSE
NC_035782.1_40440586,2,0.629269588596454,0.0788588289455619,TRUE
NC_035782.1_40763312,2,0.466724131925377,0.0954222487977289,FALSE
NC_035782.1_41060194,3,0.073604454073092,0.0079349213363454,FALSE
NC_035782.1_41134378,2,0.692272220701881,0.0244986692346882,FALSE
NC_035782.1_41521210,2,0.167764096670965,0.0283358763741425,FALSE
NC_035782.1_42172961,3,-0.42089978693946,-0.0170793302861472,FALSE
NC_035782.1_43187909,2,1.56220654724641,0.0728947493497709,TRUE
NC_035782.1_45095324,2,-0.0941302933078526,0.0282425654559171,FALSE
NC_035782.1_45412016,2,0.693958531328536,0.158271338233044,TRUE
NC_035782.1_45453585,3,0.0690081885388799,0.0173153458998823,FALSE
NC_035782.1_45854300,3,-0.00556827285148973,0.0119451480803493,FALSE
NC_035782.1_46614478,3,0.39303059899357,0.0601401805018927,TRUE
NC_035782.1_47030429,2,0.589136147481008,0.0318997692862181,FALSE
NC_035782.1_47531124,3,-0.520593727034331,-0.0116070095609941,FALSE
NC_035782.1_48033101,3,0.508349815271696,0.122864257783447,FALSE
NC_035782.1_48033113,3,0.536187708750086,0.12965619762882,TRUE
NC_035782.1_49284105,3,1.09569408385917,0.257828673628777,TRUE
NC_035782.1_49284129,3,0.143183476073746,0.0366251094928747,FALSE
NC_035782.1_49595662,3,0.147503555536567,0.0375896359171346,TRUE
NC_035782.1_49595680,3,0.120908384443817,0.0215172631217185,FALSE
NC_035782.1_49596746,2,0.0480290832622425,0.0144855966563324,TRUE
NC_035782.1_49596773,2,-0.0142957552804777,0.0044800765429712,FALSE
NC_035782.1_49596815,3,-0.127344598281199,-0.0249015916736162,FALSE
NC_035782.1_49596969,2,-0.277710172297262,0.00700968795132745,FALSE
NC_035782.1_49616323,3,0.17146400560183,0.0444497780607591,FALSE
NC_035782.1_49616349,3,0.288989052526026,0.0692883741177829,FALSE
NC_035782.1_49616359,3,-0.217635628404871,-0.0481437800200553,FALSE
NC_035782.1_49616384,3,0.0471377877436507,0.00855866890642718,FALSE
NC_035782.1_49616413,3,-0.118274134548456,-0.0243648335785207,FALSE
NC_035782.1_49622041,3,0.141863423541999,0.00230750805932195,FALSE
NC_035782.1_50103053,2,-0.0265021478473766,-0.0109243313503415,FALSE
NC_035782.1_50103086,2,-0.0542851333179911,-0.0174199658746924,FALSE
NC_035782.1_50474107,3,0.106486267571669,-0.0240673144168047,FALSE
NC_035782.1_50474309,3,-0.337209781849956,-0.00658206875438814,FALSE
NC_035782.1_50884549,3,0.0459101914732465,0.0153572245949757,FALSE
NC_035782.1_51061117,3,0.227160577931785,0.0281441069133007,FALSE
NC_035782.1_51088696,3,-0.165362734748667,-0.0396087007311695,FALSE
NC_035782.1_51259521,2,0.0663571797547051,0.0226535170568532,FALSE
NC_035782.1_51261530,2,-0.2761794367699,0.0296529713824951,FALSE
NC_035782.1_51930663,3,0.0293923367092597,0.00401527900451653,FALSE
NC_035782.1_51930668,3,0.357771061045809,0.0788306425201757,FALSE
NC_035782.1_52113277,3,0.676762041164275,-0.0440975651330002,FALSE
NC_035782.1_52124941,3,0.374398814513968,0.0583521323472006,FALSE
NC_035782.1_52125144,2,0.567005843896872,0.110485768302519,TRUE
NC_035782.1_52295254,3,0.162104511899673,0.0140910172139657,FALSE
NC_035782.1_52408867,2,-0.0902798453857645,-0.017704726096939,FALSE
NC_035782.1_52409914,2,-0.41913127523289,0.0368760998053254,TRUE
NC_035782.1_52470602,2,2.21647036684361,0.0469056154297182,TRUE
NC_035782.1_52615619,2,1.00446761976138,0.0136843475802788,TRUE
NC_035782.1_52759221,2,-0.361573349333148,0.0462484323089989,FALSE
NC_035782.1_52777030,3,-0.455932110824234,0.0486634213936718,TRUE
NC_035782.1_53009372,3,0.309903168660355,0.0562789499695726,TRUE
NC_035782.1_53239121,3,-0.074160487799628,-0.0226480941340626,FALSE
NC_035782.1_53239354,3,0.264026350251297,0.0432676435139668,FALSE
NC_035782.1_53240314,3,0.374200255489144,0.0344789574286015,TRUE
NC_035782.1_53240428,2,0.684929279461328,0.0392955960514772,TRUE
NC_035782.1_53240437,2,0.616664785620076,0.0367852233080908,TRUE
NC_035782.1_53240467,3,0.0766295140221548,0.0145964468690855,TRUE
NC_035782.1_53240729,3,0.0526755806135589,0.0111136270522296,FALSE
NC_035782.1_53241132,2,0.284325778131514,0.0476087220492831,FALSE
NC_035782.1_53241999,2,-0.0634862047060638,0.00451503412831465,TRUE
NC_035782.1_53242069,3,0.442332567890256,-0.00334700888463244,FALSE
NC_035782.1_53352141,2,0.291967014997389,0.047067147754969,FALSE
NC_035782.1_53404865,3,1.03719164968645,0.018746015730193,TRUE
NC_035782.1_53450504,2,0.503667911694916,0.0703058610041455,TRUE
NC_035782.1_53805411,3,-0.293852455571433,-0.0606830964871627,FALSE
NC_035782.1_53805416,3,-0.290695022217729,-0.0533130975210361,FALSE
NC_035782.1_53813582,3,0.838752530062326,0.00760801316644521,FALSE
NC_035782.1_53814996,3,0.0725698976708529,0.00966636985322756,FALSE
NC_035782.1_53914169,3,-0.362295479090593,0.0448506747980615,TRUE
NC_035782.1_53917287,3,-0.187709753088183,0.0323867211866842,FALSE
NC_035782.1_54048810,2,0.574284977057275,0.0487936206321979,TRUE
NC_035782.1_54305299,3,1.06074915142876,0.0458740772258825,TRUE
NC_035782.1_54487556,3,-0.273136848780182,0.0203841194646789,FALSE
NC_035782.1_54788505,3,0.28383100973741,0.094899536323218,TRUE
NC_035782.1_54839967,2,-0.174353389571597,-0.00754017119243202,FALSE
NC_035782.1_54840166,2,-2.12781568536759,-0.0561140006017292,FALSE
NC_035782.1_54840171,2,-2.0750437977319,-0.0614832788933715,FALSE
NC_035782.1_54840318,2,-0.0680887282428053,-0.00433454738189296,FALSE
NC_035782.1_55861259,3,0.0291033384124495,0.0132429982494374,FALSE
NC_035782.1_56129854,2,-0.114830791110528,0.0157256741263166,TRUE
NC_035782.1_56718227,3,0.177150555952426,0.0355103255293572,FALSE
NC_035782.1_57103028,3,-0.189778846261238,-0.0473675242328981,FALSE
NC_035782.1_57138236,2,-0.138086511780206,-0.0139687318077213,FALSE
NC_035782.1_58196359,3,0.403852987002667,0.0975239534873383,TRUE
NC_035782.1_58677480,3,0.285498626195187,0.00162398213126554,FALSE
NC_035782.1_58895501,2,-0.551168434826076,-0.066964483554,TRUE
NC_035782.1_59169397,3,0.566983307571945,0.028544065066916,FALSE
NC_035782.1_59294783,3,-0.0109002005769159,-0.00062095755518797,FALSE
NC_035782.1_60938144,2,-0.165829998475417,-0.0063486691244099,FALSE
NC_035782.1_61292582,3,0.216908971230866,0.0436415575659922,TRUE
NC_035782.1_61292824,3,0.123409321634504,0.028057110569447,FALSE
NC_035782.1_61293962,3,0.126108450288741,0.0291255363572974,FALSE
NC_035782.1_61294148,3,0.0458564352169102,0.00877320922449327,FALSE
NC_035782.1_61294562,3,0.030337583081394,0.00698398885672357,FALSE
NC_035782.1_61304690,3,0.130233653541904,0.0302321576808095,FALSE
NC_035782.1_61703739,2,-0.614169887317787,0.0325491974170234,FALSE
NC_035782.1_61714858,3,-0.315842520202446,0.0121014206912955,FALSE
NC_035782.1_61715005,2,1.3351411080814,0.0360531384305303,TRUE
NC_035782.1_62205481,3,0.478656813565909,0.0105117534906541,FALSE
NC_035782.1_63385215,2,0.621672655317358,0.144689645396703,TRUE
NC_035782.1_63385233,3,0.187364173425956,0.0392959213819016,FALSE
NC_035782.1_63385247,3,0.271333254700992,0.0450340885479722,TRUE
NC_035782.1_63460235,2,0.508297512164623,0.0924324438873435,FALSE
NC_035782.1_64567605,2,0.0791495521759575,-0.0010407462145133,FALSE
NC_035782.1_64702720,2,0.348232678072984,-0.00112469750857287,FALSE
NC_035782.1_64702721,2,-0.639235419219154,-0.149770538088165,TRUE
NC_035782.1_64828492,2,0.507706264977282,0.102141443221291,TRUE
NC_035782.1_64885926,3,-0.0552027139325751,-0.0235125365809106,FALSE
NC_035782.1_64886034,3,0.431966676588042,0.0625881997418179,TRUE
NC_035782.1_64889142,3,-0.0370258928346335,0.00687299587892498,FALSE
NC_035782.1_65428478,3,-1.03192507198168,-0.00863102095904008,FALSE
NC_035782.1_65446752,2,2.3118111941299,0.0733338890309692,TRUE
NC_035782.1_67287295,2,0.226129658248229,0.00884038520709942,FALSE
NC_035782.1_67287407,3,-0.0721623884228152,-0.0119702118774652,FALSE
NC_035782.1_67456156,2,0.424821483132335,0.0898902295112849,TRUE
NC_035782.1_67456591,2,0.193425170361821,0.0609131152413007,FALSE
NC_035782.1_67502714,2,0.757761461987751,0.0235664536674551,FALSE
NC_035782.1_67503497,2,1.04833397850042,0.0340795990587432,TRUE
NC_035782.1_67503849,2,1.21301373466157,0.0420791094329658,TRUE
NC_035782.1_67503988,2,-0.563298010020987,-0.000773606778870183,FALSE
NC_035782.1_67504195,3,0.780474736460822,0.0693168796078166,TRUE
NC_035782.1_67568695,3,1.05029202531043,0.0171354294577927,TRUE
NC_035782.1_68199835,2,-0.930313688840308,0.00403078280574188,FALSE
NC_035782.1_68639810,3,-0.149370340466057,0.0382818795338074,FALSE
NC_035782.1_68641094,3,-0.83869245796746,-0.00384456704013498,FALSE
NC_035782.1_68702210,3,0.235691072289081,0.0084010009019288,FALSE
NC_035782.1_69900349,3,-0.308336199408309,0.010027282660618,FALSE
NC_035782.1_70197207,3,0.0411125182999541,0.0121456366216773,FALSE
NC_035782.1_70554852,2,1.60657088234155,0.0626971875477025,TRUE
NC_035782.1_70690936,3,0.463859599563686,0.104577938757456,TRUE
NC_035782.1_71111922,2,1.01285013911887,0.0428746157259569,FALSE
NC_035782.1_71468428,3,1.53016406780277,0.0383433370243781,FALSE
NC_035782.1_73460834,3,-0.0645268086497389,-0.00538837425105015,FALSE
NC_035782.1_74018248,2,0.163160992736383,0.013168325889228,FALSE
NC_035782.1_74018258,2,-1.22942043367799,-0.0363671814798734,TRUE
NC_035782.1_75039306,2,0.268491243794616,0.0624268653056086,TRUE
NC_035783.1_1274083,2,0.388300086538763,0.0543890049661004,FALSE
NC_035783.1_1381704,3,-0.0389492982243156,-0.00631438837972176,FALSE
NC_035783.1_1381927,2,-0.210837442115807,0.0225789358198453,FALSE
NC_035783.1_1489526,3,0.805111494108204,-0.0185802043468247,FALSE
NC_035783.1_1682243,2,0.666178175521932,0.107114179383825,TRUE
NC_035783.1_1732230,3,0.631653990101405,0.0438786298127881,FALSE
NC_035783.1_1732663,3,0.214588585495055,0.0443668199221733,FALSE
NC_035783.1_2284366,2,-0.654882151010096,-0.0460283819659609,TRUE
NC_035783.1_2284543,2,-1.04958556664793,-0.0239699569151466,TRUE
NC_035783.1_3307795,2,0.288875006055435,0.0236635363146248,FALSE
NC_035783.1_3808851,3,0.0984953434248538,0.0317328804876489,TRUE
NC_035783.1_4767360,3,0.251615576160564,0.0396524623050037,TRUE
NC_035783.1_5914854,3,-0.128320755879174,-0.0120021517593454,FALSE
NC_035783.1_5914857,3,0.00763614248202779,0.00876499609849873,FALSE
NC_035783.1_8510692,2,1.84215523682757,0.00554767811458623,FALSE
NC_035783.1_8785734,3,0.807174952670107,0.0190066067951534,FALSE
NC_035783.1_8785808,3,0.286205255488494,0.0231333948627049,FALSE
NC_035783.1_8799934,2,0.441061790357637,0.00432284215139742,FALSE
NC_035783.1_8800083,3,0.192068910513187,0.0287914449521173,FALSE
NC_035783.1_8800089,2,0.169844175010718,0.024022104626056,FALSE
NC_035783.1_9295153,2,0.435248511539359,0.0852802031359164,TRUE
NC_035783.1_9369115,2,-1.1629338194037,-0.108134399523417,TRUE
NC_035783.1_9592300,2,0.0617729866852678,0.00781600644311077,TRUE
NC_035783.1_10536993,3,-0.602086688134461,-0.0376209091198515,FALSE
NC_035783.1_10572445,3,0.775666549650628,0.1069739616254,TRUE
NC_035783.1_10943844,2,0.397624949496107,0.0331384535486228,TRUE
NC_035783.1_11137100,2,-1.02463696486176,-0.00804066751988808,FALSE
NC_035783.1_11910912,2,0.738549131512157,0.0165838844305549,FALSE
NC_035783.1_11910915,2,0.772994652271232,0.0220557400422335,FALSE
NC_035783.1_12171397,2,0.134265371961519,0.0184788247649527,TRUE
NC_035783.1_13118258,3,0.710057246806292,0.0311566723568527,TRUE
NC_035783.1_13630929,3,-0.58281858850841,-0.0358196265583714,FALSE
NC_035783.1_13696438,3,0.749201419642435,0.0159162980079801,FALSE
NC_035783.1_14123997,2,-1.53327745081971,-0.0187218048146496,FALSE
NC_035783.1_14126152,3,0.572693512738351,0.0266956062224954,FALSE
NC_035783.1_14127246,3,0.00016199732773709,-0.0252387762708666,FALSE
NC_035783.1_16287622,3,-0.896879115790961,0.0333330005568735,FALSE
NC_035783.1_16620983,2,-0.612349633350121,-0.0058163027840552,FALSE
NC_035783.1_17229812,3,0.180357258039824,0.0250806645628015,FALSE
NC_035783.1_17229849,3,0.149918944313029,0.0296529115076112,TRUE
NC_035783.1_17229863,3,0.279493735388377,0.0301061857954143,TRUE
NC_035783.1_17230040,2,0.153438830953247,0.0205151704576829,FALSE
NC_035783.1_17230384,3,0.26313613730899,0.022260898768715,FALSE
NC_035783.1_18683241,3,0.781199700898737,0.0337655475357467,TRUE
NC_035783.1_18835662,3,0.287076618359614,0.0701418712364645,FALSE
NC_035783.1_19020381,2,-0.118617490187126,-0.0334830891930406,FALSE
NC_035783.1_19112261,2,1.92643596291286,0.0670557962857246,FALSE
NC_035783.1_19227734,2,0.768095368364422,0.015896769373556,TRUE
NC_035783.1_19550350,3,-0.180546501848921,0.044365563078436,FALSE
NC_035783.1_19551758,2,-0.303282838753828,-0.0455327702289601,TRUE
NC_035783.1_19814036,2,0.579786336160574,0.108852700552443,TRUE
NC_035783.1_19832581,2,-0.117828037155767,-0.0322979909493587,FALSE
NC_035783.1_19841780,3,0.993967501270071,0.0429243221959337,FALSE
NC_035783.1_19849082,2,-0.223237952152527,0.0399348438585341,TRUE
NC_035783.1_20018616,3,0.10894494549091,0.00143092113378678,FALSE
NC_035783.1_20043057,2,1.16216886561562,0.0299461737364042,TRUE
NC_035783.1_20052557,3,0.621224977912648,0.0392725021214378,FALSE
NC_035783.1_20482835,3,-0.401403679156075,0.00728717840736876,FALSE
NC_035783.1_21008765,3,0.860105320724093,0.10447533042753,TRUE
NC_035783.1_21008900,2,0.226951241515915,-0.0155930974819663,FALSE
NC_035783.1_21008902,2,0.143560926568532,-0.0255211844428879,FALSE
NC_035783.1_21008956,2,0.110376224214137,-0.0147569809934963,FALSE
NC_035783.1_21034639,3,0.267244334733877,0.0439430390879827,TRUE
NC_035783.1_22530501,3,0.173498618974359,0.0173393427620615,FALSE
NC_035783.1_22600831,3,0.220790575028542,0.0468081293810079,FALSE
NC_035783.1_22933980,2,-1.84957995752041,0.0481314107150999,TRUE
NC_035783.1_23137779,3,-0.038507008359498,0.00358357156233843,FALSE
NC_035783.1_23139207,2,0.0613698694356755,0.0356070686606741,TRUE
NC_035783.1_23565352,3,0.26176820462815,0.0322046837353627,FALSE
NC_035783.1_23691872,2,0.108686144039182,0.0470935531118504,FALSE
NC_035783.1_23888625,2,0.656640657701191,0.045562045060747,TRUE
NC_035783.1_24618032,2,0.996945472371197,0.0441049755587103,TRUE
NC_035783.1_24925518,2,0.408899086160281,0.0945949723759228,TRUE
NC_035783.1_25285436,3,-0.971071985669277,-0.000517731992333473,FALSE
NC_035783.1_26877323,3,0.0968707342125189,0.025194246398819,FALSE
NC_035783.1_27076420,2,0.288831696814841,-0.0386933506251322,FALSE
NC_035783.1_27076522,2,0.274555185233379,0.037250966387752,TRUE
NC_035783.1_27316359,2,-0.591750053600876,0.0164712825737961,TRUE
NC_035783.1_27390097,3,0.0725105029622045,0.017497499435615,FALSE
NC_035783.1_27390138,3,0.343947010865923,0.0653784092759758,TRUE
NC_035783.1_27390170,2,0.399449114272624,0.0438095142432264,TRUE
NC_035783.1_27815822,3,-0.0577866903126025,-0.0198588235582884,FALSE
NC_035783.1_28271776,3,1.68696424504872,0.0515563384385919,TRUE
NC_035783.1_28344874,2,-1.33432650369812,-0.00890432606490465,FALSE
NC_035783.1_28573496,3,-0.00293084967611434,-0.00187932881064725,FALSE
NC_035783.1_28655023,2,0.51205890639298,0.1209517340627,TRUE
NC_035783.1_28679770,3,-0.506129295543499,-0.0175339388162316,FALSE
NC_035783.1_28741689,2,0.00551235240758868,-0.00320064195684083,FALSE
NC_035783.1_28787445,3,9.26838262648166e-05,-0.00710055551680229,FALSE
NC_035783.1_28787605,3,-0.00700097285879936,0.000680665794305146,FALSE
NC_035783.1_28787612,3,0.301455642616082,0.0421146556094259,FALSE
NC_035783.1_29118307,3,0.449729148009306,0.0940964475265944,FALSE
NC_035783.1_29118374,3,-1.99474464714949,-0.0187090284348296,FALSE
NC_035783.1_29118538,3,0.0207599312692774,0.013734733605583,FALSE
NC_035783.1_29202356,2,1.34219085062054,0.0493316524056738,TRUE
NC_035783.1_30269978,3,0.067897071463565,0.00150855610742782,FALSE
NC_035783.1_30270014,3,0.198120322759603,0.039023850750017,TRUE
NC_035783.1_30669122,2,1.12333226660715,0.152886473896753,TRUE
NC_035783.1_30669191,3,0.530313968152968,0.0588202794812314,TRUE
NC_035783.1_30669197,3,0.359102063135512,0.0453981244775697,TRUE
NC_035783.1_32175548,3,0.195975310346143,0.00137067164003801,FALSE
NC_035783.1_32177087,2,-0.0592142400365416,-0.0129830889915735,TRUE
NC_035783.1_32390550,2,0.14564310573535,0.00789697896516304,FALSE
NC_035783.1_33271602,3,-0.0176098948846004,0.0453749445352338,TRUE
NC_035783.1_34267780,2,1.13235379024754,0.0832283614350023,TRUE
NC_035783.1_34267856,3,0.805751008278275,0.0287886445443577,FALSE
NC_035783.1_35080555,3,-0.493912056034847,-0.0199499630529838,FALSE
NC_035783.1_35141127,3,-0.19774624852275,-0.042531087286566,FALSE
NC_035783.1_35141301,2,-1.20014792795382,0.00838848981287929,FALSE
NC_035783.1_35545321,2,0.565469165998671,0.113423923361817,FALSE
NC_035783.1_35575977,2,-1.35865985504206,0.00948633575611358,TRUE
NC_035783.1_35781706,3,1.30621548225793,0.0503918592171879,FALSE
NC_035783.1_36116477,2,0.43168602428946,0.022926291589966,FALSE
NC_035783.1_36287688,2,1.32215516481742,0.0314661283583023,TRUE
NC_035783.1_36362492,2,-0.641020733237312,0.0383748125006672,TRUE
NC_035783.1_36362633,2,-0.74211173033382,-0.00217834646636935,FALSE
NC_035783.1_36372058,2,1.8543384403599,0.0365438085959511,TRUE
NC_035783.1_36679481,2,0.24732868209675,0.041662551200288,TRUE
NC_035783.1_36679822,2,0.524637373617676,0.0751704470041451,TRUE
NC_035783.1_36964561,2,0.403938606358091,-0.00160272594883742,FALSE
NC_035783.1_37002839,3,0.00786182629941573,0.00625106123011437,FALSE
NC_035783.1_37503121,3,0.942373767792855,0.0891673019871085,TRUE
NC_035783.1_39721145,2,-0.601184896894568,-0.0195982131467455,TRUE
NC_035783.1_40639791,3,0.586130798144532,0.0214749818845196,FALSE
NC_035783.1_40639825,3,0.778110929949253,0.0164522563114483,FALSE
NC_035783.1_40716754,3,0.169647412428646,0.0172034317039516,FALSE
NC_035783.1_41296211,3,0.284567300584007,-0.0216149889933062,FALSE
NC_035783.1_41424284,3,-0.788912110876701,-0.0045823087722764,FALSE
NC_035783.1_41485779,2,1.02743143462217,0.0226982714416569,TRUE
NC_035783.1_41599325,2,-0.00977832950609642,0.0572833807170512,TRUE
NC_035783.1_42334704,3,1.39778689149927,0.0430851631568743,TRUE
NC_035783.1_42334807,3,0.0598422744172702,0.00363678272950553,FALSE
NC_035783.1_42335722,3,-0.210162219466988,0.00909404958920804,FALSE
NC_035783.1_42335796,2,1.53908568594173,0.0756553345904047,TRUE
NC_035783.1_42341430,3,-0.301838299336611,0.00714904426752031,FALSE
NC_035783.1_42341580,3,-0.372014724843425,-0.0222507776098479,FALSE
NC_035783.1_42342229,3,0.035788938121551,-0.000309358728889549,FALSE
NC_035783.1_42345489,3,0.183736262069383,0.0323386838256805,FALSE
NC_035783.1_42347598,3,0.0504827311824842,9.6558561153305e-05,FALSE
NC_035783.1_42438293,2,0.663226148912399,0.146270862399468,TRUE
NC_035783.1_42521135,3,0.226977732613674,0.053629324841135,FALSE
NC_035783.1_42607992,2,2.65981965450095,0.0216020745683608,FALSE
NC_035783.1_42712750,2,0.173387873574796,0.0537417367691691,FALSE
NC_035783.1_42713278,3,-0.106943967716971,-0.0278718402082123,FALSE
NC_035783.1_42717363,2,0.600680167878172,0.0946503717574481,TRUE
NC_035783.1_42943216,2,0.0286743641788678,0.0134919811426437,FALSE
NC_035783.1_43063628,2,0.377001752198961,0.0256105569202038,TRUE
NC_035783.1_43713490,3,1.22189581152746,0.0627267083192379,TRUE
NC_035783.1_44976138,2,0.193181030841047,-0.0139643976095583,FALSE
NC_035783.1_44995869,3,1.22069740820139,0.0379427045077407,FALSE
NC_035783.1_44995919,3,0.11779525015476,0.00620483405714132,FALSE
NC_035783.1_45106043,2,2.93925692559163,0.0173564318979073,TRUE
NC_035783.1_46365481,3,-0.0406903600302572,-0.0113709309120836,FALSE
NC_035783.1_46369932,3,0.349764950069328,-0.0463267207445658,FALSE
NC_035783.1_46372984,2,-0.477970904860658,-0.00865604832133512,TRUE
NC_035783.1_46373095,3,0.399501973679927,0.013733592928522,FALSE
NC_035783.1_46373158,3,0.553737961193814,0.0952785110692645,FALSE
NC_035783.1_46373176,3,-0.226368972493943,0.0130532988844694,FALSE
NC_035783.1_46373201,3,0.603185337432399,0.126795237703849,TRUE
NC_035783.1_46373262,2,-0.0207609538578931,0.100217938796457,FALSE
NC_035783.1_46398230,2,0.382328773375868,0.00314443403508684,FALSE
NC_035783.1_46737322,2,1.36660457532237,0.0690012403140431,TRUE
NC_035783.1_46804221,2,-0.794418138964299,-0.0279822886779385,FALSE
NC_035783.1_49368651,2,2.05591095560373,0.0509080230641971,TRUE
NC_035783.1_49372961,3,0.260701753090963,0.0454582597007356,TRUE
NC_035783.1_49373273,3,0.364358663759806,0.0862537012568594,FALSE
NC_035783.1_49881397,3,0.621710207325523,0.0760647651333423,TRUE
NC_035783.1_49910685,2,1.21793146430933,0.0314454580680315,TRUE
NC_035783.1_49912963,3,0.190740210108073,-0.0121945043002873,FALSE
NC_035783.1_49913403,3,0.0727838008542775,0.0308147066286232,TRUE
NC_035783.1_49914795,3,-0.622119227169077,-0.0016796104860155,FALSE
NC_035783.1_50322456,3,0.0573858947083424,0.00945689414375634,FALSE
NC_035783.1_50322462,3,-0.057691402717158,-0.0133796766978036,FALSE
NC_035783.1_50322903,3,0.974862547700438,0.0324268016942142,TRUE
NC_035783.1_50930434,3,-0.331670654944072,0.00818447695461962,FALSE
NC_035783.1_51360578,2,0.261176417275216,0.0525418919742218,FALSE
NC_035783.1_52362704,3,0.349347604217177,0.0147352666648535,FALSE
NC_035783.1_53415755,3,-0.0403802523101579,-0.00386196909562958,FALSE
NC_035783.1_53417098,2,-0.881872392837586,-0.0272120554305139,TRUE
NC_035783.1_53477115,3,0.00219878107348078,-0.00869625978454162,FALSE
NC_035783.1_55107954,2,-0.0217189933703678,0.012675957275327,TRUE
NC_035783.1_55151282,2,0.645721035000538,0.0721608838220818,FALSE
NC_035783.1_55565612,3,-1.36185995237268,-0.0611094587621738,FALSE
NC_035783.1_55872214,3,-0.259601949949249,-0.00600404852168623,FALSE
NC_035783.1_56121636,3,0.245866696702304,0.0327366390898527,FALSE
NC_035783.1_56865506,2,0.628555927657626,0.142661275408919,TRUE
NC_035783.1_57038822,3,0.514257278816597,0.0909397808546032,FALSE
NC_035783.1_57042277,2,-0.884833514106216,0.0142995009470913,TRUE
NC_035783.1_57159645,2,0.13965590830572,0.0223311069015367,FALSE
NC_035783.1_57408772,3,-0.0832140000013203,-0.0116239622452345,FALSE
NC_035783.1_57841545,2,0.394312281389381,0.0267786157027851,TRUE
NC_035783.1_57841575,2,0.080467953488904,0.0431919096815411,TRUE
NC_035783.1_58112585,2,-0.00486251657841191,-0.0563246767340019,TRUE
NC_035783.1_58525962,3,0.219349289316245,0.0364487109357957,FALSE
NC_035784.1_925103,3,0.442805249331189,0.109957787139132,FALSE
NC_035784.1_1004858,2,0.446505095645642,0.0659813677883451,TRUE
NC_035784.1_1006159,3,0.077088915597643,0.0174723337205678,FALSE
NC_035784.1_1548575,3,-0.0823019055184575,-0.0248771208111418,FALSE
NC_035784.1_1651946,2,1.10228615762872,0.0488609360697006,FALSE
NC_035784.1_1884244,3,-1.0227531245311,-0.0161053094383582,FALSE
NC_035784.1_2010688,2,0.460647325205761,0.0402914266228988,TRUE
NC_035784.1_2379758,3,-0.60894317190958,-0.0225182388955257,TRUE
NC_035784.1_2577783,3,0.356897922414349,0.0209088570638444,TRUE
NC_035784.1_2577832,3,0.395828719421906,0.0322262895170825,FALSE
NC_035784.1_2577915,3,0.0753521060254232,-0.00341361652028774,FALSE
NC_035784.1_2789865,3,-0.155370915109019,-0.0396641779874877,FALSE
NC_035784.1_3179672,3,0.89114191630121,0.0466640504721111,TRUE
NC_035784.1_3208122,2,0.492977642813487,0.069852201866326,TRUE
NC_035784.1_3208261,3,0.12269718371681,0.0383364903631747,FALSE
NC_035784.1_3208454,3,-0.736761664950637,-0.0125957302810486,FALSE
NC_035784.1_3260691,2,2.06398249483731,0.0898298301268763,TRUE
NC_035784.1_3260807,2,0.297679870029343,0.0324374485532465,TRUE
NC_035784.1_3260819,2,0.542366014410678,0.0389474164105754,TRUE
NC_035784.1_3590040,2,-0.326828955584748,-0.0153977115271786,FALSE
NC_035784.1_3590041,2,-0.278200099525499,-0.00636347288288634,FALSE
NC_035784.1_3893648,3,0.435210883024308,0.00482445079591256,FALSE
NC_035784.1_3893666,3,0.662763958101678,0.0262443381476857,FALSE
NC_035784.1_3893677,3,0.22029849151755,0.011230191010275,FALSE
NC_035784.1_4396804,3,0.0665011232572162,0.0138382208902714,TRUE
NC_035784.1_4398274,3,-0.27833955528686,-0.0629212865793906,TRUE
NC_035784.1_5217841,2,0.645590676634386,0.155317011974397,TRUE
NC_035784.1_5652660,3,0.180174448821149,-0.00720514169390517,FALSE
NC_035784.1_6893376,3,-0.29111710749104,-0.0177011518560223,FALSE
NC_035784.1_6897306,3,-0.0623483266356162,-0.0178154222013655,FALSE
NC_035784.1_7098862,2,0.676019952038458,0.156388178711135,TRUE
NC_035784.1_7304633,2,0.0972741991269848,0.0220657469563052,TRUE
NC_035784.1_7310576,2,-0.493080963056281,0.0634036329966141,TRUE
NC_035784.1_7310581,2,-0.180341753059863,0.129353692171124,TRUE
NC_035784.1_7310595,2,-0.462986713138945,0.0626936042742024,TRUE
NC_035784.1_7344370,2,-0.0790554258848456,-0.0150919012248568,FALSE
NC_035784.1_7344693,3,0.216999287250256,0.0429046552874997,TRUE
NC_035784.1_7652381,2,-1.06065674805877,-0.102273004307277,FALSE
NC_035784.1_7863388,3,0.4988981060192,0.0894286066390633,TRUE
NC_035784.1_8270663,2,0.608562332117001,0.00570433430464063,FALSE
NC_035784.1_8482483,3,0.0368561460849744,0.0121238567383212,FALSE
NC_035784.1_8483835,3,0.27319573303213,0.0548775097622432,TRUE
NC_035784.1_8616236,3,1.830531608894,0.0200878449825754,TRUE
NC_035784.1_8771927,2,0.194816121707727,0.00207756704597804,FALSE
NC_035784.1_9355715,2,-0.990095360452663,-0.0149611488822937,TRUE
NC_035784.1_10925092,3,0.435701263091995,0.0429802110484422,FALSE
NC_035784.1_12078516,3,0.0334057073757537,-0.0147010834143399,FALSE
NC_035784.1_12080107,3,0.208985221359785,0.00264534927266412,FALSE
NC_035784.1_12387269,3,0.331377219043697,0.0734080887500319,FALSE
NC_035784.1_12387344,3,0.147551437758449,0.0396957518897215,TRUE
NC_035784.1_12414997,3,-0.161133408777323,-0.0154048504714322,FALSE
NC_035784.1_12414998,3,1.4008529256395,0.0331504193152615,FALSE
NC_035784.1_12578455,2,0.93803928206002,0.0108737927214176,TRUE
NC_035784.1_12681743,3,0.284343045053098,0.040263650937871,TRUE
NC_035784.1_12681792,3,0.442539489056014,0.0793449845604688,TRUE
NC_035784.1_13206819,2,0.280935749567492,0.0190677933530418,TRUE
NC_035784.1_13206981,3,0.454515574254518,0.0991839310983829,FALSE
NC_035784.1_13295370,2,0.763201942552007,0.168383496563115,FALSE
NC_035784.1_13437511,3,0.0174735916177023,-0.002470931339755,FALSE
NC_035784.1_13968828,3,-0.0560742591443334,-0.0136733811737106,FALSE
NC_035784.1_13969211,3,0.228277164009047,-0.00343389414175999,FALSE
NC_035784.1_14257321,2,0.122259565766328,0.020660104070731,FALSE
NC_035784.1_14813825,3,0.292403135999641,0.0530238714691187,TRUE
NC_035784.1_15263773,2,0.462841360256604,0.086202162247271,TRUE
NC_035784.1_15263852,3,-0.0492523635857433,-0.00769595121260161,TRUE
NC_035784.1_15263911,3,0.0562421886788047,-0.0176956926640937,FALSE
NC_035784.1_15264003,3,0.710629379247194,0.161877520477333,TRUE
NC_035784.1_15264108,2,1.25514337198188,0.269638815504042,TRUE
NC_035784.1_15264216,2,-0.880261221917341,-0.0931333851132568,TRUE
NC_035784.1_15399382,2,0.387438840644262,0.0929195732583934,TRUE
NC_035784.1_16308085,3,-0.216371167043033,-0.0418089669490216,TRUE
NC_035784.1_16443222,2,-1.97236976933671,-0.0055200195520131,FALSE
NC_035784.1_16551498,3,0.229295999707428,0.0396466494454008,FALSE
NC_035784.1_16553671,2,0.868957895255974,0.0319406145125871,TRUE
NC_035784.1_16553689,3,0.075493441943398,0.0350298180003283,FALSE
NC_035784.1_16553696,2,0.49317035949914,0.025277489073293,FALSE
NC_035784.1_16553727,2,-0.31923615938071,0.041831358305086,TRUE
NC_035784.1_16598697,3,0.354988258528014,0.0626276090365468,FALSE
NC_035784.1_17424068,2,0.158038791297451,0.0112478975268332,FALSE
NC_035784.1_18765295,3,0.221732231745008,0.0313799986531023,FALSE
NC_035784.1_18840977,2,-0.363077137959067,-0.0443043220468284,FALSE
NC_035784.1_18983638,2,2.12997159621622,0.0874835676495227,TRUE
NC_035784.1_21091299,3,-0.534864574002991,-0.0328848834826601,FALSE
NC_035784.1_21635162,2,1.02831357940688,0.0397176264059425,FALSE
NC_035784.1_21690456,2,0.542742514866742,0.13008172602012,TRUE
NC_035784.1_21690473,3,0.278299151399027,0.0690015244836132,FALSE
NC_035784.1_21690645,3,0.286533552554805,0.0629294545101568,TRUE
NC_035784.1_23281601,3,0.0769180985142142,0.0146462963422442,TRUE
NC_035784.1_23438944,3,-0.859778512256218,-0.022907590574861,TRUE
NC_035784.1_23453487,3,0.34110928943809,0.0714417373610554,TRUE
NC_035784.1_25100933,2,-0.174357545980431,-0.0284273016322801,TRUE
NC_035784.1_25206221,3,-0.0307301742266673,0.0244029378807709,FALSE
NC_035784.1_25587026,2,2.10323781721031,0.00745458290873182,FALSE
NC_035784.1_25587359,2,1.64796007979819,0.0328933204936226,TRUE
NC_035784.1_26997076,2,0.400634760283082,0.065680707085981,FALSE
NC_035784.1_27720019,3,-0.301120197718835,0.00833629405026251,FALSE
NC_035784.1_27818098,3,0.0842472030023719,0.0282084782094669,FALSE
NC_035784.1_27838523,2,2.62250288971939,0.070163851231857,FALSE
NC_035784.1_27838569,2,0.501068207663927,0.0292327446656668,FALSE
NC_035784.1_28018763,2,-0.458696777859138,-0.00918183732165333,TRUE
NC_035784.1_28065131,3,-0.190025915566097,0.019385453621667,FALSE
NC_035784.1_28065132,3,-0.245631197397423,0.0105187776644239,FALSE
NC_035784.1_28584969,3,0.460653077120581,0.0567564194049551,FALSE
NC_035784.1_28700252,2,0.953042221774924,0.0806655653497429,TRUE
NC_035784.1_29462602,3,-0.965242313387271,-0.020676249143528,FALSE
NC_035784.1_29704099,2,0.687370561339825,0.149913674332841,TRUE
NC_035784.1_29704100,2,0.974213782523375,0.215934986263232,TRUE
NC_035784.1_31115400,3,-0.202149812158772,-0.0486232111105986,FALSE
NC_035784.1_31968193,2,1.80578957979736,0.14153897635993,TRUE
NC_035784.1_31968199,2,-0.458461426577737,0.0219040767316436,FALSE
NC_035784.1_32631109,3,1.08012111020672,0.101681800378824,TRUE
NC_035784.1_32769358,3,0.32001605775521,0.0257607248301744,FALSE
NC_035784.1_32787901,2,0.221103208429498,0.0572748664569283,FALSE
NC_035784.1_33738595,3,0.134657152487599,0.0223783392795218,FALSE
NC_035784.1_33796581,3,0.0481425450262694,0.0156828420084461,FALSE
NC_035784.1_33796582,3,0.522231880236616,0.0400063474183257,FALSE
NC_035784.1_33866949,3,0.0478473340255694,-0.00837039504847203,FALSE
NC_035784.1_34065267,2,2.08185266816641,0.090778816535539,TRUE
NC_035784.1_34065315,2,-0.149022613164091,0.000215783572968881,FALSE
NC_035784.1_35209357,2,0.752594820994174,0.182562733020849,TRUE
NC_035784.1_35283966,2,0.258433502449261,0.0533655369253868,TRUE
NC_035784.1_35540496,2,0.643044130198418,0.00097839429524348,FALSE
NC_035784.1_37718390,3,-1.4823912750714,-0.0966442709053961,TRUE
NC_035784.1_37718554,3,0.748361746842222,0.0684203257627363,FALSE
NC_035784.1_37793283,2,0.216598666234752,0.0225475589444678,TRUE
NC_035784.1_38263340,3,0.515728929115881,0.0927719946128549,TRUE
NC_035784.1_38466122,2,0.0790753839110922,0.0356840757069441,TRUE
NC_035784.1_38672323,3,-2.45021245336891,-0.0433410614735817,FALSE
NC_035784.1_39585835,3,0.575353362178498,0.0905062473494212,FALSE
NC_035784.1_39585870,3,1.07244226275301,0.222307928941516,TRUE
NC_035784.1_39710037,2,0.983744386592347,0.138457789361987,TRUE
NC_035784.1_39745091,3,1.6591729158461,0.0382031043838883,TRUE
NC_035784.1_39796840,3,-0.142650584051516,-0.0286902537236996,FALSE
NC_035784.1_39837930,2,-0.37607571386993,0.0423829689146148,TRUE
NC_035784.1_39838050,3,0.780759439937094,0.174974469155658,FALSE
NC_035784.1_39838056,3,0.0310288199654287,0.0146696262332929,FALSE
NC_035784.1_39838064,3,0.877458000173486,0.200551187787466,FALSE
NC_035784.1_39838072,3,-0.195363212068682,-0.0445336354213509,TRUE
NC_035784.1_39867378,2,0.65627914556441,0.0118789751919171,FALSE
NC_035784.1_40332414,3,-0.0272499961580725,-0.00030761711826203,FALSE
NC_035784.1_41169645,3,-0.569054913354784,0.000570015893040671,FALSE
NC_035784.1_41169706,3,0.405682685427017,-0.0152118298934,FALSE
NC_035784.1_41459425,3,-0.14336097739584,0.026784964555238,FALSE
NC_035784.1_41459841,3,0.0200147642170656,-0.0213171170656234,FALSE
NC_035784.1_41672545,2,-0.368448514723262,0.0413631229735914,FALSE
NC_035784.1_41675076,2,0.594021782724526,0.105161715462357,TRUE
NC_035784.1_42706092,3,0.349313031045134,0.0299899476688972,FALSE
NC_035784.1_42815897,3,1.26959291086686,0.0257477694991436,FALSE
NC_035784.1_42950208,3,0.258263322738602,0.0660649475353943,FALSE
NC_035784.1_42950264,3,-0.0373287963008816,-0.0200539451792942,FALSE
NC_035784.1_42950329,3,0.411796759437217,0.0347759805979293,TRUE
NC_035784.1_45591203,3,0.59325070365156,0.0334337189911745,TRUE
NC_035784.1_45596306,3,0.186224895958478,0.018090235836955,FALSE
NC_035784.1_45905453,2,0.758635648969523,-0.00692470325983175,FALSE
NC_035784.1_46098398,3,0.85470167741633,0.0595921987175213,TRUE
NC_035784.1_46174068,3,0.753068270896228,0.0165352158283278,FALSE
NC_035784.1_47123060,2,0.299377253625007,0.00696077083624321,FALSE
NC_035784.1_47298121,2,-1.10898686596738,-0.0187115341100448,TRUE
NC_035784.1_48115301,3,0.036965258671806,0.0165538797149174,FALSE
NC_035784.1_48916924,3,1.49431232661962,0.0370225644073046,TRUE
NC_035784.1_49011725,3,0.883841826163429,0.0266201873346841,TRUE
NC_035784.1_49066839,3,0.685159625821199,0.150889147601306,TRUE
NC_035784.1_49070069,3,0.0620699186438375,0.0254362718777832,TRUE
NC_035784.1_50794530,3,0.278695847337633,0.06509552856389,FALSE
NC_035784.1_50794881,3,0.249901012090825,0.05106086086322,FALSE
NC_035784.1_51491431,3,0.10587345415886,0.0129203914111427,FALSE
NC_035784.1_51526252,2,0.198529068069656,0.00934177599227004,FALSE
NC_035784.1_51631842,2,-0.265446941489861,-0.0705717049782493,FALSE
NC_035784.1_51673056,2,0.898736322483287,0.2052849104165,TRUE
NC_035784.1_52837552,3,0.340629211648661,0.0546872123286329,FALSE
NC_035784.1_52837566,3,0.0466990306841613,0.00447985076160625,FALSE
NC_035784.1_52838237,3,-1.15366604857571,-0.00773048743480703,FALSE
NC_035784.1_52839000,2,0.897519180786677,0.0529643682708134,TRUE
NC_035784.1_53323133,2,0.9610076097575,0.0469599362497839,FALSE
NC_035784.1_53424297,3,0.841343696983226,0.0255395716127422,FALSE
NC_035784.1_53424306,2,-0.18983180931247,-0.00614574673119006,TRUE
NC_035784.1_53630692,3,0.00371888633703115,0.00385316116966535,FALSE
NC_035784.1_53630697,3,0.541045239359505,0.0242021824414805,FALSE
NC_035784.1_53889061,2,0.324661807067334,0.0746485508062681,FALSE
NC_035784.1_54016669,2,2.01080050381317,0.136184165895035,TRUE
NC_035784.1_54273058,3,1.30733941785344,0.0457061518849545,TRUE
NC_035784.1_54987702,3,-0.102633422573165,-0.00883480694065409,FALSE
NC_035784.1_54987920,2,-0.0474397754436664,-0.0284785946873546,FALSE
NC_035784.1_54988175,3,0.469400848429816,0.0294285480559496,FALSE
NC_035784.1_56273199,2,0.344852455567855,0.044447324831287,TRUE
NC_035784.1_57362800,2,-1.04627280636854,0.0126394328023423,TRUE
NC_035784.1_57362946,3,0.857192343188707,0.143749050890321,TRUE
NC_035784.1_58038960,2,0.0592436865928101,0.0269442647953251,FALSE
NC_035784.1_58067141,3,-0.00941437877421653,-0.00314498069314584,FALSE
NC_035784.1_58486720,2,2.13993181637472,0.0616536388778277,TRUE
NC_035784.1_58736556,2,-0.474346406116283,0.00878539446455943,FALSE
NC_035784.1_58762117,3,-0.144540287078365,-0.0215169255807407,FALSE
NC_035784.1_58823701,2,1.23890003542018,0.0710324778595241,TRUE
NC_035784.1_58837221,2,-0.599449104187303,-0.0556835809585012,FALSE
NC_035784.1_58837344,2,-1.41747177346535,-0.0146629326428771,TRUE
NC_035784.1_58837347,2,-0.720068839499892,-0.00859130596660231,FALSE
NC_035784.1_58837375,2,-0.557804335036278,-0.00984799609274877,TRUE
NC_035784.1_58870400,3,0.534683913598261,0.00617867782348318,FALSE
NC_035784.1_59652584,2,-0.333861282404581,0.0650274076943239,TRUE
NC_035784.1_59652784,3,1.03762498769671,0.0527887617388846,TRUE
NC_035784.1_59849167,3,-0.318659812200066,-0.0692632126965319,FALSE
NC_035784.1_61185759,2,0.37561370008935,0.0529539169142763,FALSE
NC_035784.1_61186565,2,-0.881306483876502,0.00229139681016819,FALSE
NC_035784.1_61335555,2,0.510171787668007,0.0166615944768102,FALSE
NC_035784.1_61699177,3,0.00330801711166325,-0.0150330511260761,FALSE
NC_035784.1_61699187,3,-0.483687511728299,0.021307199316248,FALSE
NC_035784.1_62988426,3,-0.00533328372164863,-0.00920948549255257,FALSE
NC_035784.1_62989659,2,0.117216631705357,0.0488834644302343,FALSE
NC_035784.1_63586267,2,1.51876888251654,0.0320747131821299,TRUE
NC_035784.1_63773268,2,0.0802744100124395,0.000842660057980463,FALSE
NC_035784.1_63825693,2,-0.00975191078958576,0.00714589181237389,FALSE
NC_035784.1_64768732,3,0.583063543396323,0.00999901117435668,FALSE
NC_035784.1_64768846,2,0.379440949947378,0.072091577456218,TRUE
NC_035784.1_65249871,3,0.0204879616641085,0.00266708519100902,FALSE
NC_035784.1_65625554,3,0.625783045107758,0.147421749671301,TRUE
NC_035784.1_65625619,3,0.476704250972042,0.112128347386319,TRUE
NC_035784.1_65936476,2,-0.482046995284458,0.0341117316687008,TRUE
NC_035784.1_66321728,2,2.02965393104352,0.057858714296271,TRUE
NC_035784.1_66326187,3,-0.185913601076079,0.00695352068396116,FALSE
NC_035784.1_66387153,2,-0.219821021747667,0.0133018029794998,TRUE
NC_035784.1_66391819,3,0.0811323109479622,0.0137962737918973,FALSE
NC_035784.1_66676680,2,-0.633546408819258,-0.0122027391648383,FALSE
NC_035784.1_67147524,3,-0.287369569442446,-0.0566186313371427,FALSE
NC_035784.1_67489455,2,1.27217345955238,0.301048209284233,TRUE
NC_035784.1_67509328,2,0.0446575414045793,0.0319649428205479,FALSE
NC_035784.1_67509348,3,0.347990405636909,0.00145864299236591,FALSE
NC_035784.1_67597301,3,0.186729794644722,0.0407156222144716,FALSE
NC_035784.1_67597353,3,0.130654029983192,0.0311899632716703,TRUE
NC_035784.1_67597570,3,0.145046722265335,0.0305136990450803,TRUE
NC_035784.1_67597583,3,-0.0153759499743404,0.00192205181840135,FALSE
NC_035784.1_67597619,3,0.233364820520416,0.0388167525371397,FALSE
NC_035784.1_67599722,2,-1.18076979468385,-0.0999156389800665,TRUE
NC_035784.1_67698571,3,0.260285344369973,0.0205307899346582,FALSE
NC_035784.1_67698931,3,-0.245618901405139,-0.0546127048188734,FALSE
NC_035784.1_67699244,3,0.301518465985386,0.0013850271191227,FALSE
NC_035784.1_67699296,3,-0.436656875544872,-0.0430218616181115,TRUE
NC_035784.1_67699301,3,-0.0750551801183382,-0.00176856774672863,FALSE
NC_035784.1_67822409,3,0.425647472614798,0.103081045029501,FALSE
NC_035784.1_68037048,3,0.100545772559536,0.0173714229975467,FALSE
NC_035784.1_68037054,3,0.554889153169917,0.12481566914952,TRUE
NC_035784.1_68037149,2,-1.1699631501968,-0.0222762143388245,TRUE
NC_035784.1_68037535,3,0.259583525978445,0.062638550934363,FALSE
NC_035784.1_69042033,2,1.39365736534915,0.0757678798649818,TRUE
NC_035784.1_69433683,3,-0.233503854885942,0.0575429013344573,FALSE
NC_035784.1_69663460,3,0.664313810818078,0.0160183909487461,FALSE
NC_035784.1_71271469,2,0.209785946970375,0.0579986968894195,TRUE
NC_035784.1_71692701,3,-0.409610697677634,-0.0274094369981294,FALSE
NC_035784.1_73045178,2,0.299317915475601,0.0697021051307247,FALSE
NC_035784.1_75256049,3,0.459590783589098,0.0530944590460811,TRUE
NC_035784.1_75557197,3,0.352702515919575,0.055663331260969,FALSE
NC_035784.1_75557581,2,-0.0149764808717492,0.00147888916307844,FALSE
NC_035784.1_75702438,3,0.236318768807753,0.0182820457684656,FALSE
NC_035784.1_75925966,3,-0.839050253003421,0.0103600424216154,FALSE
NC_035784.1_75926043,2,1.90186435605663,0.0291866339377134,TRUE
NC_035784.1_75948339,3,-0.0607777424537705,-0.0116460428131991,FALSE
NC_035784.1_75948475,3,-0.833425588196764,-0.00408254221037034,FALSE
NC_035784.1_76665018,2,0.0405559209766103,0.000588348273576815,FALSE
NC_035784.1_76668053,2,1.11550909992837,0.0176210413197983,FALSE
NC_035784.1_76668061,2,1.03772449553211,0.0224503944559989,TRUE
NC_035784.1_76668064,2,1.01829195658164,0.0244732761807418,TRUE
NC_035784.1_76725432,2,-0.0281954502765167,-0.0081647578170328,FALSE
NC_035784.1_76733562,3,0.378515395717956,0.019155118324638,FALSE
NC_035784.1_76913874,2,-0.414636527461231,-0.0929566792482951,TRUE
NC_035784.1_76913965,2,0.323478759589525,0.0627453536672122,TRUE
NC_035784.1_78251457,3,0.318372568868392,0.0287063772238887,FALSE
NC_035784.1_78256630,3,-0.695195237161331,-0.0176001772072751,TRUE
NC_035784.1_78636139,2,0.375216983486012,0.0903911230050463,TRUE
NC_035784.1_78636151,3,0.892679312748234,0.063232984571352,TRUE
NC_035784.1_79397234,2,0.496314821099982,0.0413695478209079,TRUE
NC_035784.1_79527094,3,0.268210775627261,0.0321325856770731,TRUE
NC_035784.1_79538526,2,0.229899089958743,0.0653625915026959,TRUE
NC_035784.1_79538908,3,0.325551687529179,0.0434246716229323,TRUE
NC_035784.1_79541066,3,0.389408775294813,0.0806787480621895,TRUE
NC_035784.1_79542196,3,0.565315143788591,0.128622761064736,TRUE
NC_035784.1_79544008,3,0.711509675228826,0.0198535852249574,FALSE
NC_035784.1_79544022,3,0.506045445588755,0.0168278826335208,FALSE
NC_035784.1_79550119,2,0.0934329158753225,0.0189176887095354,TRUE
NC_035784.1_79698279,2,1.03742585626847,0.0868533327796209,TRUE
NC_035784.1_79826179,3,-0.00806745632595638,0.0216051955585034,FALSE
NC_035784.1_79848217,3,0.261099654320369,0.0203221597980142,FALSE
NC_035784.1_80973209,3,1.35344168168743,0.0501180411134716,FALSE
NC_035784.1_82088053,3,0.259201817027282,-0.0500363249708872,FALSE
NC_035784.1_82116514,2,-0.384305991530172,-0.0845409808577115,TRUE
NC_035784.1_82365125,2,0.702117279753689,0.162713745022878,TRUE
NC_035784.1_82422859,3,0.178317069803625,0.0347265559750231,FALSE
NC_035784.1_83110191,2,3.74137900244716,0.0541776780824963,FALSE
NC_035784.1_83167363,2,-0.327810246047411,-0.0345851294571392,FALSE
NC_035784.1_83296431,2,0.324477763532016,0.0532164879461037,FALSE
NC_035784.1_84958530,2,1.75242643145106,0.130203074864783,TRUE
NC_035784.1_85436729,3,0.309826480890513,0.049916972934784,FALSE
NC_035784.1_87006779,3,0.101045233268782,0.00426239942236436,FALSE
NC_035784.1_87634025,3,0.18288493689416,0.0352729129908078,FALSE
NC_035784.1_87663691,2,0.959478047295927,0.0680962771747958,TRUE
NC_035784.1_87663721,2,0.420147998559175,-0.00379607037407818,FALSE
NC_035784.1_87860930,2,-0.394224713959839,-0.00365481748895129,FALSE
NC_035784.1_87863728,3,-0.00995513733632979,-0.00170365160855936,FALSE
NC_035784.1_89036640,3,0.316382326515769,0.0685682442003801,TRUE
NC_035784.1_89038890,2,-0.648636926664568,-0.0055691927841155,FALSE
NC_035784.1_89368235,3,-0.114815001357071,-0.0173706423057158,FALSE
NC_035784.1_90811587,3,-0.0811574583175039,0.00384537692149706,FALSE
NC_035784.1_92291641,3,0.535331610125441,0.0653150058101779,FALSE
NC_035784.1_92293340,3,0.0963692636735791,0.0176701242353509,TRUE
NC_035784.1_93217952,2,1.86950563263156,0.0774196183967767,TRUE
NC_035784.1_94836839,3,0.592338550990397,0.0141356482276822,FALSE
NC_035784.1_94837079,3,0.628402193510147,0.0155895932324325,TRUE
NC_035784.1_94837569,3,0.00410775071985214,0.0193196857691296,FALSE
NC_035784.1_95329302,2,0.770479059095103,0.0118226166169845,FALSE
NC_035784.1_96349486,2,0.692779417186407,-0.0142578404756334,FALSE
NC_035784.1_96474944,2,1.55829383300326,0.0797977469311262,TRUE
NC_035784.1_96514191,2,0.0267469749337003,0.0458716643358954,TRUE
NC_035784.1_96544995,3,1.19274713492772,0.0189066672401184,FALSE
NC_035784.1_96545014,2,0.10133055853291,0.0192301534939148,FALSE
NC_035784.1_97090029,3,0.315782530643071,0.0782383714037008,FALSE
NC_035784.1_97478301,3,1.2528550552859,0.021835244049574,TRUE
NC_035784.1_97755139,2,0.283342939339682,0.0138569158196837,FALSE
NC_035784.1_97935560,2,-0.389601129153614,0.000415485224318974,FALSE
NC_035784.1_97935590,3,-0.264326516100308,0.0285680095490923,FALSE
NC_035784.1_98130909,2,0.25073139064959,0.0334656246607236,TRUE
NC_035784.1_98298543,3,0.657677991738688,0.00835991948629022,FALSE
NC_035784.1_98298723,3,2.67276675996708,0.0508297976920567,TRUE
NC_035784.1_98299010,3,-0.0181101142147763,-0.00173782465497206,FALSE
NC_035784.1_98299041,2,0.340318906916589,-0.0172963470048376,FALSE
NC_035784.1_98432224,3,0.674495130814708,0.0153131400394817,FALSE
NC_035784.1_98529045,2,-0.574763725069184,0.0302206961348603,TRUE
NC_035784.1_98629556,2,0.247456939227699,0.00626823296829489,FALSE
NC_035785.1_492597,2,0.505667500225137,0.0343888241487538,FALSE
NC_035785.1_630445,2,1.20062586496404,0.0164116946791209,TRUE
NC_035785.1_630568,3,0.388832393610611,0.0383266287229508,TRUE
NC_035785.1_630633,2,0.306416968810479,0.00360459675246069,FALSE
NC_035785.1_897188,3,0.216275061163356,0.0377574029879453,TRUE
NC_035785.1_897973,2,0.450321693134997,0.0610199612230931,TRUE
NC_035785.1_2292261,3,-0.610037765917478,-0.003399652700281,FALSE
NC_035785.1_2615477,2,0.455061967871338,0.0343195404911943,TRUE
NC_035785.1_3922785,3,0.1202724688235,0.0248792812619584,FALSE
NC_035785.1_3954027,3,1.19244525277604,0.00586107991608369,FALSE
NC_035785.1_3955693,3,1.30938829962136,0.0469066354801799,TRUE
NC_035785.1_3955695,3,1.72474742884331,0.0627395134442696,TRUE
NC_035785.1_5041174,3,1.12452749545766,0.0395024154126625,TRUE
NC_035785.1_5331751,3,0.602846231778513,0.0414785822268666,FALSE
NC_035785.1_8296098,3,0.130520394020505,0.045561156700923,FALSE
NC_035785.1_9305508,2,1.23096925832329,0.0243487815400783,TRUE
NC_035785.1_10010397,3,0.271977825760255,0.0278474085187103,FALSE
NC_035785.1_10010609,3,0.00544995692999288,-0.0197455098405715,FALSE
NC_035785.1_10010611,3,-0.0408314081437204,-0.0216865017557074,TRUE
NC_035785.1_10010618,3,-0.0533667502932259,-0.0241481302620952,FALSE
NC_035785.1_10010624,3,-0.0641508426598518,-0.0186289631185153,FALSE
NC_035785.1_10010788,3,0.375521824207282,0.0567871965899397,TRUE
NC_035785.1_15527259,2,-1.06389091813072,-0.0329234754212527,TRUE
NC_035785.1_15563453,3,0.728651836094567,0.0393415363321228,TRUE
NC_035785.1_15621453,3,0.486894761833243,0.0368288963811589,FALSE
NC_035785.1_15621457,3,-0.0316446896845236,0.00011991553164014,FALSE
NC_035785.1_15621513,2,1.03662456950429,0.00811957205382612,FALSE
NC_035785.1_15920633,3,1.31767780090518,0.00972706162364405,FALSE
NC_035785.1_16015901,3,-0.155077107674162,-0.0111475188520474,TRUE
NC_035785.1_16042958,3,0.213682147982138,0.0177511733569732,FALSE
NC_035785.1_16043096,3,1.56020186622336,0.0321250045821016,TRUE
NC_035785.1_16116217,3,0.463557378014738,0.0742367004269227,TRUE
NC_035785.1_16435934,3,1.45687467237134,0.0173677250003067,TRUE
NC_035785.1_17291451,2,2.65192159174717,0.0309622215647124,TRUE
NC_035785.1_17357747,3,0.975200687214077,0.04408051876083,FALSE
NC_035785.1_17429236,3,-0.598142793524327,0.00103413996277477,FALSE
NC_035785.1_17750776,2,0.640406385627535,0.0817563800407818,TRUE
NC_035785.1_17759266,3,0.271675679653039,0.0611876504627941,TRUE
NC_035785.1_17767672,2,0.398728900161905,0.0214136161127301,TRUE
NC_035785.1_17936172,2,-0.0916004342602859,-0.00999829261779582,TRUE
NC_035785.1_18055883,3,0.658141186422709,0.0469988692787244,FALSE
NC_035785.1_18057656,2,0.404846064256932,0.0315573026903824,TRUE
NC_035785.1_18057751,3,-0.0350249453127148,-0.00450084046800651,FALSE
NC_035785.1_18062482,2,0.185485412450051,0.0205178400923714,TRUE
NC_035785.1_18097035,2,-0.00557637921775434,0.0185741892197869,TRUE
NC_035785.1_18097098,3,-0.263647394713768,-0.0102823619119467,FALSE
NC_035785.1_18151629,3,-0.152183874012849,0.0233085643018732,FALSE
NC_035785.1_18175296,2,-0.706117737894081,-0.0889501524589138,TRUE
NC_035785.1_18177113,3,0.00312352672257834,0.0129654883943138,FALSE
NC_035785.1_19418239,3,-0.645507320315347,-0.0436320644608939,FALSE
NC_035785.1_19418280,3,0.553161418935802,0.0616581759907903,TRUE
NC_035785.1_19418468,2,0.0265843336292738,0.00630950432276386,FALSE
NC_035785.1_19891149,3,-0.0905892858537101,0.0416328630065022,FALSE
NC_035785.1_19891318,3,1.89255932854842,0.0225496812568744,FALSE
NC_035785.1_21620143,3,-0.418670574203994,0.00990311258275412,FALSE
NC_035785.1_21620424,3,0.0491992938306521,0.0210607848024759,FALSE
NC_035785.1_21667813,3,0.472812298258948,0.0192216446129565,FALSE
NC_035785.1_23438436,3,0.651752722071404,0.137836466482403,FALSE
NC_035785.1_23438440,3,-0.512073166118965,0.016194465043134,FALSE
NC_035785.1_23438599,3,-0.0721024214846081,0.0132915541605662,FALSE
NC_035785.1_23438633,3,0.0354331383132783,0.00998324883483333,FALSE
NC_035785.1_26977195,3,0.103907365026153,0.00824927082158597,FALSE
NC_035785.1_29227792,2,4.98239463819932,0.0784958476716265,TRUE
NC_035785.1_29817077,3,0.169033604583195,0.0378998203402825,TRUE
NC_035785.1_30482027,2,1.78272507792468,0.0327703479499226,TRUE
NC_035785.1_31440331,3,0.421527953330792,0.0712918185108081,TRUE
NC_035785.1_31898327,3,0.334163092270088,0.0418275445983231,TRUE
NC_035785.1_31900186,3,0.277941879207249,-0.0381508975545011,FALSE
NC_035785.1_32466426,2,0.411448087087049,0.0735360549639319,TRUE
NC_035785.1_32466654,3,0.0971804681598447,0.0165105695611634,FALSE
NC_035785.1_32509620,3,0.512034532791764,0.0855645064966461,TRUE
NC_035785.1_32514347,2,-2.57310217397347,-0.0423670904034556,TRUE
NC_035785.1_32568170,3,0.0273226064820779,0.0195269489148236,FALSE
NC_035785.1_32568188,3,0.921567282892161,0.0272022917594971,FALSE
NC_035785.1_32580734,3,1.55189421936757,0.0393667541171929,FALSE
NC_035785.1_33087320,3,0.699787538599369,0.0148535421515036,FALSE
NC_035785.1_33209301,3,0.16124382994606,0.0345894598816766,FALSE
NC_035785.1_33355289,3,0.179046093665978,0.0325081665839411,FALSE
NC_035785.1_34998223,3,-0.172844604560363,0.0626662572325628,TRUE
NC_035785.1_35361994,3,0.210837430563788,0.0112155466940232,FALSE
NC_035785.1_36030431,2,-1.77011101419058,-0.0638976435017434,TRUE
NC_035785.1_36426024,2,0.71663398576544,0.185997064818206,FALSE
NC_035785.1_36616437,3,-0.0764788238565464,0.0230763944232577,TRUE
NC_035785.1_36900723,2,0.288905667281574,0.0365709625973567,FALSE
NC_035785.1_37129674,3,-0.284705811405346,-0.0515802808501299,FALSE
NC_035785.1_37197424,3,-0.181231105017593,-0.0313818953298979,FALSE
NC_035785.1_40813117,3,-0.406992982687291,0.00501335042080296,FALSE
NC_035785.1_40814328,3,1.67463841523862,0.0523031528381675,FALSE
NC_035785.1_40814417,3,-0.431007718194033,-0.0138462522014257,FALSE
NC_035785.1_41726266,2,1.67095326505109,0.0382117971491974,TRUE
NC_035785.1_41726355,3,-0.0409055686395138,0.00539009108308416,FALSE
NC_035785.1_41888315,3,0.367922132881384,0.0794575999342227,TRUE
NC_035785.1_42154837,3,0.575557604790261,0.077682045298717,FALSE
NC_035785.1_42154862,3,0.126223370333052,0.0264055584648672,FALSE
NC_035785.1_42465494,3,0.0790867302504416,0.0179560638769833,FALSE
NC_035785.1_42644701,2,0.182278868513091,0.0251040396428903,FALSE
NC_035785.1_42887232,3,0.325958716662669,0.00556537309773281,FALSE
NC_035785.1_42958684,2,0.865712761923855,0.208605447250648,TRUE
NC_035785.1_42958689,2,0.373089576515725,0.0697660946171856,TRUE
NC_035785.1_50780820,2,0.695906264905899,0.00886299526625833,FALSE
NC_035786.1_765266,3,-0.191865321587485,0.00105733808129196,FALSE
NC_035786.1_1015907,2,0.101729291490993,0.0208899256962943,FALSE
NC_035786.1_1597848,3,1.71103664125561,0.0264261021446424,FALSE
NC_035786.1_1597969,3,0.881069878193973,0.00951284512889612,FALSE
NC_035786.1_5273214,3,-0.758912575273546,-0.00190544172682774,FALSE
NC_035786.1_5283684,2,0.157252300678149,0.00904051430934636,TRUE
NC_035786.1_5935569,3,0.352328510461206,-0.00948946978069556,FALSE
NC_035786.1_10111871,3,0.419720547950133,0.0821697217119207,FALSE
NC_035786.1_10115705,3,0.415176048122494,0.0549297600541365,TRUE
NC_035786.1_13814910,3,0.428420244014487,0.0658663558460181,TRUE
NC_035786.1_14604113,2,-0.615752688557189,-0.0349456202395576,TRUE
NC_035786.1_14967410,2,0.450717758455203,0.0690689952437264,FALSE
NC_035786.1_15584186,2,0.63961071664855,0.0542067885715226,TRUE
NC_035786.1_15586029,3,-0.335418030259772,0.00406692820898029,FALSE
NC_035786.1_15586035,3,0.210979052150154,0.0567949324656243,TRUE
NC_035786.1_15586041,3,0.231673327372813,0.0518319842107369,TRUE
NC_035786.1_15586306,3,-0.100402740401804,-0.0259884090105761,FALSE
NC_035786.1_21103115,3,0.310878734820643,0.00698350003348431,TRUE
NC_035786.1_23800480,2,0.977559792179038,0.0591734306154279,TRUE
NC_035786.1_23820822,2,0.780390148181646,0.0395751234165794,TRUE
NC_035786.1_23820850,2,0.0196821314428504,0.0135183170586554,FALSE
NC_035786.1_24353418,2,-0.953028378001932,0.0499218974424353,FALSE
NC_035786.1_26415882,2,-0.0229271882534965,-0.0167063142442802,FALSE
NC_035786.1_27708420,2,0.705633075871896,0.201670716266423,TRUE
NC_035786.1_28308817,3,-0.269174353855142,-0.0481199131270175,FALSE
NC_035786.1_28393598,3,0.0783670736087219,0.0193765299110683,TRUE
NC_035786.1_28393679,3,0.828035979712604,0.0809032142566779,TRUE
NC_035786.1_29259557,3,0.0898028229028815,0.0180512008714367,TRUE
NC_035786.1_30592872,2,-0.993812283478954,-0.00351275479875178,TRUE
NC_035786.1_30617381,2,0.695443584971245,0.00678590002097257,FALSE
NC_035786.1_30617458,2,-1.68439704172137,-0.0404326022378676,FALSE
NC_035786.1_33113482,3,-0.0480984343883401,-0.000909119378375449,FALSE
NC_035786.1_33783519,2,0.346303860391689,0.0193973942103654,FALSE
NC_035786.1_33783520,2,0.291874427294053,0.014982884299239,FALSE
NC_035786.1_33783538,2,1.05639877423398,0.0551741154098363,TRUE
NC_035786.1_34473227,3,-1.21309348974532,-0.0221248958919949,FALSE
NC_035786.1_34652566,2,1.08223433272583,0.0316914481376811,TRUE
NC_035786.1_34652896,3,0.435847465161331,-0.00195730006030334,FALSE
NC_035786.1_34673724,3,0.072831517775544,0.0189187643049456,FALSE
NC_035786.1_34673727,3,0.184742187531257,0.0406665916536933,FALSE
NC_035786.1_34673730,3,0.0910964296761313,0.0174243072505263,FALSE
NC_035786.1_34674260,3,-0.680748917566867,-0.0181088577805043,TRUE
NC_035786.1_35090522,2,1.02533983490785,0.236140314567519,TRUE
NC_035786.1_35090571,2,1.31839614916829,0.0911469455115979,TRUE
NC_035786.1_35497348,2,-1.29178798277051,-0.0238281702957716,FALSE
NC_035786.1_37006210,2,1.10121994774568,0.264653284981707,TRUE
NC_035786.1_37006246,2,0.213879100422582,-0.0125566369427872,TRUE
NC_035786.1_42413936,2,2.10860681709451,0.119513246983586,TRUE
NC_035786.1_42413939,2,2.09754659957495,0.120811678321704,TRUE
NC_035786.1_42414078,3,0.0407855811291998,0.0162754674266568,FALSE
NC_035786.1_42509509,3,0.0985551215138357,0.0443625956189146,FALSE
NC_035786.1_42514269,2,0.2283682818048,0.0586181373443318,FALSE
NC_035786.1_42662557,3,0.819898468814435,0.117251425162722,TRUE
NC_035786.1_42662575,3,0.411753381412986,0.0687840784814816,TRUE
NC_035786.1_42662590,2,0.734736997069363,0.160242959980075,TRUE
NC_035786.1_42935225,3,0.385313838416988,0.103416024722006,FALSE
NC_035786.1_46333460,2,-1.19484024774968,-0.0236607035810983,TRUE
NC_035786.1_47615777,3,0.52496927683081,0.045994614657726,TRUE
NC_035786.1_47765915,3,0.34653203077949,0.0590213398909117,TRUE
NC_035786.1_50867314,2,1.87003935279852,0.0690758652032622,TRUE
NC_035786.1_51598120,3,0.74181968783595,0.0158404897425755,FALSE
NC_035786.1_51965296,2,0.0613590401239318,-0.00149477752505722,FALSE
NC_035786.1_52413113,3,-0.240913123549416,0.0134465049232389,TRUE
NC_035786.1_55140873,3,0.41851066028279,0.00446743311762662,TRUE
NC_035786.1_55140975,3,0.043871603017063,0.0124212808659247,FALSE
NC_035786.1_56028054,2,0.580939255602064,0.13443395108954,TRUE
NC_035786.1_56163839,2,1.31733727548202,0.0109425771332613,FALSE
NC_035786.1_56350539,3,1.35515278384489,0.00368439474397268,FALSE
NC_035786.1_56536658,2,1.49426340004461,0.0714579571140754,TRUE
NC_035786.1_56536704,2,0.0586292109420641,0.00418988446812679,FALSE
NC_035787.1_656764,3,-0.472622924748848,-0.0261352589156558,FALSE
NC_035787.1_657217,3,-0.00875831051079804,-0.00646140389934026,FALSE
NC_035787.1_1134139,3,0.288412645912642,0.0653575672428702,FALSE
NC_035787.1_6499970,3,0.710952960219625,0.0341211589318841,TRUE
NC_035787.1_6500110,3,0.139368722608036,0.00485178651116522,FALSE
NC_035787.1_6500240,2,0.029783730600094,0.000816021825975482,FALSE
NC_035787.1_8618571,3,0.407017248273714,0.0971254922761912,TRUE
NC_035787.1_8817228,3,-0.0893907694593586,0.00275408133678081,FALSE
NC_035787.1_8817378,3,0.403695548058822,0.0416967254649613,TRUE
NC_035787.1_8839718,3,0.54516426622604,0.0430530558340087,TRUE
NC_035787.1_9922593,2,-1.00741513812306,-0.0405683259661043,TRUE
NC_035787.1_9929496,3,0.193502103834405,0.0317006497915699,FALSE
NC_035787.1_9944691,3,1.38205579987704,-0.0122062009552937,FALSE
NC_035787.1_9955349,2,0.915740332020182,0.0221063866084812,TRUE
NC_035787.1_10000773,2,0.247620396618818,0.0381345250869657,TRUE
NC_035787.1_10000905,2,0.342448347831328,0.0266011509994287,FALSE
NC_035787.1_10029399,3,0.585461007361595,0.0362359027724164,FALSE
NC_035787.1_10606095,2,-0.0380460508477097,-0.00975537872127133,FALSE
NC_035787.1_11401218,2,0.123070602137644,0.00545571398315607,FALSE
NC_035787.1_11890687,2,0.90965967909044,0.0620762505348353,TRUE
NC_035787.1_12357260,2,0.468624875639263,0.00707960895888941,FALSE
NC_035787.1_14247357,3,-0.572437049255924,-0.00581570618679962,FALSE
NC_035787.1_14263970,3,0.289731479228871,0.00466618994341789,FALSE
NC_035787.1_14421885,2,-0.454921731526589,0.0170374719075577,TRUE
NC_035787.1_15187975,2,-0.423673370854598,-0.0138492233180743,FALSE
NC_035787.1_16259197,2,1.96292359320777,0.0263253878781442,FALSE
NC_035787.1_18405662,3,1.52717072568345,0.0150477424895009,FALSE
NC_035787.1_19267748,2,0.208581702057549,0.0375545256719216,FALSE
NC_035787.1_19782671,3,0.0895022667853402,-0.000425544944219769,FALSE
NC_035787.1_19901194,3,0.949691947496181,0.0140342874485057,FALSE
NC_035787.1_19901357,3,0.463510579440592,0.0242314625306692,FALSE
NC_035787.1_20481419,2,0.660892668839673,0.155482096461923,FALSE
NC_035787.1_20481623,3,-0.130486938902593,-0.0327485076062394,FALSE
NC_035787.1_22191159,3,-0.0497700507775007,0.0388273113558004,TRUE
NC_035787.1_22191171,3,0.174856595022294,0.0295085436329859,TRUE
NC_035787.1_22191192,3,1.07358562961459,0.0680797288530209,TRUE
NC_035787.1_22191223,3,-0.157495318384112,-0.011877828245216,FALSE
NC_035787.1_22191623,3,0.400648982298663,0.0582877112728389,FALSE
NC_035787.1_22191764,2,0.0517693127462673,0.0190758708309567,FALSE
NC_035787.1_22192058,3,-0.191703892334093,-0.00633352823615735,FALSE
NC_035787.1_22234992,3,-0.776837704754728,-0.0140944087346811,TRUE
NC_035787.1_24922158,3,1.97749437419581,0.0232989995131311,FALSE
NC_035787.1_25026187,3,0.815406387815131,-0.0011285946127243,FALSE
NC_035787.1_28205674,3,0.41687131827083,0.0941087255576945,TRUE
NC_035787.1_28410679,3,0.216255254102369,0.0304891255166895,TRUE
NC_035787.1_28411252,3,-1.41574103112288,-0.0628451858209609,TRUE
NC_035787.1_28700408,3,1.3049995760077,0.0879837867207831,TRUE
NC_035787.1_28916009,2,0.00816662853189842,0.00601499357255998,TRUE
NC_035787.1_32664294,3,0.412860865045696,0.0374242313069886,FALSE
NC_035787.1_33641473,3,0.242769223532519,0.0337175181703714,TRUE
NC_035787.1_34095653,2,0.861738016406055,0.0302708583308314,FALSE
NC_035787.1_34516526,3,-0.367539200133823,-0.0787627701485321,FALSE
NC_035787.1_35488282,3,-0.55893475559876,-0.0474360277079123,TRUE
NC_035787.1_35676997,2,0.152627477400487,0.0113392498025597,TRUE
NC_035787.1_36181065,2,-0.760334270381016,0.00702999106840373,FALSE
NC_035787.1_36181066,2,-0.818932342506934,0.00466432371930057,FALSE
NC_035787.1_36181128,2,-1.21128258954198,-0.0145977867419533,FALSE
NC_035787.1_36181201,3,0.126172427873032,0.0277633659518991,FALSE
NC_035787.1_37329124,2,0.460027850928128,0.122677399157214,FALSE
NC_035787.1_37329159,2,0.434846453916484,0.0991801822152555,FALSE
NC_035787.1_37822071,2,0.767157663045562,0.0356434416922927,TRUE
NC_035787.1_39430869,3,2.5231363411752,0.0640039124155127,FALSE
NC_035787.1_39969345,3,1.06527050573993,0.0225801278406084,FALSE
NC_035787.1_40967775,3,-0.0902963933552947,0.0325419659080522,FALSE
NC_035787.1_42756239,2,0.358465815617884,0.00357938384694906,FALSE
NC_035787.1_43893514,3,-2.24592889125752,-0.0243576880845533,TRUE
NC_035787.1_45439801,3,-0.486384725681792,0.0121792424710819,FALSE
NC_035787.1_46096349,2,0.196762517085189,0.0517376580880096,TRUE
NC_035787.1_46984560,2,-0.455105572390946,-0.0815971754635807,TRUE
NC_035787.1_47014917,2,-0.0850122598018271,0.0438567273696695,FALSE
NC_035787.1_48085515,2,0.633002420328158,0.131791620707215,TRUE
NC_035787.1_48307626,3,0.135782284203859,0.005051744574039,FALSE
NC_035787.1_48307692,3,-0.0830676226979603,0.0199693185862767,FALSE
NC_035787.1_50099374,2,-0.0870571755556198,-0.0246444509925422,TRUE
NC_035787.1_51049876,3,0.53464996694965,0.0309196577485086,TRUE
NC_035787.1_51050663,3,-0.975018059347077,0.000504836574812982,FALSE
NC_035787.1_51481967,3,-0.0958423761288912,0.000156866984669501,FALSE
NC_035787.1_51482234,3,0.115110554227479,0.0317198704546975,TRUE
NC_035787.1_52126843,2,0.28744616063005,0.0283230205615547,FALSE
NC_035787.1_52765537,3,0.330817695338317,-0.0272474895407586,FALSE
NC_035787.1_54211729,3,0.181467311120084,0.0548162222039418,TRUE
NC_035787.1_54211763,3,0.72201140383979,0.0247918692630133,TRUE
NC_035787.1_54230605,3,1.1554525220807,0.0559353438413737,TRUE
NC_035787.1_54243623,3,0.24525395493426,0.0559993276379036,TRUE
NC_035787.1_54614063,2,-0.0890725834143742,-0.0225772056576202,FALSE
NC_035787.1_55250870,3,1.11475772600048,0.0785446032919232,TRUE
NC_035787.1_55267555,3,2.83169680976713,0.0330226553217448,FALSE
NC_035787.1_55268196,3,1.27693219490112,0.0325926032286852,TRUE
NC_035787.1_56563170,2,0.458974527499542,0.0552924386304261,TRUE
NC_035787.1_56563174,2,1.13558060767426,0.0256008283276762,TRUE
NC_035787.1_56569899,2,-0.506870412284794,0.0427209950044633,FALSE
NC_035787.1_57619676,3,0.036995508850638,0.0126328876054992,FALSE
NC_035787.1_57636089,3,0.0779275861301223,0.034121238544763,FALSE
NC_035787.1_57636115,3,0.0624940108390087,0.0245736590891774,FALSE
NC_035787.1_58055638,2,0.0097950797031976,0.0289085652959884,TRUE
NC_035787.1_59144810,3,0.0418570051092687,0.00826102752104285,FALSE
NC_035787.1_59150603,3,-0.291545178928871,-0.0355806368158487,TRUE
NC_035787.1_60213897,3,-0.0467293334094347,-0.0153333044406425,FALSE
NC_035787.1_60213898,3,-0.153593480152273,-0.0311464292609215,TRUE
NC_035787.1_60548118,2,0.270543587954107,0.0309525161623443,TRUE
NC_035787.1_60548849,2,0.914412362527199,0.15452363110513,TRUE
NC_035787.1_61830084,3,0.0862543163674976,-0.033770194507296,FALSE
NC_035787.1_62935357,3,0.646142057154098,0.0202966307938382,FALSE
NC_035787.1_63139123,3,-0.748963535588921,-0.0948567160775421,TRUE
NC_035787.1_63761259,2,2.20214902657067,0.0493186116627963,TRUE
NC_035787.1_64195530,3,0.218588856948977,0.0500720032139212,FALSE
NC_035787.1_64196345,3,0.00990983448204285,-5.12993981719052e-05,FALSE
NC_035787.1_64196374,3,0.00228612678542343,-0.00142664211067036,FALSE
NC_035787.1_64196407,3,-0.0843758025323105,0.0056918382446753,FALSE
NC_035787.1_64196513,3,0.0967663393259628,0.0289083116027926,TRUE
NC_035787.1_64363708,2,0.322555516928099,0.0368970778061207,FALSE
NC_035787.1_64363721,3,0.778509951670383,0.0436217277807386,TRUE
NC_035787.1_64894638,3,0.1394409130802,0.030755215212013,TRUE
NC_035787.1_67522500,2,0.215115722115462,0.0577661510604247,TRUE
NC_035787.1_67522506,2,-0.296767185339058,0.0469827466870097,TRUE
NC_035787.1_70567754,3,0.134438911681857,0.023583073625738,FALSE
NC_035787.1_72489835,3,0.966376212964814,0.118921494261864,TRUE
NC_035787.1_72558830,3,0.0162629243855065,0.00368345792709956,FALSE
NC_035787.1_72558932,3,0.0729165438268744,-0.017554304845074,FALSE
NC_035787.1_72560357,2,-0.530924605815662,0.00520246988543417,FALSE
NC_035787.1_72575913,3,-0.139357788586795,0.000860778118150775,FALSE
NC_035787.1_74828421,2,-0.66829418338764,-0.0142959727855914,FALSE
NC_035787.1_74828474,2,0.160771322963075,0.0205010082784593,FALSE
NC_035787.1_75073430,3,-1.25876829422239,-0.0425508970323387,FALSE
NC_035787.1_75073433,2,-0.265940603159877,0.00796309531631223,FALSE
NC_035787.1_75074263,3,0.106136570993137,0.0196374841613506,FALSE
NC_035788.1_590413,3,0.136969815972288,0.0374962551730949,TRUE
NC_035788.1_748597,2,1.38319707695356,0.00954620451216946,FALSE
NC_035788.1_1888013,3,0.251728286806923,0.0268768477320797,FALSE
NC_035788.1_2002055,3,0.647258022709933,0.147301579256627,TRUE
NC_035788.1_2002059,3,0.138353008104292,0.0336462323549162,FALSE
NC_035788.1_2003144,3,0.205167762068563,0.0338464074098844,TRUE
NC_035788.1_2003150,3,0.22012194792925,0.0402990502234096,TRUE
NC_035788.1_2961894,2,1.13147457895146,-0.00193725542160482,FALSE
NC_035788.1_3532959,2,-0.0745174885167848,-0.000332140134867741,FALSE
NC_035788.1_3970028,3,0.176395174403439,0.0298146195639768,FALSE
NC_035788.1_4834595,3,0.764311463980695,-0.00684905642513105,FALSE
NC_035788.1_7098911,2,0.395378764391663,-0.00269548442137316,FALSE
NC_035788.1_7098929,3,0.363132403115446,0.0528056484563789,FALSE
NC_035788.1_7099542,2,-0.0397722329804963,0.00235914058956351,TRUE
NC_035788.1_11853057,2,-0.323962998308488,0.0647887875824356,FALSE
NC_035788.1_12087462,3,0.606338351427436,0.0303067200337933,TRUE
NC_035788.1_12147829,3,1.07255920321123,0.0650229248457869,TRUE
NC_035788.1_12147830,3,0.426153510766156,0.0838573686746245,FALSE
NC_035788.1_15527907,2,0.600996181258771,0.13482941850684,TRUE
NC_035788.1_15686347,2,0.498316343388011,0.109920407116941,TRUE
NC_035788.1_15813895,3,1.27119913763151,0.0516031062306717,TRUE
NC_035788.1_15855575,2,-0.060256478086288,0.0637811791874621,FALSE
NC_035788.1_17567028,3,0.301702809405485,-0.010428728714337,FALSE
NC_035788.1_18784244,2,0.161080301452096,0.00837910654204351,FALSE
NC_035788.1_18784479,3,-0.121587988681734,-0.0170292058784297,FALSE
NC_035788.1_18830593,3,0.0931545962309283,0.00775089326473281,FALSE
NC_035788.1_18830594,3,0.00733284278442058,-0.00375648927730325,FALSE
NC_035788.1_18925578,3,0.638618289899676,0.0254486646207993,FALSE
NC_035788.1_19041106,3,0.154807969496937,0.0330558615417654,FALSE
NC_035788.1_19041220,3,0.261065689268154,0.0565459547741208,TRUE
NC_035788.1_19041701,3,-0.0961418413949546,-0.0299451914414712,FALSE
NC_035788.1_21654278,2,-1.17843453875602,-0.0660889000987083,TRUE
NC_035788.1_26615364,3,0.384171375536139,0.0715115706529253,FALSE
NC_035788.1_26616199,2,0.302358750792367,0.0666126721609996,FALSE
NC_035788.1_28900353,3,0.0803047172402286,0.034219686514555,FALSE
NC_035788.1_28933569,2,0.074086376522892,0.0371822131570144,FALSE
NC_035788.1_30305388,3,-0.813177851839199,-0.00714049359509695,FALSE
NC_035788.1_30305590,3,0.288727805678419,-0.010474761298554,FALSE
NC_035788.1_30305602,3,-0.0026598150599599,-0.00188235361781809,FALSE
NC_035788.1_31253210,2,-1.40758059562014,0.0180637209369958,FALSE
NC_035788.1_31477309,3,0.0275894389199913,0.0241470324897431,FALSE
NC_035788.1_31477330,3,-0.101978685089474,-0.00572458548435696,FALSE
NC_035788.1_35154111,3,-0.995017824027466,-0.0373213326645482,TRUE
NC_035788.1_35386257,2,-0.10342775866409,0.00441679887507693,FALSE
NC_035788.1_36642552,3,2.46231275331587,0.0316169090733017,TRUE
NC_035788.1_36884723,2,0.0272928223188779,0.0361124757235295,TRUE
NC_035788.1_36884749,3,0.195642577283949,0.0470248905468939,FALSE
NC_035788.1_36960406,3,0.743270264162302,0.117034221845815,TRUE
NC_035788.1_36960417,2,-0.850235936491247,0.012266626621666,FALSE
NC_035788.1_36960749,3,-0.258616363179734,-0.0246392773068509,FALSE
NC_035788.1_36960786,3,0.0614074353363204,0.0359245712268258,FALSE
NC_035788.1_40497598,3,0.227889517597477,0.0164882064825207,FALSE
NC_035788.1_40539104,3,-0.963218618766538,-0.0130602661350309,FALSE
NC_035788.1_41317693,3,0.306284181776576,0.0134002890171673,TRUE
NC_035788.1_43536069,3,1.05849704227802,0.0169451972170454,TRUE
NC_035788.1_46325364,3,0.223018502541975,0.0256640081611954,FALSE
NC_035788.1_46379793,3,-0.164201888297143,-0.0252993640167661,FALSE
NC_035788.1_46381431,3,0.257971193294955,0.0616206391954545,FALSE
NC_035788.1_46381597,2,1.07483401330246,0.0943027457496256,TRUE
NC_035788.1_46437664,2,0.814996424174437,0.0296062261186975,TRUE
NC_035788.1_47922343,3,1.03802239907287,0.0158768788122548,TRUE
NC_035788.1_47932213,3,0.643238339888339,0.0147295739710244,FALSE
NC_035788.1_47934877,3,-0.0783914163689937,0.00352306241939213,FALSE
NC_035788.1_47946178,3,-0.489547495325081,-0.0239100486668885,FALSE
NC_035788.1_48360648,3,0.783663900165912,0.00874658230342604,FALSE
NC_035788.1_51358365,3,0.619467934508059,0.144542766519431,FALSE
NC_035788.1_51358423,3,0.298720595370945,0.0566660033055823,TRUE
NC_035788.1_51358554,3,-0.00852072171224544,0.0155502446031432,FALSE
NC_035788.1_51978213,3,-1.77652367430142,-0.0154177891717982,FALSE
NC_035788.1_52032457,2,0.396267431914476,0.0673136267574352,TRUE
NC_035788.1_52170267,2,-1.17627009654001,-0.00837688910922639,TRUE
NC_035788.1_53147481,3,0.126058406945767,-0.0989406982291085,FALSE
NC_035788.1_53311540,2,1.62314761459612,0.0296504536126111,TRUE
NC_035788.1_54209813,3,-0.254983427272746,0.00633038147004152,FALSE
NC_035788.1_54209832,3,0.277093231418768,0.0287031327160084,TRUE
NC_035788.1_56152259,3,-0.0478525667342294,-0.0072780509814905,FALSE
NC_035788.1_56428146,3,0.327243746437883,0.0546917523563349,FALSE
NC_035788.1_56545153,3,-0.411396886078567,-0.042418396182208,TRUE
NC_035788.1_56585377,3,0.511727382334537,0.03661278994418,TRUE
NC_035788.1_56586292,3,0.344409014564899,0.0663562679541177,TRUE
NC_035788.1_57268445,2,0.565807901624178,0.0970794302928143,FALSE
NC_035788.1_57324025,2,-0.085020681058367,-0.0104971697629557,FALSE
NC_035788.1_59020877,3,0.287184414644397,0.0488716123870802,TRUE
NC_035788.1_60343824,2,0.470285437550643,0.0651757624939594,FALSE
NC_035788.1_60437307,2,-0.220433008287971,0.0280867032990533,TRUE
NC_035788.1_60476810,3,0.276565762409531,0.0568938881069834,FALSE
NC_035788.1_60692061,2,2.13490995886414,0.0524013960697759,TRUE
NC_035788.1_61441905,2,-0.116114327184158,0.000335848991799705,FALSE
NC_035788.1_63487535,2,0.0031571504328495,0.00254509539441584,FALSE
NC_035788.1_64850625,2,0.90234519608063,0.0439602731485519,TRUE
NC_035788.1_65884133,2,-0.035873971597511,-0.00484634891140892,FALSE
NC_035788.1_65884164,2,0.167377212789296,0.0276836540308731,FALSE
NC_035788.1_68038738,3,0.816799633656417,0.0141527389711623,FALSE
NC_035788.1_68105839,3,0.131764120792455,0.0263938324773058,FALSE
NC_035788.1_68131625,3,0.880617636838395,0.0416074428713409,TRUE
NC_035788.1_68131632,3,0.101686369284468,-0.00784974231586374,FALSE
NC_035788.1_68247653,2,0.00917856436780676,0.00883820224964835,FALSE
NC_035788.1_70924603,3,0.138451110826989,0.0149408247867718,FALSE
NC_035788.1_71699793,2,0.312369214272053,0.0445102631364644,TRUE
NC_035788.1_71699859,2,0.23026438009618,0.0273861223971936,TRUE
NC_035788.1_71699906,2,0.279587685029729,0.0219479467805999,TRUE
NC_035788.1_71699932,2,0.482231166474126,0.0280302530380639,TRUE
NC_035788.1_75862114,2,-1.53206094973875,-0.0594526391862452,TRUE
NC_035788.1_75868624,2,0.262368076604983,0.0455262227285836,TRUE
NC_035788.1_76680482,3,0.630264795436276,0.0247758058270863,TRUE
NC_035788.1_77354153,2,1.86530279329057,0.11404727946975,TRUE
NC_035788.1_77354162,2,1.6700213825141,0.0841003132198129,TRUE
NC_035788.1_78299174,2,2.75005399012358,0.0793125681219938,TRUE
NC_035788.1_78312431,3,0.94360624189672,0.0245100209836468,FALSE
NC_035788.1_78818883,2,1.01863614618965,0.0602261404102175,TRUE
NC_035788.1_79256133,3,-1.04850317296301,-0.00647174804374856,FALSE
NC_035788.1_79804652,3,-1.0653425183542,-0.0338456043795095,TRUE
NC_035788.1_79883268,3,1.5998875230668,0.0359836259425418,FALSE
NC_035788.1_79884902,3,-2.09884794284048,-0.0421599668840923,FALSE
NC_035788.1_80116339,3,-0.215048534900122,-0.0215174428790793,FALSE
NC_035788.1_80117358,3,-0.0659597439425255,-0.0302535617645567,FALSE
NC_035788.1_81095602,3,0.0315372692883542,0.00816044605124426,FALSE
NC_035788.1_81095716,3,0.386867071265531,0.0506360143021919,FALSE
NC_035788.1_81448187,2,-0.416387623387358,-0.0542337600520571,FALSE
NC_035788.1_81799739,3,0.104603216186625,-0.00328918715786244,FALSE
NC_035788.1_81956690,3,-0.376946178863082,-0.00734756804711802,FALSE
NC_035788.1_82160876,3,0.308358776005555,0.0667023408156177,FALSE
NC_035788.1_82443959,3,-0.691694586441883,-0.000167783167449935,FALSE
NC_035788.1_84284988,3,-0.755668954165957,-0.0453510557412234,TRUE
NC_035788.1_84762081,2,-2.49870244514017,-0.0575304610622167,FALSE
NC_035788.1_84769418,2,0.622415718558842,0.0822104525063902,TRUE
NC_035788.1_85712527,3,0.307857392131731,0.00943400710998921,FALSE
NC_035788.1_87595114,2,-0.13967367584987,0.0070943866350605,FALSE
NC_035788.1_87830169,3,-0.574662270696047,-0.0266125895797385,TRUE
NC_035788.1_87931859,2,2.67883753381985,0.081832243608671,TRUE
NC_035788.1_89818998,3,-0.900069837727648,-0.0698665222766787,FALSE
NC_035788.1_89922247,3,1.67522800300227,0.0233105496545009,FALSE
NC_035788.1_90298883,2,0.69410193332686,0.137693482638357,TRUE
NC_035788.1_90340179,3,1.96564016655491,0.0221097189241817,FALSE
NC_035788.1_90548435,3,0.201379663618717,0.0350126174140928,FALSE
NC_035788.1_90767745,3,0.500239923190679,0.117493481617823,FALSE
NC_035788.1_91924660,3,1.19223282703343,0.0559752019028817,FALSE
NC_035788.1_95265450,3,0.455551724826609,0.0343698421461748,TRUE
NC_035788.1_99435188,3,-0.00291011953845344,-0.00354745770047521,FALSE
NC_035788.1_101622915,3,0.218354343172594,0.0577235524245657,FALSE
NC_035788.1_101622925,3,0.315409869505909,0.0539230084678883,FALSE
NC_035788.1_101622928,3,0.538452855990434,0.0740403099444319,FALSE
NC_035788.1_101628362,3,0.700953817104466,0.169593209569847,FALSE
NC_035788.1_101700270,2,0.477738131403287,-0.00118080582102987,FALSE
NC_035788.1_101842711,2,4.31943192597264,0.0525802293650592,FALSE
NC_035789.1_377648,3,0.340334652350236,0.0648732947683206,TRUE
NC_035789.1_521369,2,3.46201140479085,0.0361623949027317,TRUE
NC_035789.1_630251,3,-0.692327282314235,-0.00191652122686712,FALSE
NC_035789.1_630374,3,1.89998921336794,0.0328039985230114,TRUE
NC_035789.1_1615340,2,0.735369638059007,0.00208989417043943,FALSE
NC_035789.1_1689785,3,-0.927418163411149,-0.0433583186374755,FALSE
NC_035789.1_1766915,3,1.79785002929627,0.0416049957341584,TRUE
NC_035789.1_3447110,3,-0.827273322238561,0.0223679850502553,FALSE
NC_035789.1_3491718,3,0.999038994687307,0.0077686619924324,FALSE
NC_035789.1_3579039,3,0.342790747037038,0.0092528432561185,FALSE
NC_035789.1_3579045,3,1.0689924816649,0.0158176790464536,FALSE
NC_035789.1_3612147,3,0.97184509343621,0.00671858332191484,FALSE
NC_035789.1_4360473,3,0.337748567467922,0.0395874144234095,FALSE
NC_035789.1_4362543,3,0.133544560616561,0.0291012897417163,FALSE
NC_035789.1_4362657,3,-0.200759040406776,-0.0413841040033047,FALSE
NC_035789.1_4362705,3,-0.0878881845071645,-0.0126151919831512,FALSE
NC_035789.1_4362852,3,0.23867847666183,0.0524041718998342,FALSE
NC_035789.1_4489140,3,0.103113987500529,-0.0272381316008093,FALSE
NC_035789.1_6800575,3,0.10424082504689,0.0471914367928664,FALSE
NC_035789.1_8466020,3,0.090949550839503,-0.0144219432222387,FALSE
NC_035789.1_8866707,2,0.30512691246191,0.0503318367971438,TRUE
NC_035789.1_8880247,3,1.08672002558173,0.0712871473293623,FALSE
NC_035789.1_8880749,3,0.229158027022975,0.0493529223977313,TRUE
NC_035789.1_8880775,3,0.419579517113294,0.08361189676483,FALSE
NC_035789.1_9441238,3,0.246207418406409,0.0619191283141406,TRUE
NC_035789.1_9441876,3,0.0446568297050768,0.0117687718023521,FALSE
NC_035789.1_10591563,2,0.509580276533823,0.0131801903541034,FALSE
NC_035789.1_11335602,3,0.561505601147613,0.0247201945152132,FALSE
NC_035789.1_14009048,2,2.38570432305094,0.0726386014377017,TRUE
NC_035789.1_14293734,3,0.370944651918538,0.0165787514834966,FALSE
NC_035789.1_16956256,3,-1.61640793250587,0.00533258939549124,FALSE
NC_035789.1_23107929,3,0.127428870975964,0.0301173333915006,FALSE
NC_035789.1_23176319,3,0.464795143003971,0.0277812461114914,FALSE
NC_035789.1_27661480,2,0.684170183639076,0.0584380417653034,TRUE
NC_035789.1_31017699,3,2.4304067190015,0.0178203784965264,FALSE
NC_035789.1_31050632,3,0.847747875407688,0.00841360194045548,FALSE
NC_035789.1_31063899,3,0.74613267383117,0.0354422688540918,FALSE
NC_035789.1_31183632,2,-0.467842496889019,-0.0235574585433786,FALSE
NC_035789.1_31183988,3,0.934209974208868,0.0565497656202818,TRUE
NC_035789.1_31185120,2,-0.710480321646811,-0.177181408683587,FALSE
NC_035789.1_32640913,2,0.673858448008935,0.0401018192414199,TRUE
NC_035789.1_32641557,3,0.0501760554491746,0.015562649268654,FALSE
NC_035780.1_24088750,2,-0.843190142659669,0.00210154731115811,FALSE
NC_035780.1_26157226,2,0.997471138183884,0.038237523708789,TRUE
NC_035780.1_30691883,2,0.163806801923388,0.0298851291561062,FALSE
NC_035781.1_15461707,2,-0.356830773598661,-0.00931376573478732,TRUE
NC_035781.1_17831321,2,0.816925428327744,0.0056244272487565,TRUE
NC_035781.1_30950978,2,0.180208028453504,-0.0056272267461357,FALSE
NC_035782.1_7852829,2,1.19978589123205,0.0380325950239026,TRUE
NC_035782.1_30571900,2,-0.101287813548383,0.0249643547748626,FALSE
NC_035782.1_32978205,2,1.13404987290798,0.144491189319479,TRUE
NC_035782.1_49721198,2,0.736604098171546,0.0560781263346533,TRUE
NC_035782.1_51017442,2,1.26161366433675,0.128149124753284,TRUE
NC_035782.1_64451246,2,-0.377502576620638,-0.0148937894518892,TRUE
NC_035782.1_67400566,2,0.100475506060154,0.0233339487428274,FALSE
NC_035782.1_67816491,2,0.393813812319323,0.0741888156148409,TRUE
NC_035783.1_13448949,2,-0.667870819696565,0.00655491739249213,TRUE
NC_035783.1_24465454,2,-0.581324182809333,-0.00992860515781956,TRUE
NC_035783.1_34994267,2,0.177394233600194,0.00587792875297119,FALSE
NC_035783.1_36454573,2,1.10068511376345,0.017084527404968,TRUE
NC_035783.1_43517138,2,0.488904907628501,-0.00667583980538196,FALSE
NC_035783.1_52272053,2,0.964697720599492,0.0413330674089933,TRUE
NC_035784.1_8764215,2,-0.651365095730754,0.0265903793155652,FALSE
NC_035784.1_43241478,2,1.21289831313666,0.0305721495259616,TRUE
NC_035784.1_57171513,2,1.78621695758708,0.00352320565971586,FALSE
NC_035784.1_66391874,2,0.929437831846826,0.0369831439787335,FALSE
NC_035784.1_72519441,2,0.333415839479573,-0.0322699152809281,TRUE
NC_035784.1_91528875,2,1.06191577713344,0.0576120694728771,FALSE
NC_035784.1_93218081,2,0.114983736167501,-0.00109682974600055,FALSE
NC_035784.1_96548925,2,-0.0600065695786167,0.0512293685004291,FALSE
NC_035785.1_14316002,2,0.243512677977855,0.0527014903051181,TRUE
NC_035785.1_21344942,2,0.0136521288716772,0.0049528073842371,FALSE
NC_035785.1_41887866,2,0.800541453196293,0.0140445891544987,TRUE
NC_035786.1_25806147,2,-0.0128220322178621,0.00353959905044748,FALSE
NC_035787.1_18372881,2,0.545290022379525,0.00795397173926045,TRUE
NC_035787.1_59770808,2,0.732555555188957,0.00985219965871999,FALSE
NC_035788.1_12056720,2,-2.61867605308889,-0.05325459890507,TRUE
NC_035788.1_40488544,2,0.285361525058396,0.0124014548086033,TRUE
NC_035788.1_47644283,2,0.151409642133268,0.0100411931876555,FALSE
NC_035788.1_56428112,2,-0.818547631115531,0.0136928017795996,FALSE
NC_035788.1_101623029,2,0.189859863604914,0.0095921124229725,TRUE
NC_035789.1_5380590,2,1.78602901411716,0.0256403891594571,TRUE
NC_035789.1_30016976,2,0.519606777994884,0.0158927548435559,TRUE
