block,snp,I,CA_eff,SE_eff,dCON_o,I_l,n_splits
B10,NC_035780.1_242942,-0.00409002625652462,0.0414160755945746,-0.0654214134994237,-0.0124763515568113,-0.109017546713193,3
B10,NC_035780.1_416630,0.13823314084029,-0.0213749183223736,0.0794810115903282,0.0619661654291199,0.583791959004831,3
B10,NC_035780.1_574241,0.0014970757930628,-0.0435451112938349,0.00593148518887856,0.0959685016167686,0.0678701786359145,3
B10,NC_035780.1_623970,0.0965744117285076,-0.0107530459716951,0.0321315452824614,-0.00883941343769796,3.37274855422134,3
B10,NC_035780.1_626842,0.0545688440400754,-0.00353919532103814,0.0273104617731551,0.0203004158866065,0.98169416463011,3
B10,NC_035780.1_648078,-0.0218355759861596,-0.00132986527944511,0.00355808955298984,0.01,-1.41730484675444,3
B10,NC_035780.1_722952,-0.00827839696406936,-0.0210312624115181,-0.0438422292752556,0.0556822681712988,-0.00561226211492816,3
B10,NC_035780.1_722997,0.171460832488196,-0.0607438332607697,-0.00678135486449971,0.0448285689208479,1.02157332022778,3
B10,NC_035780.1_904338,0.0626231567188113,0.00732186621802082,0.018828003081209,-0.00968720821661998,1.81869807233395,3
B10,NC_035780.1_939001,0.020132604510935,-0.00130067067477397,0.0225172687817104,0.0309330236159504,0.449557590705611,3
B10,NC_035780.1_1882217,-0.00227210469273503,0.0333272189204393,0.0633304660913799,0.0158730158730159,-3.29701399340214,3
B10,NC_035780.1_2173819,0.0701228471946106,0.0157636776280844,0.0303133903133903,0.00542514345331247,-0.717924437487445,3
B10,NC_035780.1_2654159,0.0061190362927218,0.038288933779829,0.0802056398022566,0.00106333655861957,0.435621449630647,3
B10,NC_035780.1_2919366,0.0400059249541834,-0.00417043258186657,0.00332119456406111,0.0259988717709306,-0.126572988808271,3
B10,NC_035780.1_3673218,0.0822105133036302,-0.000705117434931004,0.0901381288169785,-0.00969752936753524,0.352963401717503,3
B10,NC_035780.1_6169102,0.0305876304333463,-0.0266518228891393,0.0397271226581641,0.0364060168394138,0.347661786690484,3
B10,NC_035780.1_6169608,0.0526452787002647,-0.0201351291990728,-0.0210752776563555,0.048355971178496,0.422086844200495,3
B10,NC_035780.1_6373267,0.0137794543962183,0.0346303045537949,0.0740007128636453,0.0330760673063552,-0.178997062668753,3
B10,NC_035780.1_6409702,0.12137024693398,-0.044801529093474,0.00176076590489144,0.0274249752951579,2.4811164942263,3
B10,NC_035780.1_7037971,0.325291763919147,-0.0201669493021051,-0.109760496267317,0.00909946287599733,1.33165039329188,3
B10,NC_035780.1_7037972,0.320406283357465,-0.023949453561104,-0.105917678812416,0.00960501203219646,1.31117809938709,3
B10,NC_035780.1_8051153,0.0449558686070578,0.0135577984039009,0.0409802523737214,-0.00453404655865765,0.431897671321956,3
B10,NC_035780.1_8059859,0.0924333846297726,-0.0513906030697496,0.0715952092570964,0.0313965187346316,1.03126149393522,3
B10,NC_035780.1_8087434,-0.0349542546111238,-0.0560049326328931,0.178258982964865,0.075503603150662,-0.161582992433017,3
B10,NC_035780.1_8090681,0.0561720713553373,-0.00581825699840278,0.0589680085416035,0.0487708316753344,0.242138659269081,3
B10,NC_035780.1_8154371,-0.106233609635459,0.122972437804867,0.0674539903533678,-0.062848990756461,-0.681116049909015,3
B10,NC_035780.1_8154410,0.0240026118152558,0.052700848833462,0.0716293652907971,0.00976734286797982,0.321072532432136,3
B10,NC_035780.1_8155168,-0.110667510950238,-0.0290936566747066,0.0562000829533983,0.035148386258848,-0.722587257060307,3
B10,NC_035780.1_8155543,0.0587197278517885,-0.0171494652803064,0.0089368934609196,0.0235197984462197,1.8342814908789,3
B10,NC_035780.1_8219007,0.0282523139130566,0.0139275353111831,-0.0104338035772635,0.0222510528320926,1.51876041312923,3
B10,NC_035780.1_8549206,0.159282046771602,-0.0172651951275607,-0.0225059644024357,0.0193430285867261,1.21599625544204,3
B10,NC_035780.1_8699244,0.086771679152277,-0.0482546864899806,0.0153619565613772,0.111990950226244,0.4831858751695,3
B10,NC_035780.1_8742896,-0.00903865731944986,0.0327677427548006,0.139202699067358,-0.00803461363570653,-0.0252125854013173,3
B10,NC_035780.1_8915880,0.0474283324612094,0.01995248975447,0.0551667116851098,0.00525888168331658,-0.542561338497093,3
B10,NC_035780.1_9535980,0.0458891131104436,0.0268800357352243,0.0153283434592034,0.0506794387587987,0.213340651447368,3
B10,NC_035780.1_11145045,0.0747948318578053,-0.0591660726974727,0.0145810316854025,0.0482047048774227,1.03521697085307,3
B10,NC_035780.1_11153650,-0.0495087474287195,0.0311406678885762,0.0447944333506864,0.031655542181858,-1.51311397488869,3
B10,NC_035780.1_11456907,0.00445853554675026,0.0262954645980062,0.0312493197120244,0.00322701890034364,-0.228798791764026,3
B10,NC_035780.1_11460694,0.485870831230768,-0.00451394204305243,-0.182014274655034,-0.0303142211036948,2.0476892626985,3
B10,NC_035780.1_11460721,0.5235923062065,-0.0148906391017891,-0.219856810792487,-0.0305429641910075,2.18858500051881,3
B10,NC_035780.1_11460778,0.0447623805444051,-0.0181564550339156,0.209251231652771,-0.0250732844142413,0.193631790739171,3
B10,NC_035780.1_11542240,0.0206743472509491,-0.00434734185200336,0.0414573825442256,0.0115242444009567,-1.25405388361968,3
B10,NC_035780.1_13060561,-0.015225206055957,0.0485974405601957,0.0991975641494281,0.0241937368154023,-0.098506300521681,3
B10,NC_035780.1_13164394,0.0367101820306803,0.00498311918336741,0.0280618650473372,0.030860378671761,1.31195005871502,3
B10,NC_035780.1_14433594,0.375980067902135,-0.0742671816201228,-0.0856046399295344,-0.0100595153412055,1.58456060439205,3
B10,NC_035780.1_14694387,0.0519680248802635,0.00702244296027093,-0.000868831095106002,0.0281841294828308,1.08573422455065,3
B10,NC_035780.1_14698791,0.0110340493518079,-0.0751621726904576,-0.0025056383135561,0.0223385539359454,-0.0376311440735874,3
B10,NC_035780.1_14698999,-0.0336430877124579,0.0359794061734139,0.0525007595660793,-6.70690811535879e-05,-2.84971105975555,3
B10,NC_035780.1_15499443,0.120223047038663,0.0184346504559271,-0.0387570467357701,0.0255480335267569,2.36682323931146,3
B10,NC_035780.1_15610936,0.0614193247809301,-0.00275430678566177,0.0535618175835794,0.0153805694119244,1.20825279506322,3
B10,NC_035780.1_15720403,0.0241226971639917,0.010684009839995,0.0112357051995885,-0.00955606752982566,-0.0176154830597162,3
B10,NC_035780.1_16187099,0.0341490070943806,-0.00661002915751358,0.0472070315925179,-0.0059694781730454,0.338281014723383,3
B10,NC_035780.1_16504638,0.0445966023963991,-0.0113674858339492,-0.010307593640927,0.0475912975912976,4.55618486938428,3
B10,NC_035780.1_17658402,0.10396041660239,-0.0347575422306824,-0.0123099101517645,0.0329512855301082,2.96619633014756,3
B10,NC_035780.1_17667152,0.112266850976277,-0.0747468271548496,0.0134902158459035,0.113869995100645,0.452625671620072,3
B10,NC_035780.1_17667463,0.025957373832454,0.0855743786722815,0.0851491910959627,-0.0286266359237489,-0.103288181617173,3
B10,NC_035780.1_17667995,-0.0014084897182347,0.0352985638699924,0.100171709267953,-0.0305672761368964,-2.28549311211866,3
B10,NC_035780.1_17684340,0.0710964899437154,0.0683754992079076,0.0154276192012041,-0.0115909620312136,-0.399544634131252,3
B10,NC_035780.1_17684430,0.0155518769550429,0.0106369820655535,0.0737529358791817,0.0085549371263657,1.28224887449525,3
B10,NC_035780.1_18447492,0.253352309234827,-0.173498824817283,-0.146783344680737,0.0930518119197365,1.52833581316965,3
B10,NC_035780.1_19319176,0.163759832379331,-0.0908471059700666,-0.00278924483333796,0.0678484015237966,1.06008887718979,3
B10,NC_035780.1_19376247,-0.00783906569700726,0.0681492751192385,0.0597416158260638,0.0143354117597358,-0.0802974757121072,3
B10,NC_035780.1_19595212,0.021511191702669,-0.00338781528748403,0.0510219116515015,-0.00920646234259919,-0.47256174307304,3
B10,NC_035780.1_19671795,-0.00619136342399338,0.0977668559013176,0.0363624173073485,0.0471037127906889,-0.0437547654466109,3
B10,NC_035780.1_19793486,0.0520325944797436,-0.00697326267893892,0.0551288057160145,0.00797353539204473,0.729656059732122,3
B10,NC_035780.1_19946760,-0.0573356329759154,0.0698137770985453,0.0832711091306898,-0.0721544919392602,-0.702965318430759,3
B10,NC_035780.1_19976031,0.0476231082502432,-0.0480707605747123,0.0391472815679954,0.0342120847432083,0.292047498476375,3
B10,NC_035780.1_20467136,0.0849035550251598,-0.0295569571296883,-0.00594458693271084,0.0303853021459763,2.64065905424423,3
B10,NC_035780.1_20636191,0.0387427710627155,0.0240851885843141,0.0200698886308584,-0.00337222492302706,0.589074245757377,3
B10,NC_035780.1_20748489,0.0855614073048212,-0.0854956483153959,-0.074785033523868,0.0826595353633277,0.373693868752167,3
B10,NC_035780.1_21952643,0.0604993876709983,-0.00587475894207041,-0.0168583313514329,0.026202597266977,0.393165781369173,3
B10,NC_035780.1_21953090,-0.0403762267476106,0.0263794374875666,0.0455592508497666,0.0124089552233652,-1.10311958383522,3
B10,NC_035780.1_21958832,0.0819878305162723,-0.0132103208408429,-0.0540871618312899,0.0348284830898526,3.30576519427873,3
B10,NC_035780.1_22005285,-0.0175977763283272,0.0777300323543271,0.0484844594857432,0.0288735678604568,-1.31758149089212,3
B10,NC_035780.1_22010323,0.237658193537501,-0.10954052917064,0.0138820073363925,0.0643647618883199,1.19305353616759,3
B10,NC_035780.1_22030105,-0.133408372952083,0.136380998154735,0.132097880726995,-0.0392023147691546,-1.32877106819746,3
B10,NC_035780.1_22276346,0.0612302044355858,-0.0388516270110691,-0.00674702935645867,0.0362203037837939,5.13481558041427,3
B10,NC_035780.1_22392376,0.0741758241758242,-0.00793650793650794,-0.0158730158730159,0.0100250626566416,4.36988435409221,3
B10,NC_035780.1_22398500,0.00532271906873729,0.0259404831652781,0.0369262920987059,0.00718725718725719,-1.10603371737634,3
B10,NC_035780.1_23575652,0.0785157166900584,-0.0053852644614094,0.00288876869049392,0.0477586870808652,0.6463157942807,3
B10,NC_035780.1_23818494,0.0188135251926294,-0.0965763518410265,-0.0159506348095618,0.104035785534615,0.139017137835635,3
B10,NC_035780.1_24078909,0.0409422165537524,0.0171086255779721,0.0108081723027375,0.0148023169178263,0.775247489777962,3
B10,NC_035780.1_24078931,0.0927919692580055,-0.0193197739296733,-0.0111146954599659,0.0247665515413994,1.27583204763217,3
B10,NC_035780.1_24089934,-0.0448882680979139,0.00830105926291288,0.0609188877842164,0.0289867337234231,-1.53250704359059,3
B10,NC_035780.1_24474445,0.0125318038640456,0.0273708029078621,0.0410177464698741,-0.00990962977903276,-1.04377393988743,3
B10,NC_035780.1_24474469,0.0240562845090766,0.0287777794149608,0.0413701984506788,-0.011632185545229,-0.87228068923882,3
B10,NC_035780.1_24474513,0.0267621236464908,0.0133193031550698,0.0363881784597897,0.00560440671113806,-0.742560060351826,3
B10,NC_035780.1_24494373,0.137192558178686,-0.020257738612287,-0.00119999323875216,0.0353751747823548,1.61303046527922,3
B10,NC_035780.1_24637827,0.000141666336518087,0.000299341186158019,-0.0045820826197874,-0.0157872981018703,0.467000104503881,3
B10,NC_035780.1_24752700,-0.0174642763045808,0.00532009512039846,-0.00870132513756937,0.0445744776702139,-0.618359715948668,2
B10,NC_035780.1_24756549,0.0202042253698486,0.0399198562016014,-0.00263527662668269,0.0159848711511153,0.331829218024732,3
B10,NC_035780.1_24797292,-0.0245406874402052,-0.0277417903733693,-0.0535928093279296,0.0642246642246642,-0.0932527627021361,3
B10,NC_035780.1_24807218,0.0233516675772166,0.000499384471509907,0.0137389227110481,0.0175156280389154,2.55520484687855,3
B10,NC_035780.1_24826351,0.00936655906203932,0.00599383143048996,0.0585394863319429,0.00587369478259364,-0.791080278273129,3
B10,NC_035780.1_24826489,0.0498168713219125,0.00480384015081776,0.0249369286295968,0.0753068167714334,0.355540284246698,3
B10,NC_035780.1_25165809,0.00753682176329131,-0.0104609929078014,0.0895390070921986,0.0273801848269933,0.187673906257636,3
B10,NC_035780.1_25192127,-0.00769012748333943,0.0188584087481146,0.0670235143865976,-0.00784313725490196,-2.0502550722502,3
B10,NC_035780.1_25202948,0.178517714662071,0.0140720701696312,0.0811594983688007,-0.0154097022518075,1.56615774152494,2
B10,NC_035780.1_25203176,0.0444373769789582,-0.0386306303488966,-0.0593729165855504,0.0380441014442899,0.671077455856442,3
B10,NC_035780.1_25301154,-0.0224475473571878,0.00531587958992678,0.0453428769664274,0.0296470342522974,-0.290836102593353,3
B10,NC_035780.1_25934158,0.137848530242406,0.0379355128930681,0.0248129652858311,0.0847181492342783,0.66756776726954,3
B10,NC_035780.1_25957311,-0.0378589458522493,0.057541476706522,0.0302414433437414,0.080740513630582,-0.276141516099032,3
B10,NC_035780.1_26063315,0.0316105351777574,0.00384128921041673,0.0264335794912269,0.0111227482195224,0.272801211611763,3
B10,NC_035780.1_26242761,0.0302331296956469,0.0098975183581317,0.0257291760161984,0.000687908857708098,0.36282140538871,3
B10,NC_035780.1_26242776,0.0238727855126386,-0.0188443844574279,0.0292534369886649,0.00747667230707459,0.44476118486191,3
B10,NC_035780.1_26242948,0.0358844993768467,-0.0219677868622401,0.0107895200448917,0.0289238592986541,0.344653933953255,3
B10,NC_035780.1_26370867,-0.0717803339561995,0.118698742851353,0.201536095623181,-0.0215305451607466,-0.512030413485148,3
B10,NC_035780.1_26403392,0.00919317190310088,0.0180456568063161,0.017180299920238,0.0184664559950601,2.49050466931949,3
B10,NC_035780.1_26403406,-0.00318951558962133,0.0366724852454247,0.026918853045108,0.00637416827101699,2.99809217650352,3
B10,NC_035780.1_26587849,0.00135716668444241,-0.0177436692602033,-0.0298549911266262,0.0471038994325408,-0.390324670888976,3
B10,NC_035780.1_26641245,0.04693644719782,0.0515051662088219,0.019037361130302,-0.00986500239082096,0.285046498613438,3
B10,NC_035780.1_26641443,-0.0352221321585483,0.021523759285685,0.044665121309983,-0.021891794162022,-0.202926620860127,3
B10,NC_035780.1_26642058,0.0177176044776645,0.0352236474672898,0.0463163796131228,-0.0118512813930604,-1.6662201211593,3
B10,NC_035780.1_26886056,-0.0660897291420347,0.0765688282581432,0.0585125674665523,-0.0458005567180759,-0.531811324539899,3
B10,NC_035780.1_26886554,-0.00516320805622299,0.0467867198861351,0.0588616862589465,-0.011419325011558,-1.65825825210159,3
B10,NC_035780.1_27668305,-0.011110932686742,0.0370205634565578,0.0440266870370172,0.00118692190609999,-1.52474228995422,3
B10,NC_035780.1_27795173,0.110383876872703,-0.00260015723419584,0.0585014771550554,0.0313966632056586,0.540969872170185,3
B10,NC_035780.1_27798619,0.0219690797233071,0.0488977756990622,0.0598969625922088,0.0265817548298323,0.0630626377067471,3
B10,NC_035780.1_27798629,0.0471397080629182,0.0372459646529976,0.0555249924087998,0.0252429742776946,0.181851563327807,3
B10,NC_035780.1_27798655,0.0503408802413823,0.0167351468923142,0.051463162673969,0.0514407298623559,0.198619899010253,3
B10,NC_035780.1_27798656,-0.0448485406522541,0.104830342558497,0.106578353915067,-0.0487052013660165,-0.17137075143323,3
B10,NC_035780.1_27833517,-0.0530844608282112,0.0198469478060714,-0.0467971110226457,0.0355183795427698,-1.03537502107742,3
B10,NC_035780.1_27851034,0.0294761234264561,0.0308776370315253,-0.038545555488598,0.0797008371502088,0.09996052694824,3
B10,NC_035780.1_27851427,-0.00893258704411739,0.0686018988097401,0.0608004660369345,0.0296661193212917,-0.0235683304214551,3
B10,NC_035780.1_27851446,-0.0262526721891761,0.0488997106133681,0.144903196975802,-0.0209542247888316,-0.159231545094422,3
B10,NC_035780.1_27854732,0.122976676129897,-0.0144529936536179,0.0286943459299897,0.050506361898767,0.557473303478617,3
B10,NC_035780.1_29904291,0.045112334707455,-0.00256097981902354,0.05242306174619,0.0247569951963331,0.680651176377644,3
B10,NC_035780.1_30519224,-0.133425836025546,0.072917674568618,-0.0222239361945244,0.108065545565546,-0.546237133800938,3
B10,NC_035780.1_30691871,-0.0242910855440841,-0.0255622053864144,0.00792088340712629,0.0663742916521447,-0.105899691275171,3
B10,NC_035780.1_30691886,0.0471568763140744,0.0224575620686389,0.00369774753676551,0.0852570593604571,0.198364874652899,3
B10,NC_035780.1_30691894,0.0551386619071464,-0.00262579891309548,0.0224449874529807,0.00606722772723071,1.340790354199,3
B10,NC_035780.1_30850154,-0.123249581473409,0.0868816089521286,0.147551958625036,0.0641483831066449,-0.516556196274885,3
B10,NC_035780.1_31246565,0.112484439546283,-0.0341561554944262,0.00123642127746095,0.0950332249921853,0.469731698603301,3
B10,NC_035780.1_31273658,-0.0242571477883208,0.0393751704194437,0.0566735154986436,-0.0255526790125633,-0.0113294262711035,3
B10,NC_035780.1_31325492,0.106185842591056,-0.00414301546967379,0.112107030113582,-0.0470173520589802,0.491579049332623,3
B10,NC_035780.1_31672604,0.0147587510749303,-0.0164933943910759,-0.0184907188902807,0.0147049080017616,2.32789032329343,3
B10,NC_035780.1_32273330,0.190871804637737,-0.0529100747340312,-0.0295648710298316,0.0841415229885057,0.812214126407234,3
B10,NC_035780.1_32363479,0.0760989754324669,-0.0267738160883322,0.179059502588914,0.0112387612387613,0.363139827882691,3
B10,NC_035780.1_32363950,0.0261217050974396,-0.0186133655660043,0.108158530504137,0.0208278788744289,0.113263705531298,3
B10,NC_035780.1_32399018,-0.0569447513810953,0.0941237703103799,0.0850469590276863,-0.0248619210485306,-1.32999692721285,3
B10,NC_035780.1_32399475,-0.00800374079678656,0.0776648097332178,0.0572289977051882,-0.0130827915739633,-0.0143900017847297,3
B10,NC_035780.1_33139683,-0.0294553729336338,0.0156370656370656,-0.0298331646157733,-0.0211015465113826,-2.63741336310889,3
B10,NC_035780.1_33460432,0.0622905242262429,0.0223829147444046,-0.00836290719515512,0.0402029664324746,0.736534092706925,3
B10,NC_035780.1_33460446,0.0520425296895092,0.0216297122094224,-0.00807101522805315,0.0258541487223658,0.328718134272691,3
B10,NC_035780.1_33525853,-0.037768149066768,0.0560845884458015,0.203994997878869,-0.0761397499903247,-0.156372258985571,3
B10,NC_035780.1_33922584,0.0650817243851527,-0.00709913944297943,0.154911292983243,-0.0443781865014742,0.285539687860378,3
B10,NC_035780.1_33923386,0.0269738791903593,0.0323344189674224,0.0462770317275946,-0.0102249504124443,-0.400797477607106,3
B10,NC_035780.1_37363574,0.051268088574899,0.079890828829297,0.0738348701485313,0.0048692391501026,0.387461097596022,3
B10,NC_035780.1_38284214,0.00136854812819605,0.00973632457900704,0.0530019531649375,0.0168005463789414,0.0394596168024696,3
B10,NC_035780.1_39347026,0.0988361593534486,-0.029909753270409,0.0381400208986416,0.00705222961320522,1.98277331568015,3
B10,NC_035780.1_39816950,0.0717146058217146,-0.0352294985000781,0.0259843696373353,0.0329109951719321,0.469400819275256,3
B10,NC_035780.1_41731535,0.065336785094443,-0.0211343724658446,-0.0193609493403586,0.0232269512763594,2.5116395775517,3
B10,NC_035780.1_42733221,-0.0476210327128476,0.0375186868691722,0.0786155051463274,0.00820780266643687,-0.592190037967868,3
B10,NC_035780.1_43048576,-0.0234526738935988,0.0434812820168857,0.14750422917486,0.00592987471567084,-0.0941647619540431,3
B10,NC_035780.1_46684551,0.146313651481058,-0.0400774462480452,0.0168297028903661,0.00868667245549228,1.0455436771411,3
B10,NC_035780.1_46792233,-0.119186912050387,0.0829918571053323,0.257153880070547,-0.0239197530864198,-3.53782560674346,3
B10,NC_035780.1_47055026,0.140139249182013,-0.0477761258487404,0.0481082964859733,0.0158723464255104,0.894027747908593,3
B10,NC_035780.1_47116571,0.0849561559809136,0.115872556765807,0.136874447391689,-0.168562491673025,0.35139815539225,3
B10,NC_035780.1_47246171,0.0986998453312018,-0.0771829522625846,0.0208307670197914,0.0958582753021623,0.442345493349989,3
B10,NC_035780.1_47246176,0.100024095963507,-0.0543645689444544,0.0389295072814769,0.106249405274717,0.442457862942697,3
B10,NC_035780.1_47301854,0.0461290458097004,-0.0194350800187037,0.0394160279603113,0.0196806677642915,0.818387166594046,3
B10,NC_035780.1_47304766,0.00234115842455696,-0.0112483430083119,0.0553165019496894,0.0344842056672856,0.118268048296289,3
B10,NC_035780.1_47304864,0.0451283230837494,-0.0176219936394355,0.0558480476600632,0.0200126262626263,1.6833183243758,3
B10,NC_035780.1_47394431,0.107065096220639,-0.0645472220078501,0.14653849877243,-0.0176009308685239,0.445194706563434,3
B10,NC_035780.1_48529141,-0.00341837179231969,0.0840654900936341,0.0796647712084761,-0.0218421537894154,-0.0590137924672936,3
B10,NC_035780.1_48531640,0.0570295735468829,0.0335998667333,-0.03196317105196,0.0673357461466419,0.404328743396482,3
B10,NC_035780.1_48998762,-0.0431752275997623,0.0421990606329639,0.0701419105725371,-6.35449086484422e-07,-0.00909429453368863,3
B10,NC_035780.1_49947770,0.0397508827395055,0.0206744590160607,0.0413288556275402,0.0113898818718096,-0.759193627561393,3
B10,NC_035780.1_49952164,0.196960177898505,-0.0215710406557641,0.0591828745488951,-0.0199595760554015,1.21293860599656,3
B10,NC_035780.1_53792133,0.00925618472959285,0.0599534359692737,0.0814599391297946,0.0259535655058043,0.23897813539937,3
B10,NC_035780.1_54733757,0.0715568611956056,0.0145581615730869,0.0141151277584204,0.00942140296979006,1.91246947685457,3
B10,NC_035780.1_54733802,0.104019254728411,-0.00901609774560594,0.0148900544329792,0.00222828288817083,2.45963392658381,3
B10,NC_035780.1_54843111,-0.0150555477461353,0.0634617043640929,0.0261738879074421,-0.0161597708195507,-3.2611104293865,3
B10,NC_035780.1_55027801,0.148488781016695,-0.0801815368120796,-0.013268960666862,0.102348022939786,1.06118558559944,3
B10,NC_035780.1_55038317,-0.0126190180141418,0.0328990179453045,0.0212236702188036,0.020353271358138,0.62486270508377,3
B10,NC_035780.1_55038356,-0.000529684462160104,0.0311577311577312,0.019281831785736,-0.000825537833411848,1.14129309056348,3
B10,NC_035780.1_55377631,0.0879342867072355,-0.0929823332337602,-0.060004690177104,0.0215128440529604,0.440286255569389,3
B10,NC_035780.1_55395085,0.138901389702941,-0.0557080964360024,-0.00372148334565547,0.0694381239842118,0.589169280545696,3
B10,NC_035780.1_55646379,0.0846846026450822,-0.0114279919766561,-0.0141327560528292,0.0529399455953128,0.699373080763875,3
B10,NC_035780.1_55857829,0.119237287500594,-0.00271618289836596,0.051734669331977,-0.0420798343322001,0.745713934180158,3
B10,NC_035780.1_55857939,0.0188129366647048,0.0380397822229505,0.0553692904756735,0.00423677651400422,0.199441869776663,3
B10,NC_035780.1_56153939,-0.0791240182490391,0.0491862995182169,0.117105942533508,0.00634745591989052,-0.980643939932189,3
B10,NC_035780.1_56155386,-0.0112125521893535,-0.0219465118681244,-0.0183784971073992,0.0336936072812815,0.0593371762128495,3
B10,NC_035780.1_56649256,-0.0373546400343977,-0.0722050498460389,-0.013368572705098,0.0945975289340542,0.0511853320234576,3
B10,NC_035780.1_56886492,0.072839348616901,-0.0246913580246914,0.00641073798612676,-0.00551146384479718,5.17981818666332,3
B10,NC_035780.1_56913564,0.0968718575817591,-0.0273991824718291,0.00680307128075891,0.0255343402678826,1.57893704938522,3
B10,NC_035780.1_57800352,0.0741384986918439,-0.0433535389807382,0.0423864894795127,0.0776845213809718,0.432643436173884,3
B10,NC_035780.1_58094343,-0.0144490772307615,0.129067691548171,0.136573539781721,-0.092435987784825,-1.57792102495038,3
B10,NC_035780.1_58165876,0.0324467758564724,0.0267381235850414,0.100366318406178,-0.00110796083263558,0.253047613647871,3
B10,NC_035780.1_58181306,0.124482119183358,-0.0248220188151538,-0.0281458302000102,0.0813820745314294,1.01801738138703,3
B10,NC_035780.1_58257160,0.0831164906557872,-0.015944474719035,0.0173500886183754,0.018558417589472,0.820537022065485,3
B10,NC_035780.1_58257163,0.0571772917809981,-0.00902741400384145,0.0339015511782254,0.0140732885589725,0.345846840147088,3
B10,NC_035780.1_58257352,0.0502214808268607,-0.0358027726745329,-0.0960077897097157,0.006732055413597,0.283984696905228,3
B10,NC_035780.1_58941069,0.185302559784029,-0.0508643490461692,0.0064102151635452,0.0704571436852642,1.23518758760179,3
B10,NC_035780.1_59718304,-0.072988641205446,-0.0156943495926547,-0.0022604588394062,0.0678543678543678,-0.33454308820562,3
B10,NC_035780.1_59723468,-0.0116929026843765,0.0128718852996859,0.0572348318604079,0.0126019086777318,-0.92794691554385,3
B10,NC_035780.1_60058147,0.123712309506522,-0.043306313280468,0.0590172596678526,0.0184796140678494,0.755047484929786,3
B10,NC_035780.1_60058210,0.0170248486689006,-0.00241545893719806,0.0582276017058626,0.0289855072463768,-1.02569587514368,3
B10,NC_035780.1_60346285,0.111847425833466,0.0316762094939245,0.0405504114828296,0.0188150828394731,-0.797001509474237,3
B10,NC_035780.1_60414429,-0.0332435747742217,0.0693707284519233,0.0543503066609614,0.0908517135410589,-0.0823677342982127,3
B10,NC_035780.1_60632893,0.024025267877623,0.00333151482087652,0.0585153019023987,0.00783475783475784,-0.609646992808262,3
B10,NC_035780.1_60632924,0.138168143555848,-0.0162077145444445,0.00472376549730199,0.112211546357888,1.0913777484351,3
B10,NC_035780.1_60632944,0.161796557600276,-0.0467782087582508,-0.0278023211058925,0.128300388617849,1.16111193148809,3
B10,NC_035780.1_60806617,-0.0116842101842428,0.0345728959330928,0.0508227989133616,0.0032943861792757,-1.50932684516932,3
B10,NC_035780.1_60853968,-0.0705668418555478,0.141291029405336,0.116863998048667,-0.060668870424968,-0.254172285327501,3
B10,NC_035780.1_60854878,0.105598945337189,0.0592346657318409,0.0203080247726796,0.0120872222567138,2.2668715800564,3
B10,NC_035780.1_60854931,0.0488347056983624,0.0525263559842611,0.185815616875833,-0.0369770338711241,0.293709240645279,3
B10,NC_035780.1_61153984,-0.0311675521018165,0.0387266447163739,0.080233710802902,-0.00350631136044881,-2.67354633144689,3
B10,NC_035780.1_61304992,0.0901408855929647,-0.0437769656389601,-0.00392958353033644,0.0384001106786879,0.556491519405705,3
B10,NC_035780.1_61305139,0.0819667001323285,0.0151818113660219,0.000775758925920032,0.0475712250712251,0.528490887993204,3
B10,NC_035780.1_62581100,0.0388170985834626,0.0269122629150689,0.0109534876092397,0.0280576446928638,0.245316990393543,3
B10,NC_035780.1_62581105,0.0429874433221953,0.0247556945632459,0.0144447373621357,-0.00768564478449129,0.256866086737891,3
B10,NC_035780.1_62659390,0.0263865488306265,-0.00515034097708005,0.0471445036506897,0.0010923580039478,0.508497849572116,3
B10,NC_035780.1_62659542,0.0215275585855257,0.0160070049980028,0.0245165462556767,0.00332645390784925,-0.721456068795919,3
B10,NC_035780.1_62761973,0.0246888018761433,-0.00772946859903382,0.057643073772106,-0.000766283524904215,0.168902885522033,3
B10,NC_035780.1_62762020,0.140934700443044,-0.0200257026976042,0.0466323073945025,0.00637437810945274,0.549855947114857,3
B10,NC_035780.1_62762307,0.151088100127081,-0.0677766952495595,-0.045071333487358,0.0871218896046482,1.23180539589468,3
B10,NC_035780.1_62777643,0.105677284394856,-0.0256338348406295,0.0274211952645842,0.0250641848523748,1.49332864058214,3
B10,NC_035780.1_64533774,0.010258575480747,0.0144011506422581,0.0294946006020269,0.0119275706600345,-0.828935697303252,3
B10,NC_035781.1_551673,-0.012056768458627,0.0476177741100719,0.0597895830589969,-0.012218045112782,-2.23677564501373,3
B10,NC_035781.1_643526,0.0506638221681705,-0.00985548056438479,0.0460493807458475,0.0223823447507658,0.516424902089852,3
B10,NC_035781.1_643640,0.0214481974319741,0.0296188000866363,0.0446594982078853,-0.00350877192982456,-0.83149334610528,3
B10,NC_035781.1_851815,0.0324463817689912,0.0129719054161008,0.00254396956996829,0.0597165514788577,0.136721148972453,3
B10,NC_035781.1_1101269,-0.00711224872868086,0.0249362323357419,0.0417663917533273,0.00167890382978925,0.302228499167814,3
B10,NC_035781.1_1163009,0.100722303270785,-0.0500815222966467,-0.0185524226341909,0.106881615614547,0.404691247785891,3
B10,NC_035781.1_2013247,-0.0276899865769761,0.0441430794420291,0.0456752904031479,0.0132963221330853,-0.459094025911016,3
B10,NC_035781.1_2381574,0.184089834083221,-0.0472586919135959,0.00905026436104327,0.000701796390563142,2.56642024251294,3
B10,NC_035781.1_2543661,0.0209450122027455,-2.67970270148021e-05,0.0876740444153069,-0.00445888904446856,0.073972320794684,3
B10,NC_035781.1_2543722,0.060486676838866,-0.00333949647315327,0.021490644150417,0.0271151604475112,0.742105280624866,3
B10,NC_035781.1_2700273,0.0436075007546314,-0.000884788214480123,0.0590237160681855,-0.00567962219706585,0.713949031298283,3
B10,NC_035781.1_2700286,0.0346618789534818,-0.00611073433090857,0.0602912343819845,0.0176793101784218,0.685951243634828,3
B10,NC_035781.1_2867560,-0.0331833543794881,0.0214997422358011,0.033908746038244,0.0132018632625942,-0.656517308001409,3
B10,NC_035781.1_2984364,0.0381697016248026,0.0276132998920541,0.0189658979113188,0.00548901787103059,-0.269843991046024,3
B10,NC_035781.1_2984378,-0.01793664233091,0.0634482801149468,0.083464707508098,0.0216059403559403,-0.0719230326749926,3
B10,NC_035781.1_2984410,-0.0309146433343381,0.0637202152991627,0.0795267719464667,0.039605515573738,-0.177646293416487,3
B10,NC_035781.1_3196715,-0.0142594163953783,-0.0173423423423423,-0.0163542161050467,0.0535714285714286,-0.143981677090877,3
B10,NC_035781.1_3257955,0.0140808536214021,0.0372099889262361,0.0529108572586833,0.0475050666866524,0.00727851944408927,3
B10,NC_035781.1_3570793,0.125512175638678,-0.00559108892442226,-0.000993682196765986,0.0510704871122806,1.46270459920015,3
B10,NC_035781.1_3667502,-0.0152743309064762,0.0229083551421251,0.066618051840453,0.0255746545645822,-0.167477240601626,3
B10,NC_035781.1_3667508,-0.00865310505786274,0.0309930749852665,0.0540005328971092,0.0360320146204683,-0.128781274992599,3
B10,NC_035781.1_3668206,0.0434987328248003,0.0180988522210606,0.0529314269455115,-0.0355982046122891,-0.619792657213533,3
B10,NC_035781.1_4444153,-0.0731115731115731,0.0645645645645646,0.00854700854700855,-0.105691056910569,-3.96324044177636,3
B10,NC_035781.1_4872678,-0.101569655576552,0.0216587279349958,0.0381840750425638,0.0234962997190482,-0.510937361016666,3
B10,NC_035781.1_5115634,0.102279036244187,0.0369597929105078,-0.00169689492171787,0.0772442125695879,0.435561551940672,3
B10,NC_035781.1_5115670,-0.048555173167291,0.0581233844912758,0.092481660367687,-0.0027078539028839,-0.307006578478126,3
B10,NC_035781.1_5179447,-0.0668069064185875,0.191157634216548,0.10933300392925,-0.0792672557546699,-0.14443972604412,3
B10,NC_035781.1_5180539,0.00388462192336604,0.00326991382729032,0.0336172144185113,0.0246984315611767,0.0913582026521677,3
B10,NC_035781.1_5386855,0.00929494068778106,-0.02984185471791,0.109780620206714,0.0751189867043526,0.0505227350697978,3
B10,NC_035781.1_5872005,0.00610816043177203,0.0372331071241099,0.0500415148353508,-0.0115704524291971,-1.44798790910577,3
B10,NC_035781.1_5872006,0.0359725720534414,0.0471525482405367,0.110565986156613,-0.000312653574555106,-0.0950942279279392,3
B10,NC_035781.1_5872074,0.0694524574881723,-0.0219731187210862,0.0435608154513627,-0.000159299084030269,1.50883940018969,3
B10,NC_035781.1_6230962,0.0591430106761323,-0.0135862297634083,0.0197592315903418,0.0247986882265082,-0.186162818109563,3
B10,NC_035781.1_7363331,0.0667201299418389,0.00840046392092343,0.0240078058751617,0.0452078786409075,0.485149433435664,3
B10,NC_035781.1_7363332,0.0174456597650409,-0.00446867120644929,0.0430605214808199,0.0164206747639745,0.176544956226699,3
B10,NC_035781.1_7487179,0.0857620471744341,-0.0666945483894637,0.0650766602732163,0.0655257172206325,0.565843436751682,3
B10,NC_035781.1_7487923,0.030845502726556,0.0318861466622661,0.054973706312992,0.0583128583128583,0.470247934599522,3
B10,NC_035781.1_7487932,0.0496309900523515,0.0146995428931024,0.0378191358718503,0.038471440418726,0.59930816984917,3
B10,NC_035781.1_7487941,0.0624993867511511,0.00256382325009776,0.037668354004825,0.00871822803195353,0.715028130857014,3
B10,NC_035781.1_7913789,0.0114571086388764,0.0640550184104191,0.112702936960363,-0.00694146113993442,-1.45078191172859,3
B10,NC_035781.1_7913840,0.00129836299649329,0.0212983795162662,0.058460024053868,-0.0111233045984576,-0.55574904891291,3
B10,NC_035781.1_8634399,0.0457459466332193,-0.0504539980243305,-0.0630294546075695,0.0767859354815877,0.178154906722287,3
B10,NC_035781.1_8731558,0.0186624140773991,-0.0809939137304866,-0.0799162761977407,0.101449275362319,0.185239470265166,3
B10,NC_035781.1_8739144,0.0112836960454147,0.0198172750620467,0.0412708760174782,0.00975319615025497,-0.192159309746795,3
B10,NC_035781.1_8739240,0.0614084514797935,-0.0094665535993292,0.023746612417657,-0.00379215453095958,1.2228371395684,3
B10,NC_035781.1_8739654,0.0405997471667601,-0.0500492422082597,-0.0422779084703552,0.128279066041892,0.26661184388842,3
B10,NC_035781.1_8787364,-0.136359996489495,0.239914654390058,0.246404738519338,-0.0845525174049036,-0.919269963599234,3
B10,NC_035781.1_8787457,0.490386547633364,-0.0486932803489352,-0.040692049786044,-0.0912098384224176,2.06395065871421,3
B10,NC_035781.1_9144930,0.0569733527379445,0.0144504904477027,0.0433149072201268,-0.0199601363278999,-0.363941875238617,3
B10,NC_035781.1_9144947,0.0527366597776366,0.0250314452510835,0.0424943883277217,-0.0174763508096841,-0.640736167796462,3
B10,NC_035781.1_9819932,0.00764927287063325,0.0308662131468928,0.0461946609565657,0.014099309538208,-0.159762303218466,3
B10,NC_035781.1_9820220,0.0371888698490761,0.0313665057158943,0.0198489496808824,0.00782908145336988,0.779232588398226,3
B10,NC_035781.1_10989009,0.0776916224274679,0.00412730087615466,-0.0444201876742048,0.0585953502530286,0.508642254947108,3
B10,NC_035781.1_10992444,0.0715733087219592,0.00568333360430904,0.0579697873891838,-0.0374690027624345,0.607043068157389,3
B10,NC_035781.1_10992450,0.0883299611775582,-1.28714162589416e-06,0.0474097659275594,-0.0321676482653149,0.726648571068133,3
B10,NC_035781.1_10992459,0.0925083934579136,-0.00929859236575959,0.0309027841215487,0.0172562259403433,0.707128922447733,3
B10,NC_035781.1_11872545,0.0843381189607695,0.00644124291245454,0.0173205652218425,0.0183496908964861,0.396792450746859,3
B10,NC_035781.1_11872598,0.134790939022916,-0.0760841942704302,-0.0208294368477476,0.112430360170676,0.806488771746507,3
B10,NC_035781.1_11878771,-0.0438419474147339,0.0388320296387725,0.177564357478006,-0.0438369815346412,-0.194684640539095,3
B10,NC_035781.1_11961921,0.116246451050057,-0.0433454239506321,-0.00498578829761552,0.054072259898707,0.480923039156426,3
B10,NC_035781.1_13219981,0.0126200645930696,0.0170442910390401,0.06540067984401,0.0103404935269427,0.0836902766531035,3
B10,NC_035781.1_13224181,0.0502339388133233,-0.00557779146141215,0.0202349374763168,0.0221356272823077,1.80917313325948,3
B10,NC_035781.1_13686183,0.0540792597118251,0.0234530632689604,0.0180160441279007,-0.00849244917041527,0.0622168107867628,3
B10,NC_035781.1_13690950,-0.00463320561396995,0.00432956436549395,0.0620663920186496,-0.00314384313869348,-0.118433586474418,3
B10,NC_035781.1_14213951,0.0488305307987672,0.00706267582687391,0.0270332960728304,0.00536115667334913,-1.42019048970724,3
B10,NC_035781.1_14272306,0.153255255029128,-0.0838196432371857,0.0111097210155747,0.0707116138492384,0.744340751498336,3
B10,NC_035781.1_14518764,-0.00566642435188483,0.0242414525816793,0.0195174998746427,0.0718670907120755,-0.143395170142337,3
B10,NC_035781.1_14678287,0.0519670202705233,-0.00206366403549502,0.0128804435810264,0.0049452269170579,1.33715734970442,3
B10,NC_035781.1_14793502,0.0270504440143204,0.0215981320383375,0.077744175531282,0.0145731525454837,0.222714929946256,3
B10,NC_035781.1_14794176,0.0622730547021747,0.0789494131599395,0.0653998175737306,0.0205498205498205,0.501406635380617,3
B10,NC_035781.1_14795654,0.0468198551023289,-0.0324920574920575,0.0400838640829437,0.0349446849446849,2.74392148387048,3
B10,NC_035781.1_14932245,0.0107569425859299,0.0112251750068803,0.0600402077565827,-0.00189840052044777,-0.965392661838699,3
B10,NC_035781.1_14932258,0.0305481000753251,0.00867545265056224,0.0539882689689065,0.011723753829017,-0.773025055134809,3
B10,NC_035781.1_15025276,-0.0458742227676759,0.0561306330240862,0.0744456513391045,-0.0112557339118989,-0.802600981299158,3
B10,NC_035781.1_15204165,0.0462200938690105,0.0127037572979917,0.0731641635727076,0.0131057070216563,0.11828745363641,3
B10,NC_035781.1_15204307,0.0532731226637733,0.00676198798884528,0.0963332309246772,0.0329014519964503,0.242618402897859,3
B10,NC_035781.1_15229480,0.0563613494966546,-0.00757162459290119,0.0752662191521907,-0.0271682340647858,-0.299181190425038,3
B10,NC_035781.1_15229552,0.0592576149534319,0.098107062690396,0.108054217186832,0.113890074453455,0.189729852642198,3
B10,NC_035781.1_15355177,0.0193699447500774,0.0107238512086349,0.0341645374441394,0.0144080016831224,0.0406660450520464,3
B10,NC_035781.1_15355805,0.0844631269798882,-0.0216682305345141,-0.016462619164227,0.0492342057090258,0.467382418802743,3
B10,NC_035781.1_15455991,0.0226303908874084,0.0945366615737617,0.207216012139286,-0.054445594662986,0.228749319366558,3
B10,NC_035781.1_15461753,0.0040767161603457,-0.00086243475521031,0.0457227342752196,0.0226237233222444,-2.22432997663743e-05,3
B10,NC_035781.1_15466418,-0.0157326176816955,0.0227657520221374,0.0412977921782135,-0.0101469589518862,-1.79291778535687,3
B10,NC_035781.1_15466421,0.0268486662789726,0.0224764909201184,0.00720524700414553,-0.0126950609551618,0.455381193261521,3
B10,NC_035781.1_15527898,-0.0333650448340012,0.0874414084940401,0.418015961480545,-0.0993848603798135,-0.0900365442839188,3
B10,NC_035781.1_15534363,0.0894612884360091,-0.0226648597081653,0.0100893577466765,0.0802853192559075,0.540310087738162,3
B10,NC_035781.1_15749611,0.0329654122305008,-0.0294227093818539,0.0205703771376975,0.0543735828823548,1.5062119937604,3
B10,NC_035781.1_15749616,0.0430442837783898,-0.0256179763050166,0.0132242725556918,0.0447941775490893,1.59474532590367,3
B10,NC_035781.1_16007185,0.0695429593011401,-0.0118086644116392,0.0295341894312146,0.000532965635940463,0.57966843871412,3
B10,NC_035781.1_16007833,0.382792193543162,-0.0594884292454819,-0.0440905909536856,-0.063136343160532,1.57121274220559,3
B10,NC_035781.1_16030140,-0.0493798149782468,0.109672586128722,0.137949676545524,-0.0848368267682548,-0.0891308507311122,3
B10,NC_035781.1_16030326,0.0127829073564894,0.0423330313413779,0.0625941629870617,0.0437889888710522,0.0550581938722918,3
B10,NC_035781.1_16061320,0.0232679251101359,-0.000194490460345875,0.0246231770649498,0.0124102516364645,0.198165643049954,3
B10,NC_035781.1_16395764,0.0275542529486441,0.0310043365921313,0.0766315455773198,0.0233204153931262,-0.257781548805845,3
B10,NC_035781.1_16411970,0.0773913728985334,-0.0133579514918257,0.067133557033668,0.00543900543900544,0.24760913351034,3
B10,NC_035781.1_16757531,0.0934891577088799,-0.0132632674046737,0.0213953269590852,0.00193607577004547,1.42950576246214,3
B10,NC_035781.1_17461033,0.0190697695952509,0.0207683437319187,0.012138452864488,0.0381717952353942,2.90879626945741,3
B10,NC_035781.1_17461159,0.0231221137301982,0.00785424686278515,0.023405591192706,0.0189616076315584,1.70320756029805,3
B10,NC_035781.1_17519685,0.0764279491890878,-0.0478433402346446,0.0315981205601997,0.0523920253803447,2.05778264619652,3
B10,NC_035781.1_17850618,-0.00128501622345038,0.0142422582154801,0.0708086967752079,0.00554187192118227,-1.88714644998768,3
B10,NC_035781.1_18111884,0.0596687958825032,-0.0160392293539554,-0.000754715028170402,0.0271548499809369,1.19408984652103,3
B10,NC_035781.1_18119921,0.0121262685986034,0.0557711359445991,0.0677853072807144,0.0192389327387999,0.207642443848957,3
B10,NC_035781.1_19675704,0.0990341018268222,0.0268077957297943,0.0568672036766001,-0.0130910609857978,0.550311449330704,3
B10,NC_035781.1_20342878,0.0184828863297049,0.0781869184455391,0.0659068681047175,-0.0318829046770223,0.0963801797719808,3
B10,NC_035781.1_20343007,0.10063067713437,-0.0100628439590381,0.00390660559444589,0.0193829401088929,1.18230588514199,3
B10,NC_035781.1_20343021,0.351779054815567,0.0903988692650815,-0.00633122063065465,-0.13996016169879,1.50636864727247,3
B10,NC_035781.1_20509071,0.0492530178061292,-0.0857224879890705,-0.0482160305351681,0.0623380324769214,0.317679880300413,3
B10,NC_035781.1_20672156,-0.0473877448343442,0.0445555276101051,0.0187074829931973,-0.0228310502283105,-3.75371267694825,3
B10,NC_035781.1_22253237,-0.11080737647675,0.017165717846671,0.0354467411979087,0.0436206028578553,-1.53312744059503,3
B10,NC_035781.1_22767091,-0.064963741551317,0.122352846124776,0.066767628872892,0.0308035073256951,-0.28695887459786,3
B10,NC_035781.1_22827885,-0.00764709462788178,0.043596492544494,0.0907953080428049,-0.0258426966292135,-2.23025321406677,3
B10,NC_035781.1_22840174,-0.0117833617938885,0.0324616703137702,0.08045734468683,0.048793897485259,-0.0301007900715977,3
B10,NC_035781.1_22892689,0.00140253376038058,0.00293803418803419,0.0302059284249619,-0.00846679799017929,1.69969431454288,3
B10,NC_035781.1_24177808,0.0637766160091143,0.0277938808373591,0.0334885622403154,-0.0184083396898042,-0.15752631741341,3
B10,NC_035781.1_24186589,-0.0497298842156888,0.133788430339452,0.0383444159822739,0.0573853976823224,-0.216615959726267,3
B10,NC_035781.1_24384198,0.0119398292478959,0.0594501610071117,0.069507895933163,-0.0198213818260937,0.293595777629497,3
B10,NC_035781.1_24671946,0.0179821584634859,-0.00867836637109974,0.101548958703862,0.0457482254092424,0.0705350257032078,3
B10,NC_035781.1_25128626,0.0107281870089435,0.0106356085229325,0.0551426304590862,0.0148272017837235,0.0144151730917646,3
B10,NC_035781.1_25352616,-0.0151372291893902,0.0706304026987139,0.110718174570767,-0.0142637700241387,-2.81764407469913,3
B10,NC_035781.1_25352908,-0.0183865356020025,0.00807329546598061,0.0674447260919467,0.0169331161787697,-0.15423731727995,3
B10,NC_035781.1_25352982,0.0384208399231895,-0.0137004236546571,0.0562164152716545,0.00688350688350688,-0.0738811156207296,3
B10,NC_035781.1_25533148,0.0669521088704558,-0.000464940533296786,0.0025673398028149,-0.00198478607494021,2.09576361478268,3
B10,NC_035781.1_25533706,0.0413565178831301,0.00386897670417175,0.173610967146904,0.000950625982472049,0.206963472217221,3
B10,NC_035781.1_25533707,0.0463935283981714,-0.00037133867675602,0.177266486081875,0.0138415184153181,0.227178382021905,3
B10,NC_035781.1_25939827,0.0608559430635062,0.0128292457925904,0.0279182892214755,0.0506951383603104,0.295365736844223,3
B10,NC_035781.1_25939836,0.0725831244716282,-0.00357320136799878,0.0147978226955587,0.044003221099297,0.400264488346357,3
B10,NC_035781.1_25939903,0.0798756468525018,0.00422100703152534,0.0175356269556841,0.00687249659698101,0.480622037616649,3
B10,NC_035781.1_25939929,0.0763043043888241,-0.00151353051197949,0.0304696801849483,0.00815002719338464,0.451039460320616,3
B10,NC_035781.1_25939975,0.0667982394792705,6.01437129913266e-05,0.0202994495449527,0.015006475921347,0.412629189774833,3
B10,NC_035781.1_25940324,0.0734709512159629,-0.0411935412381712,0.0239691899459618,0.0549699289588066,0.427453141930113,3
B10,NC_035781.1_26320012,0.0640935036300003,0.0239334624876794,0.0617752532095725,-0.00901019042155015,-0.596338969985076,3
B10,NC_035781.1_26320137,0.0462399828092112,-0.00477857373463847,0.0538174249244534,0.0151418398544835,0.816499718443458,3
B10,NC_035781.1_26327944,0.0647461817155996,0.00428920813675808,0.103722834938806,-0.0117300324196876,0.296093744638006,3
B10,NC_035781.1_26327946,0.0327089435748179,0.00987347400759966,0.145043128914097,0.0204941116231439,0.197282959883664,3
B10,NC_035781.1_26673098,0.0278180856130024,-0.00983043071056234,0.0528662199047318,0.0298427672955975,0.500712235258517,3
B10,NC_035781.1_27075959,0.106818430491747,-0.011577467736888,0.000716339300814185,0.0217501815541031,1.78191678238748,3
B10,NC_035781.1_28910495,0.00560319260380182,0.00774293457220286,0.0367248497242405,0.00813008130081301,-0.133468960760289,3
B10,NC_035781.1_29316183,0.0970542138813566,-0.0190746511994983,0.0487576064908722,0.0620539403500864,0.563708665267014,3
B10,NC_035781.1_29482128,0.0363143813060262,0.00403958193446869,0.0294982722781294,0.0438318743403489,-0.703665311610437,3
B10,NC_035781.1_29542955,0.0674009112398178,0.0222291021671827,0.0752713268759482,-0.0444444444444444,-2.08283578015146,3
B10,NC_035781.1_29545113,0.00664576033716421,-0.029748044607811,-0.0648744951200488,0.0416110255093306,0.0985386809864509,3
B10,NC_035781.1_29743007,0.0827047330610881,-0.029680524837457,0.00757952623456062,0.0290624713447852,2.7769870826333,3
B10,NC_035781.1_29743583,0.0319445639245718,0.0336196668182304,0.0512372938932295,-0.0181272822117893,0.3036326065693,3
B10,NC_035781.1_29914715,-0.0333218088803407,0.046334207941923,0.0947993170753008,-0.0118588375475483,-0.736486303115598,3
B10,NC_035781.1_29914826,0.0800508857571509,-0.00503871682331078,0.0193710503950616,0.0266593957472137,1.2222035022593,3
B10,NC_035781.1_29915692,0.0432708914817566,0.0344548768015971,0.00164112524652185,-0.00587186097382006,0.0829579323805977,3
B10,NC_035781.1_30154434,0.188269694640556,-0.0938398491237538,-0.004292071068117,0.0554543528772705,0.855738927597453,3
B10,NC_035781.1_30190245,0.00391710694714568,-0.0571945079886717,-0.0355487430019534,0.0424599027578833,0.109021948574463,3
B10,NC_035781.1_30489645,0.0402167572633046,-0.000741598766407015,0.0502676361282919,-0.00542181430878583,-0.0652406677017055,3
B10,NC_035781.1_30627634,0.0404235535974398,0.0493748364158425,0.0410206170264545,0.000419546073816335,0.378920622217282,3
B10,NC_035781.1_30627691,0.0329934827413455,0.0146789715406737,0.0825300764207641,0.0211318516230907,0.14727576327912,3
B10,NC_035781.1_30627702,0.107355746793744,0.0176922381855968,0.0440822963961359,0.0901526807906261,0.800857410319912,3
B10,NC_035781.1_30691281,0.000546409692282525,0.0365497076023392,0.0870821360717258,-0.0178571428571429,-2.13889265195798,3
B10,NC_035781.1_30772268,0.0224347208230856,-0.0428862600246248,-0.083939594356261,0.101274825550188,-0.058141790754589,3
B10,NC_035781.1_30788466,0.0396684330923477,0.0249311682484159,0.0310820392373408,0.0112793555650699,0.0460761987763078,3
B10,NC_035781.1_30788482,0.0291022725125706,0.0329192864250652,0.0365679060898628,0.00821378340365682,-0.976299649033367,3
B10,NC_035781.1_31008135,0.00107759141451612,0.0582950974563938,0.0286370714128256,-0.00440807169009838,0.191950453987284,3
B10,NC_035781.1_31008139,0.0771465233100564,0.0191234582799394,0.0641937216822694,-0.0136447892380046,0.487285127303255,3
B10,NC_035781.1_31008159,0.111120232246889,-0.0144246789624941,0.0364773522414517,0.0493559992804462,0.596440355206142,3
B10,NC_035781.1_31085735,0.0199462917382193,0.0704954572884354,0.138159970787866,-0.053075404025047,-0.418216634367755,3
B10,NC_035781.1_31089476,0.0840818618010103,0.0210287273253305,0.00523882896764253,0.0108225108225108,0.142909303389737,3
B10,NC_035781.1_31254759,-0.0779343009940033,0.0955271701982228,0.132719617780593,-0.00493506493506494,-0.571932500872222,3
B10,NC_035781.1_31392425,0.194677557781089,-0.0381545509629001,-0.0920975423927243,0.0871502000534259,2.95790925741455,3
B10,NC_035781.1_31398869,0.0917994223569474,-0.0668112751446085,-0.0608106813391366,0.0394090477423811,0.698742398159698,3
B10,NC_035781.1_33075163,0.0397436505157275,0.0359959625921806,0.0584794061302682,0.0153694581280788,0.468644876445603,3
B10,NC_035781.1_33629056,-0.0062995655278844,0.0348496612083569,0.0593967134779735,0.00907424769196713,-0.122667473615631,3
B10,NC_035781.1_33651182,-0.0416424253086609,0.0898532547045082,0.0636096932996108,-0.019986408654018,-0.449742527711957,3
B10,NC_035781.1_33677329,-0.0179234034291665,0.0614454726103472,0.0693830668014545,0.0400818666947699,-0.022909317701727,3
B10,NC_035781.1_33681601,0.110470529599274,-0.00886080825513267,0.050243877148141,0.0586188382453238,0.672889931234859,3
B10,NC_035781.1_33964112,0.0368088753754434,-0.0619443358573793,-0.0745084907990298,0.0882624621755057,0.187162714906727,3
B10,NC_035781.1_35184655,0.511203868255453,0.000238329031809407,-0.138207778631166,-0.0748580649902335,2.12871126460862,3
B10,NC_035781.1_35580716,0.00306144064212917,0.0589786756453423,0.028100007764578,-0.0226337448559671,-0.859632258029106,3
B10,NC_035781.1_35582348,0.0478999719887493,0.00169104007437999,0.0176163037346651,0.018435910189621,0.622235596118206,3
B10,NC_035781.1_35582349,0.0453026191621951,-0.00101320838375494,0.0173193838289875,0.0126623200931204,0.678316098624381,3
B10,NC_035781.1_36409147,0.126255202055438,-0.0479106098506963,-0.0237151480804649,0.151601938522284,1.25092948705766,3
B10,NC_035781.1_36942663,-0.0319588139155466,0.082754400893605,0.022967590163083,0.0512757861720537,-0.160017082706172,3
B10,NC_035781.1_36943105,0.134128287994185,-0.0308530196515451,-0.0185136292105439,0.040905182325243,1.06731143677682,3
B10,NC_035781.1_36943147,0.0555159804580456,-0.0201038887006739,0.0158743501255959,0.0272053300508585,0.573867199045428,3
B10,NC_035781.1_36943156,0.129997513647629,-0.00643726730683253,-0.0334664450400987,0.0245520640257482,0.875673074602767,3
B10,NC_035781.1_37049220,0.00139853353207129,0.0351019526966758,0.112018486256291,0.00322622273841786,-2.29122119192122,3
B10,NC_035781.1_37439401,0.127293662100366,-0.0747586468087974,0.0138486862309882,0.0520376175548589,1.07614538803383,3
B10,NC_035781.1_37458446,0.0417341252175268,-0.0185031112697631,0.0653792641462169,0.0266049509234588,0.350002550101588,3
B10,NC_035781.1_38137074,-0.0205593342118888,0.0311189275569945,0.059870947101701,0.00537898244970342,-1.2902754156989,3
B10,NC_035781.1_38311231,0.0594086198230907,0.0044973544973545,0.0199638663053297,-0.00715865118850193,0.759824315826088,3
B10,NC_035781.1_38386990,0.0564617369974816,0.0557127172344564,0.000979038303366403,0.0644516594516595,0.33678078563556,3
B10,NC_035781.1_38702449,0.0180075030015864,0.0482116244411326,0.0323587992602077,0.0144968200523756,-1.92426002861727,3
B10,NC_035781.1_38702474,-0.147604806422645,0.162517429309252,0.106418517250423,-0.0125860808484922,-0.934939400537422,3
B10,NC_035781.1_39538331,-0.0392424674307214,0.0354166666666667,0.11251902587519,0.00740740740740741,-2.6021535946203,3
B10,NC_035781.1_39612508,0.06017309485894,0.000807630635729107,0.091556667667724,0.00679347826086957,-0.424075118334881,3
B10,NC_035781.1_40218835,0.0480588158143701,0.00214292146992751,-0.0286808165084625,0.0307917782963155,3.25566957349,3
B10,NC_035781.1_40218836,0.0482411112228255,0.00220634105389503,-0.0290244842876422,0.0365389047330971,3.24030668197845,3
B10,NC_035781.1_40252169,0.0172450798712263,-0.00131968657592116,0.0449928403101068,0.00648585646211853,0.318008027098088,3
B10,NC_035781.1_40474678,0.0215234072311736,0.0133045812032574,0.0041176742506088,0.00222906241901242,1.7295566429091,3
B10,NC_035781.1_40706660,0.0471050558857014,-0.0102824841781148,0.0375534860822511,0.0256011330509128,0.873518005128528,3
B10,NC_035781.1_40706661,0.0470625414376715,-0.0134880541682224,0.0369969449183494,0.031398014878314,1.06722010575578,3
B10,NC_035781.1_41536574,-0.0380204587841215,0.0758596880427866,0.130743749004619,0.0126197575034784,0.039007802194452,3
B10,NC_035781.1_41536634,-0.0291477083142245,0.0781804337448657,0.0855627839230121,0.0365239376094108,-0.199123102238583,3
B10,NC_035781.1_42195939,0.0718743170630559,-0.00557538788571956,0.0189257667616453,0.0656565656565657,0.531033397642112,3
B10,NC_035781.1_42214813,0.382368203625557,0.0264730817542474,-0.0657534568140347,-0.107586367880486,1.60434522706199,3
B10,NC_035781.1_42214854,0.336343878952209,0.0126352919692319,-0.0401738151635823,-0.101641933892022,1.39410347697247,3
B10,NC_035781.1_42214863,-0.0512532871432252,-0.0525881653248263,0.0404092813722359,0.0809196459868954,-0.20962202906598,3
B10,NC_035781.1_42388762,0.0248739680682324,-0.000445871232388086,0.0581693280343955,0.00793650793650794,0.540987086770076,3
B10,NC_035781.1_42388771,0.0198696416221621,0.0100820435114321,0.0781908549838243,-0.0163877860801458,-0.792542444514004,3
B10,NC_035781.1_42388782,0.0149191078716941,-0.00353812853812854,0.0612930133404271,-0.00168300168300168,0.387153393251285,3
B10,NC_035781.1_42388837,0.0937220789104351,0.033350300131122,-0.0697540885040885,0.0979205804677503,0.435615214686586,3
B10,NC_035781.1_42388844,0.0860978389083157,0.0443785651334154,-0.0428581898293327,0.0375653490407589,0.377738653818239,3
B10,NC_035781.1_42504153,-0.0501332336037488,0.0104567513879922,0.141634143949249,0.0198364837142678,-0.357689302432099,3
B10,NC_035781.1_42504263,0.0278349096026668,0.00641207155299181,0.0331319970538951,0.015079792405139,-0.664371330376604,3
B10,NC_035781.1_42504632,0.288386936458155,0.0513097930648556,-0.190093165199997,-0.0225717808854475,1.17235533958215,3
B10,NC_035781.1_42546576,0.0163837545390973,0.0693161625237097,0.0546376994652857,0.0317460317460317,-2.38537968968423,3
B10,NC_035781.1_42547252,-0.0412352648570378,0.00316146651802908,0.00617208807700748,0.00879719901217307,-0.233487265108153,3
B10,NC_035781.1_42547603,0.0183645412422565,0.0228103825153678,-0.00546448087431694,-0.00693263846724685,1.31982966590947,3
B10,NC_035781.1_42700387,0.0441627112485311,-0.0156295799488288,0.0306087327278401,0.0299874443066931,2.61559792057289,3
B10,NC_035781.1_42803836,0.0430079582313878,0.0599532412032412,-0.0055337808859676,0.0399801587301588,0.276118048524095,3
B10,NC_035781.1_44773747,0.0402701540681517,0.0385955530537574,0.017594256173754,0.0174269707883153,-0.786556097699202,3
B10,NC_035781.1_45043534,0.00156506457784995,-0.0102882081638966,0.0461682298537092,0.0240820300019921,-0.393495060183107,3
B10,NC_035781.1_45753246,-0.119467071556421,0.14402207423978,0.108855124409122,0.00713365539452496,-0.734209176501574,3
B10,NC_035781.1_46070547,-0.0421904713637988,0.039644716140256,0.0200577200577201,-0.0270026814144461,-3.22352980096274,3
B10,NC_035781.1_46289986,-0.0117931266736523,0.0183637744823384,0.0556155218118441,0.0142953665200969,-0.274781327670363,3
B10,NC_035781.1_46291213,0.0619294380505482,0.0140772091987089,0.0855987804318571,-0.0574264225407101,0.321992808756807,3
B10,NC_035781.1_48164715,0.106739285618418,0.0332526118927416,0.0452472911627017,-0.0255009143511075,1.03359901507308,3
B10,NC_035781.1_48393303,0.0736640458404936,0.0170249519265441,0.008077249213495,0.0187337401397076,1.54873281467121,3
B10,NC_035781.1_48602654,0.0104015005143645,0.0123527732284321,0.0391771640340388,-0.0103314488415918,-0.820034406771282,3
B10,NC_035781.1_48602804,-0.000443319535596222,-0.000487917810969962,0.0323452797368505,0.0138556262734703,-0.0629142439485686,3
B10,NC_035781.1_48984125,0.0606833908080822,-0.0141422600631199,0.0114268967316039,0.0301273605621432,-1.15414919755885,3
B10,NC_035781.1_49141493,0.169562753258373,0.0541059685713774,0.0297169257314506,0.0342735531414777,0.69692263265833,3
B10,NC_035781.1_50297999,-0.0267435661048766,0.0152480077872844,0.126353668603704,0.00953681386124028,-0.0890512834775617,3
B10,NC_035781.1_50345725,0.00740428013998365,0.00864350022547837,0.0217785401614145,0.0322229328785133,0.175291920413326,3
B10,NC_035781.1_50345817,0.0503522052403933,-0.0196549166302607,-0.000592671005515043,0.0335727969348659,0.805030941461188,3
B10,NC_035781.1_50346013,0.172567210063485,-0.0257843694612745,-0.00394174810293813,0.0441778900112234,0.934168386790781,3
B10,NC_035781.1_50441943,-0.0186217574401126,0.048098174055357,0.08317108566574,0.00526642958336947,-0.0147577828827124,3
B10,NC_035781.1_51699628,-0.105691716327062,0.0804011481398913,0.152590695058583,0.0426700958615852,-0.467475928938113,3
B10,NC_035781.1_51700102,0.123892432511657,-0.0698292764264784,0.0372078629431571,0.103505644682115,0.535713859406859,3
B10,NC_035781.1_51872750,0.0986768497033537,0.0418344521446479,0.0120653633043517,-0.0335184717137472,0.445413744398238,3
B10,NC_035781.1_52157714,0.0402011034706538,-0.0200861609419181,0.130673079535882,-0.00078802206461781,0.180143626073277,3
B10,NC_035781.1_52643324,0.305217339623636,-0.0390236587551468,0.00493692288127797,-0.0673752059440383,1.24845423539869,3
B10,NC_035781.1_52643413,0.0149770110480378,0.0471434539340261,0.0786390657048968,-0.00183905774880635,0.100968116448426,3
B10,NC_035781.1_52643419,0.0413263742511904,0.0346555357048913,0.0658417026969924,-0.00563166509904054,0.213442651191406,3
B10,NC_035781.1_52644072,-0.0102217365419996,0.0331516544090277,0.0885193179319348,0.000623242041816926,-0.0381995359925951,3
B10,NC_035781.1_52644315,-0.0189964376349715,0.0462995947171139,0.123004807532088,-0.0445022228110464,-0.0784592740253776,3
B10,NC_035781.1_52848016,0.0611034910915177,-0.0273795930317669,-0.00524073870702622,0.0736758893280633,0.537321486203978,3
B10,NC_035781.1_52848042,-0.0295111640289514,-0.018037518037518,-0.0341646527031865,0.102995584198592,-0.139124181375922,3
B10,NC_035781.1_53496634,0.0524037177963857,-0.00844133254516671,0.0117761135381273,0.0387234042553192,-0.32580939574181,3
B10,NC_035781.1_53497699,0.0590554026993576,0.0210990475410999,0.0221667175488361,0.0242082968980659,0.253329003426742,3
B10,NC_035781.1_53497708,0.168923074475907,-0.071634777407781,-0.0313707616977858,0.0557738557738557,0.693712576071381,3
B10,NC_035781.1_53501866,0.0135472564007962,-0.0122825804230584,-0.0258348677324034,0.025575988163179,2.59536509242496,3
B10,NC_035781.1_54069592,0.00754367760767072,0.065971139538576,0.0761318372140783,-0.038706410803259,0.0259076674061196,3
B10,NC_035781.1_54147603,0.117174298224071,-0.0484867442788235,0.000929196263608351,0.0456349206349206,1.29194215124385,3
B10,NC_035781.1_54160673,0.0360892980996947,0.0905376846078934,0.0791969118352969,0.00631080389144906,0.263282577313589,3
B10,NC_035781.1_54160677,0.108003320767874,0.0026681379622556,0.202592762428828,0.0119243280260229,0.412795907925206,3
B10,NC_035781.1_54161151,-0.113263851704712,0.154452621119288,0.146244451351978,-0.0265826515826516,-0.475269523446011,3
B10,NC_035781.1_54165892,0.116149896729905,-0.0271482544707569,0.00292393500474529,0.0889708873825711,0.508104741043375,3
B10,NC_035781.1_54165925,-0.0382479155021916,0.0538734896943852,0.0590203953067171,-0.0056980056980057,-1.63830834475686,3
B10,NC_035781.1_54570375,-0.0239683164781842,0.0410400971797103,0.0826757767907926,-0.0143640911933595,-1.01426423017815,3
B10,NC_035781.1_54586259,-0.01365213585374,0.0342154968288264,0.0489345687889298,-0.01238563271784,-1.41150490720238,3
B10,NC_035781.1_54619269,0.0403628136517881,0.014565995236908,0.0156865937346446,0.00182547305579002,0.805089051144963,3
B10,NC_035781.1_54619306,0.0372459160312676,0.0104307162861272,0.00786999701818817,0.0140028952517122,1.16031585892012,3
B10,NC_035781.1_54619486,0.0248033774255302,0.00677090765051378,0.0330711842087408,0.0339629429753553,0.998091381483543,3
B10,NC_035781.1_54619516,-0.0312023827172739,0.0920605206114943,0.0746153223931002,0.0248715548052198,-0.194555749587809,3
B10,NC_035781.1_54619961,-0.0447530955108903,0.0433305218780942,0.0419461716430251,0.0179990368038361,-0.581513150465807,3
B10,NC_035781.1_55303553,0.0262932966033083,0.0273623806447802,0.0260362538800569,0.0346161101678929,0.348706768919683,3
B10,NC_035781.1_56588083,0.0590401618448723,0.0333497160571003,0.211446197235605,-0.0717160240520095,0.259955372744931,3
B10,NC_035781.1_56588220,-0.0200642302761482,0.0905608405686276,0.438267796939958,-0.167456347123148,-0.0546556499436028,3
B10,NC_035781.1_56588221,-0.0172264850502626,0.0958754363321048,0.30826788389157,-0.109927098367712,-0.0361771760797423,3
B10,NC_035781.1_56595249,0.0286908688032168,-0.00311107658895949,0.0362146732677471,0.00961721998248231,-0.466131928840542,3
B10,NC_035781.1_56595333,0.0349716590020886,0.0186716695686639,0.0754567197451053,0.0319255006793842,0.151362048448452,3
B10,NC_035781.1_56851185,-0.0264749030125739,0.00621212121212121,-0.0225355922767474,0.0178687769253807,-1.98758038232626,3
B10,NC_035781.1_56851200,0.011439346041903,0.0231274398292307,0.0454135301975129,-0.00592679973990864,-0.739471790429007,3
B10,NC_035781.1_56862903,0.0662231538041204,-0.00927110841748336,-0.0107515058538384,0.0237131953819595,1.46668134358113,3
B10,NC_035781.1_57981416,0.0137052573586422,-0.01088039860158,-0.00633363068688671,0.0138484591835626,2.54105700215737,3
B10,NC_035781.1_59060475,0.182856124255745,-0.0125895417971659,-0.0440411209537634,0.0426417892912738,1.06850300194458,3
B10,NC_035781.1_59099749,-0.0489220452125237,-0.0725415985993901,0.00755972422639088,0.068342151675485,-0.445135609518573,3
B10,NC_035781.1_59629165,0.0133103081810683,0.0450557127027715,0.0760279227492342,-0.0018317730646498,0.211031050213989,3
B10,NC_035781.1_60097098,0.0666059255168853,-0.0373649895078467,-0.055224311947001,0.0149276484097913,0.451368649812886,3
B10,NC_035781.1_60558986,-0.031955274606706,0.0381893930917401,0.0362635785332231,-0.00585064638224384,-0.46771102175496,3
B10,NC_035781.1_60892792,-0.00992455231645488,-0.0218133059663655,-0.014525672885526,0.0178947368421053,-0.807064419944719,3
B10,NC_035782.1_2583594,-0.0743594691710284,0.00938644688644688,-0.0167798160720304,0.0632440476190476,-0.460388512702291,2
B10,NC_035782.1_2902901,-0.031622651881638,-0.0188788947249252,0.0153441464634229,0.052860527848386,-0.475759636746301,3
B10,NC_035782.1_3391709,-0.0865818882369405,0.0211434906556858,0.106806156806157,0.00790513833992095,-0.905790104112211,3
B10,NC_035782.1_3481777,0.0914041837333121,-0.0372448428059049,-0.0785125262488118,0.0261140819964349,2.53679561490969,3
B10,NC_035782.1_4861648,-0.00568203169773386,-0.012697323266987,-0.00719106202977171,0.0184972430279941,-0.3011645128399,3
B10,NC_035782.1_5610624,0.0942188758458814,-0.00789163733476816,0.0609817066908943,0.00799658374157641,0.894543939781553,3
B10,NC_035782.1_6015410,0.0478409902431962,0.0224436547801248,0.00316857239349641,0.0307105606550719,0.592149811681447,3
B10,NC_035782.1_6349892,0.0478526213473837,-0.0166066588801838,0.0453897926122929,0.0104747359042892,-0.140224505683487,3
B10,NC_035782.1_6828789,0.0216991206477044,0.0610909146287962,-0.135733396613691,0.0841753074511695,0.0973531777454942,3
B10,NC_035782.1_6828857,-0.0560655914194825,0.0595179886181837,0.122886179623447,0.000752702099794222,-0.257095321584951,3
B10,NC_035782.1_6860288,0.0514525060153002,-0.00398213485683712,0.0274944928880936,0.00700113378684807,0.237864909343489,3
B10,NC_035782.1_9839237,0.0245182168644998,0.0465454289731075,0.00295462232522216,-0.00375438435139928,0.178914100949018,3
B10,NC_035782.1_9994123,0.00747410703565001,0.0463309063614373,0.0502789742508186,-8.49473326537536e-05,-1.27062072587437,3
B10,NC_035782.1_10095793,-0.0940335100455742,0.0380705667204888,0.109274423298814,0.0488979384999924,-0.461318708421074,3
B10,NC_035782.1_10096985,0.057801583729979,0.0205668686568106,0.01609812046688,0.0348484848484848,0.31974167414444,3
B10,NC_035782.1_10096993,0.112821536635037,-0.0654604134143776,-0.087719796543326,0.0823625635532189,4.39877463918007,3
B10,NC_035782.1_10097001,0.0261078304296907,0.0410320673478568,0.0451700636394909,-0.0248198014415885,-0.658577174581539,3
B10,NC_035782.1_10131905,0.0587043527296919,0.00931279590283423,0.104975938911444,-0.0216381255807779,0.521729299141732,3
B10,NC_035782.1_10151522,0.106917787979889,-0.0319292055428525,0.246358292752109,-0.0728049016987175,0.503051004118279,3
B10,NC_035782.1_10247143,-0.0440508411614895,0.124960266112946,0.0920717479033265,-0.0415547827074622,-0.205957382260613,3
B10,NC_035782.1_12650434,-0.0301201374065519,-0.0391675431531613,-0.0352627693384812,0.07845618326893,-0.116899444932738,3
B10,NC_035782.1_13812307,0.203607985984336,-0.0155469191275921,0.0415972915972916,0.0422077922077922,0.940033708195494,3
B10,NC_035782.1_13894079,-0.132450116932876,0.055912264064438,0.226538214825321,0.00619157412635674,-0.811066124572781,3
B10,NC_035782.1_15117821,0.032237032415928,0.0678475322543119,0.0398621795854149,-0.0167587126261664,-2.01801903760838,3
B10,NC_035782.1_15515881,-0.0620354595283065,0.0593766035642466,0.0826443675285188,0.0187791224942928,-0.398956254296713,3
B10,NC_035782.1_16023357,0.0209916864033624,-0.00270063297402964,0.0215174871496567,0.00732468425966878,1.41832051726612,3
B10,NC_035782.1_16550303,-0.0695572743110363,0.0171188630490956,0.0129084967320261,0.000190258751902588,-2.33162449595729,3
B10,NC_035782.1_16745960,0.0721985812388782,-0.00813008130081301,0.0861347520944552,-0.0252032520325203,1.72372186029585,3
B10,NC_035782.1_17451590,0.0876029368185733,-0.0179187323968553,0.0203486911583273,0.0427478806210024,1.43266236475989,3
B10,NC_035782.1_17452175,0.0048304330497673,-0.0086363232326937,0.0745003778986907,0.00164172098408075,0.318344392933919,3
B10,NC_035782.1_17452202,0.0162356151717843,0.000462132712829088,0.0875547690733868,-0.00843557820302006,-0.496908236195904,3
B10,NC_035782.1_17515809,0.0150448189837771,-0.00848299981166386,0.139161475993906,0.013187380215244,0.0695265536560777,3
B10,NC_035782.1_17515837,0.00159081328684701,-0.00181061245391519,0.143694496230144,0.0561382148815893,0.0155539717186201,3
B10,NC_035782.1_17515838,0.0169532498550321,-0.00865182066307652,0.141137354145475,0.0567925936529565,0.0925499223346218,3
B10,NC_035782.1_17515839,0.0101941681250805,-0.00115034619683004,0.144725985147339,0.0635701058784771,0.0624313092128362,3
B10,NC_035782.1_17515870,0.0841506364023187,-0.111927078191733,-0.0560016336084626,0.111284912999385,0.503879303978591,3
B10,NC_035782.1_18097316,0.0191035128361367,0.00807232704238469,0.0430472887154098,0.0153061880141855,1.33568622147008,3
B10,NC_035782.1_18172435,-0.0209709647922181,0.0397940642074228,-0.0463373189566208,0.0520478966486226,-0.652844336544509,3
B10,NC_035782.1_18388300,0.130088372769234,-0.0547357573948082,0.0239220268212867,0.043632065195606,0.565450278274498,3
B10,NC_035782.1_18866038,0.0042412513704689,0.0137592512429989,0.0432867337745677,0.0196832831493253,-1.14662099067054,3
B10,NC_035782.1_19358071,0.0138032419636642,-0.0359272134018691,-0.0111970288104297,0.0102616265233341,0.0311376089340822,3
B10,NC_035782.1_19358112,0.0378456526298628,0.0210972535986618,0.00728594607154231,0.0190060195891696,0.321543142376089,3
B10,NC_035782.1_19358139,0.0287396265349878,-0.00514054757078794,0.0283635976253426,0.00576325411618805,0.31809119831422,3
B10,NC_035782.1_20406276,0.129527310536793,0.00739525763577567,-0.0161301560758083,0.00683961553526771,2.9491966253058,3
B10,NC_035782.1_20520642,-0.0165319963699303,-0.0238595117635133,-0.0109071328391104,0.0276686761661186,-0.0364969374637568,3
B10,NC_035782.1_20654454,0.0160382599833064,0.00941837677767815,0.0490094339622642,0.0161518563603165,-0.650140115132156,3
B10,NC_035782.1_22249442,0.068596381109899,0.0164249987966935,0.0352490978913806,0.000512868027264363,-0.246145703249886,3
B10,NC_035782.1_22250215,0.0311318548005163,0.00531884142000089,0.047962864075396,0.0757961945461946,0.236992730346525,3
B10,NC_035782.1_22882586,0.00537647690565529,-0.0392757171172012,-0.0498072432628775,0.0459878305871072,0.00895610703467857,3
B10,NC_035782.1_24072284,0.0165649825925372,0.0174812563862309,0.0287730925790627,0.0153357790173711,-0.796157520983724,3
B10,NC_035782.1_24626628,0.00149602862861985,0.0206432157717801,0.0414750145256078,0.0323120552568854,0.144640129983605,3
B10,NC_035782.1_24626695,0.0699743819964721,0.0128275321080698,0.0540823171910921,0.0248818244145347,0.322531262804789,3
B10,NC_035782.1_24878916,0.0265210927691423,-0.000678719740068502,0.0410033352768139,0.0185501085041969,-0.515954139606939,3
B10,NC_035782.1_24963626,0.0969801661650911,-0.0430415263748597,0.0388506696657448,0.0227163231228272,4.32252307760938,3
B10,NC_035782.1_24963808,0.0328062396039721,0.0611927302735588,0.082928463724895,-0.0445033764789862,0.313200961001134,3
B10,NC_035782.1_26069341,0.0633520630249599,-0.0153320275049244,0.0908294169757853,0.0359278774539229,0.414311639693696,3
B10,NC_035782.1_26264499,0.00302964537909981,0.00569632485040582,0.0382347144399836,0.0264794279169648,-0.00443597206600751,3
B10,NC_035782.1_26442773,0.142529539708746,0.0229448681829634,0.0532802351890796,0.0343151281317593,1.14101528169699,3
B10,NC_035782.1_26505858,0.388991649392218,0.0111385647058162,-0.0575242427553146,-0.0657420999227554,1.61496417335657,3
B10,NC_035782.1_26506049,-0.0475774129841198,0.108760502277019,0.0879259790097223,-0.0497127972511613,-0.192113780258793,3
B10,NC_035782.1_26506083,0.0632953028032889,-0.0018597442959661,0.0874139956428756,-0.0152435167615433,-0.240388917815219,3
B10,NC_035782.1_26922140,0.00280191966333337,0.0388890197919417,0.0562930742736222,0.0626207373252921,-0.00308562950613643,3
B10,NC_035782.1_28655651,0.0866450883742348,-0.0205194229067279,0.0147456105032014,0.0347255980087938,1.54523601786335,3
B10,NC_035782.1_28655671,0.0692554877749943,-0.00701503955624179,0.0364703414395135,0.016183321209415,0.867811800485833,3
B10,NC_035782.1_29086315,-0.00477859849404457,0.0569193917695896,0.00269014428955735,-0.00321162947937796,-0.980408352221904,3
B10,NC_035782.1_29101744,0.340060033648042,-0.0316903593231096,-0.100079269308027,-0.0149866238655545,1.38892418611622,3
B10,NC_035782.1_29191265,0.0272030081130933,0.0119296473851994,0.0286003356230871,0.00302086351782092,-0.441403355953087,3
B10,NC_035782.1_30043664,0.19921706465477,-0.084244304439002,-0.0513029722821234,0.0993149231465106,0.868071172117149,3
B10,NC_035782.1_30043960,0.0995502542148977,-0.0472548809273889,0.126114455999513,0.0704585537918871,0.441732273631774,3
B10,NC_035782.1_30247756,0.0215141168570232,-0.0078114047144393,0.125230909090686,0.0384311638817182,0.0996282723903874,3
B10,NC_035782.1_30247758,0.00879403992836351,-0.00228622957615129,0.128170751108643,0.0188970966510483,0.038007123141981,3
B10,NC_035782.1_30247888,0.018951355969054,0.0400776735815099,0.208355125214798,0.00163507989594947,0.130963785345068,3
B10,NC_035782.1_30316305,-0.0560507015726433,0.0793070748290166,0.138432070484232,-0.0061218089604878,-0.326125222731225,3
B10,NC_035782.1_30340309,-0.0869929485443128,0.172021948330876,0.23173411483672,-0.114837037329439,-0.725906030283812,3
B10,NC_035782.1_30400578,0.0154872241218344,-0.000127871285366542,0.0693909900931503,0.00454100339322721,-0.771621253631777,3
B10,NC_035782.1_30568691,-0.00650145722373307,0.0157506244359399,0.0671955342615781,-0.0125850117634092,-0.246308784728276,3
B10,NC_035782.1_30568939,0.0398953904788022,-0.0311718631626352,0.0199558777885184,0.0458770685373138,0.25898022510644,3
B10,NC_035782.1_31260835,0.0643952259161252,-0.0158145426296851,-0.00158503088853154,0.0220827023954132,1.10535505829699,3
B10,NC_035782.1_31313619,0.144150741436195,-0.0424620815819715,0.00476691470433122,0.0945662182998044,0.708174735957479,3
B10,NC_035782.1_31789635,0.0768296549989259,-0.0167565389116589,0.0113835326099477,0.0203279424977538,2.22085561451686,3
B10,NC_035782.1_31799823,0.0877488063472011,-0.0137001548578698,0.00874662531938384,0.0613425789896378,0.427071849058052,3
B10,NC_035782.1_31825054,-0.0141228867220231,-0.000257201646090536,-0.00201109364388497,0.00734940022765082,-1.3535064701204,3
B10,NC_035782.1_31919328,-0.047221009753283,0.0298295591807863,0.0689833540104576,0.00495514536658682,-2.81445848299343,3
B10,NC_035782.1_32025520,-0.0506197162716218,0.00967466225530742,0.0994945084859336,0.00350988981813355,-1.47487704763579,3
B10,NC_035782.1_33542215,0.202015612706355,-0.0298369075335367,0.0581335693371959,-0.0450378273411981,0.933991677005085,3
B10,NC_035782.1_33542761,0.0105401651122667,0.0089216977222745,0.0366298254390116,-0.00427919487056861,-0.382880037989288,3
B10,NC_035782.1_37436477,0.0376643206545494,0.0118386515041125,0.00796977227575981,-0.00537254029770067,2.08638473069897,3
B10,NC_035782.1_37977553,0.0512249018232247,0.0625734085036411,-0.0156204419362314,0.0740508533611982,0.414575348705072,3
B10,NC_035782.1_38378487,-0.0133990835683048,0.0343608467503464,0.0265661829187173,0.00927401942486588,-1.15201768695131,3
B10,NC_035782.1_38378544,0.0358967302198554,0.0255328664932792,0.0306670101505109,0.0114158539829612,0.345037947729789,3
B10,NC_035782.1_38378547,0.0382394209488385,0.0254980891714323,0.0294621681931373,0.0283457855781029,0.334508291478512,3
B10,NC_035782.1_38679741,-0.0263723284944466,0.0211463658385058,0.0371130855974636,-0.00398414954559159,-2.71499086425639,3
B10,NC_035782.1_38679817,-0.0204279535933578,0.0170616586217609,0.0416570425060419,0.0430291367411043,-0.770040349282031,3
B10,NC_035782.1_38680499,0.0394242963708209,0.0115347279788224,-0.00143359664882106,0.0424421152160878,0.277608940039106,3
B10,NC_035782.1_38680506,0.0471224657716076,0.00465044564014816,-0.00710538794734792,0.0380063858324728,0.360728101083304,3
B10,NC_035782.1_38696541,0.0949246671239737,-0.0259289321789322,-0.0233899926481227,0.105309696342305,0.588552281775139,3
B10,NC_035782.1_40362469,-0.000210548382198942,0.018156371157013,0.0478131979349764,0.0378140473134055,-1.07604891760725,3
B10,NC_035782.1_40440586,0.090425065993478,-0.0764107206529462,-0.0605821228612708,0.0549342690312331,0.682502570883284,3
B10,NC_035782.1_40763312,0.209133760882482,-0.0296843434343434,-0.0746239569609135,0.065239898989899,1.02860380131359,3
B10,NC_035782.1_41060194,0.0623074800926157,0.00603778267022291,0.0809171394914869,0.0766008125450594,0.41570934453763,3
B10,NC_035782.1_41134378,0.0510355610716952,0.00909922866956182,-0.00949543655007164,0.00743678907613334,1.35837413811681,3
B10,NC_035782.1_41521210,0.0822442439610727,-0.0499915307509255,0.074227178005713,-0.00330554518684417,0.490644906441731,3
B10,NC_035782.1_42172961,0.00136851467122068,-0.0629506003077825,-0.00735545756940906,0.0898148148148148,0.0567032657411445,3
B10,NC_035782.1_43187909,0.0381090798344544,-0.0233028455374952,0.0299982445462348,0.0132612272641696,2.51105167370691,3
B10,NC_035782.1_45095324,-0.000657299133826966,0.0345325566619667,0.0254208015344728,-0.00589188392988658,-1.83714417464659,3
B10,NC_035782.1_45412016,0.21975139125448,0.0120885018757359,-0.077155538445861,0.0304319356950936,0.968320343761684,3
B10,NC_035782.1_45453585,0.0493632408837722,-0.040321672582923,-0.103435014520763,0.0850721433927158,0.198759169361113,3
B10,NC_035782.1_45854300,0.00778508053591951,0.0117263010112447,0.0351472849198862,0.0133675848247305,0.467689700059438,3
B10,NC_035782.1_46614478,0.153220394151745,-0.027881851158855,0.109368885220819,0.0251519297588568,0.639829357710843,3
B10,NC_035782.1_47030429,0.0942210332286842,-0.0483773422757832,0.00362003152955526,0.0395254264140524,1.65102851236821,3
B10,NC_035782.1_47172358,-0.0026431146773372,0.0205718651096802,0.0791444320344172,-0.00353207949846605,-1.27527382171182,3
B10,NC_035782.1_47262306,0.0626247275202387,-0.015397535398462,0.0235412223966379,0.0143585242670609,1.18662660277089,3
B10,NC_035782.1_47531124,-0.00299984940361695,0.0121289700969446,0.0546581243278611,0.00992835726229602,-1.02992105326245,3
B10,NC_035782.1_48033101,0.194083213677807,-0.057501578341078,-0.00756470812450116,0.0448452467588434,0.807307547458037,3
B10,NC_035782.1_48033113,0.216672604100062,-0.0605329696010193,-0.031701490044939,0.000374852300044822,0.904081877819739,3
B10,NC_035782.1_49284105,0.631294794379907,-0.0652766047912844,-0.193343109170814,-0.0525432795727176,2.63847684187546,3
B10,NC_035782.1_49284129,-0.0214727547806628,0.118868523123842,0.18513923147235,0.0939260896707705,-0.0641118233575803,3
B10,NC_035782.1_49595662,0.0118295021059591,0.0379776473526474,0.0705485897018155,-0.012030465497277,-0.296538958466068,3
B10,NC_035782.1_49595680,0.0595325384634974,0.0148382578234265,0.0658811428104383,0.0132279632719023,0.390592019537937,3
B10,NC_035782.1_49596746,0.0229609916288701,0.000868697166645431,0.0616120812599227,0.0288106630211893,0.113957877416393,3
B10,NC_035782.1_49596773,0.0450329232715466,0.00866055583869356,0.090024240968851,0.00153078026535385,0.251768391453414,3
B10,NC_035782.1_49596815,0.0113342254706867,-0.00754093490351928,0.0160128157846211,0.0256499179329698,0.132628756108401,3
B10,NC_035782.1_49596969,0.0348826855750538,0.0197435897435897,0.0313390313390313,-0.0130718954248366,-0.319321726520647,3
B10,NC_035782.1_49616323,0.0831082795421916,0.0137029787188907,0.11424528891812,0.0263281632657397,0.329940046637851,3
B10,NC_035782.1_49616349,0.205549249127528,-0.0570270101750646,0.0423279980492132,0.0479961215255333,0.850157832549881,3
B10,NC_035782.1_49616359,0.197055946443281,-0.0746111807710759,0.049565961297426,0.0662577024923288,0.820434039963903,3
B10,NC_035782.1_49616384,0.181018813465139,-0.0671369176830188,0.0566747631047098,0.0946478849704656,0.781722833559164,3
B10,NC_035782.1_49616413,0.130196627505682,-0.0391120809735577,0.097011048394493,-0.0155132288390967,0.555838041166706,3
B10,NC_035782.1_49622041,0.162325928469476,-0.0200667590758949,0.0396341658698169,0.0527243782049744,0.722378822864388,3
B10,NC_035782.1_50103053,0.0806671854946524,-0.0139635639129821,0.0439991949234572,0.0615194057170947,0.418939378197131,3
B10,NC_035782.1_50103086,0.000520017633498802,0.0355590689719036,0.0659563210627041,0.024043678937296,-0.0274674401976875,3
B10,NC_035782.1_50473988,-0.0218403939917534,0.0497399914902202,0.0950983124576475,-0.0185185185185185,-2.72635672130266,3
B10,NC_035782.1_50474107,-0.0449009708738238,0.0336172446035896,0.0960108686353975,0.0396810898272352,-0.304624310114879,3
B10,NC_035782.1_50474309,-0.00710409574033455,-0.0425021748279203,-0.0135691993054338,0.0300071713446343,-0.137751538765564,3
B10,NC_035782.1_50884549,0.0642708424016534,0.0452511735118967,0.070700108757717,0.00941602818428078,0.259017714440775,3
B10,NC_035782.1_51061117,0.0716487427800104,0.0116132082343228,0.0347486903753221,0.0166802490311823,0.322250644339517,3
B10,NC_035782.1_51088696,-0.0841225224479912,0.00853093218934486,0.0226329518498854,0.0762250417211818,-0.451217415347857,3
B10,NC_035782.1_51259521,-0.0322869611413255,0.0678273115773116,0.0322066822066822,0.066289592760181,-0.176250708802717,3
B10,NC_035782.1_51261530,-0.00670861235203677,0.0225791752107542,0.0588927027714213,-0.00502161200101704,-1.21802998050948,3
B10,NC_035782.1_51930663,-0.162782487844319,0.0531298259445275,0.0788370776732846,0.0225770637408568,-0.73274624953344,3
B10,NC_035782.1_51930668,0.0513687313024662,-0.03137579260652,-0.00602937602021118,0.160726002145409,0.236302586272599,3
B10,NC_035782.1_52113277,-0.0412950686796391,0.0654245819863669,0.0638860338353591,0.00266896955247044,0.850108510737494,3
B10,NC_035782.1_52124941,0.111802905955238,-0.022206639847464,0.0415001795283485,0.0347387354429608,0.519683869600461,3
B10,NC_035782.1_52125144,0.137469214302601,-0.0388644278597232,0.130821013992952,-0.00028578760731617,0.582705219619898,3
B10,NC_035782.1_52295254,-0.0195303869819346,0.00937927979774694,0.0786686792234315,0.0373960190136661,-0.107038993739016,3
B10,NC_035782.1_52408867,-0.0637611066066529,0.00720118096087088,0.113474035295741,0.0724699374699375,-0.402421227996021,3
B10,NC_035782.1_52409914,0.0396964784888395,0.0142274080476328,0.0786074495125618,-0.0393162393162393,-0.806711689441227,3
B10,NC_035782.1_52470602,0.0380434379499782,0.00496951489143655,-0.0126465065272525,0.0212759550939618,0.634909027873779,3
B10,NC_035782.1_52615619,0.0180737305393216,-0.0524643050242358,-0.0291055578282793,0.046406067775848,1.69602353534997,3
B10,NC_035782.1_52759221,-0.0147605649802158,0.121924015306368,0.104449889652925,-0.0637512512512513,-1.67152455707298,3
B10,NC_035782.1_52777030,0.0490992738390533,0.0435094357188088,0.0165949899684181,0.00711331679073614,-1.54507458921148,3
B10,NC_035782.1_53009372,0.0333610847028203,0.0495127121802645,0.116977325520057,-0.0133473843100344,0.0799422790435385,3
B10,NC_035782.1_53239121,-0.0569965109451072,0.145478753702824,0.22893096200082,-0.0669387952549584,-0.178706063936641,3
B10,NC_035782.1_53239354,0.112602423862262,-0.0426821182942649,-0.0233522122405209,0.0529356142687165,0.484107078988199,3
B10,NC_035782.1_53240314,0.0447634654155043,0.0290373507242009,0.0434229357617333,0.0363174501343596,0.43636401368678,3
B10,NC_035782.1_53240428,0.0501054372120502,-0.0118665808273516,0.0118903369588042,0.0282721484849491,0.821541379737221,3
B10,NC_035782.1_53240437,0.0489576626881336,-0.0109189801729655,0.0159372025314054,0.0200446098328057,0.766399772343415,3
B10,NC_035782.1_53240467,0.0308786727486379,0.0156393678834983,0.0295898020735153,0.0332783810342506,0.149792665014399,3
B10,NC_035782.1_53240729,0.0220855984818591,0.0117450256051999,0.0192665284691995,0.010114643220593,0.122069018490835,3
B10,NC_035782.1_53240880,0.0452268018153917,0.00874291911251398,0.0282588366295049,0.0246234758259452,0.355539594099229,3
B10,NC_035782.1_53241132,-0.00528538770071086,0.0474190903182845,0.0920079065240356,0.0400330644233083,0.0739860490075732,3
B10,NC_035782.1_53241999,0.0072395387703969,0.0117141572300577,0.0490999867725848,0.0131797556992006,-0.241320568234586,3
B10,NC_035782.1_53242069,0.00711317545492849,0.0682039457558716,0.111865402464063,-0.0869796020194505,0.282243210516808,3
B10,NC_035782.1_53352141,0.122040678826615,-0.025619718723167,-0.0378045138565051,0.0811580191212805,0.69928585835686,3
B10,NC_035782.1_53404865,0.0238160176051344,-0.0069554047240653,0.03552453747123,0.00114833859750972,0.926357546374435,3
B10,NC_035782.1_53450504,0.076231730848736,0.0206701431223609,0.0389129389129389,0.00735620413039768,-0.401136731655776,3
B10,NC_035782.1_53805411,0.109112786543194,-0.0390330724207903,0.0637977012001579,0.0589680256149204,0.432206349658666,3
B10,NC_035782.1_53805416,0.124271214158416,-0.0366710135847773,0.0545811667316518,0.0151278499354334,0.530489887030472,3
B10,NC_035782.1_53813582,0.0528239638405785,-0.0422794117647059,-0.0258736434825503,0.0272970085470086,3.2144366526102,3
B10,NC_035782.1_53814996,-0.0109773227751928,0.00242029609940914,-0.0509924965990979,0.0266046472112485,-0.0661775553190282,3
B10,NC_035782.1_53815081,0.0392095475923927,-0.00562266503541412,0.0563910091211579,-0.0122819621253484,0.229796725742375,3
B10,NC_035782.1_53914169,0.0148982200114037,0.0760526885113799,0.0708854932212697,-0.0320351987200465,-1.82755102584737,3
B10,NC_035782.1_53916205,0.122944783025049,-0.00582368395743046,-0.00618191556313461,0.0125773052602321,0.707765703313964,3
B10,NC_035782.1_53917287,0.0188485690015531,0.0438013060428774,0.0537351638196,-0.0133579747688549,-0.976407408104353,3
B10,NC_035782.1_54048810,0.0614979747928626,-0.0238370870348581,0.0210011070947271,0.056792767967907,0.433640505766246,3
B10,NC_035782.1_54304758,0.0575960591152042,-0.0206274608195198,0.0898826543509338,0.0878274134804654,0.517198573291639,3
B10,NC_035782.1_54305299,0.0722134721499914,-0.0156902780069936,0.00149291577351092,0.0380961041126082,1.34278716575213,3
B10,NC_035782.1_54487482,0.0195477390817352,0.00963830804503445,0.0592091801513989,-0.0202431228315678,-0.819860774826617,3
B10,NC_035782.1_54487556,0.0507676296009175,0.0065213278025153,0.0640701676192839,-0.0152798986376693,-0.267332049433896,3
B10,NC_035782.1_54788505,0.0641315091712443,-0.116942802046188,-0.0274378384664705,0.0476296910339464,0.265189240381233,3
B10,NC_035782.1_54839967,0.00412618531549836,0.0481906125589829,0.0800669994773866,-0.0199874724155442,-0.237282048302902,3
B10,NC_035782.1_54840166,0.0163047457409373,0.0850577071507304,0.0271871945259042,-0.0223420647149461,-3.61581624154391,3
B10,NC_035782.1_54840171,0.0160754675581728,0.0818161053437033,0.0224232318100918,-0.0165865934568749,-3.49855112847274,3
B10,NC_035782.1_54840318,-0.0361409431926715,-0.00628932968536252,0.189603475492413,0.00521673449253915,-0.239286909021425,3
B10,NC_035782.1_55861259,0.0724511714388552,-0.033948457582623,0.0575358551566194,0.0745714379057514,0.329777146043887,3
B10,NC_035782.1_56129854,0.0287472118624258,0.025857905348331,0.0521586007994127,0.0388637579648816,0.0117115012852228,3
B10,NC_035782.1_56718227,0.164883382583541,-0.108478490068498,-0.0144710233751396,0.105408129955504,0.740553045340547,3
B10,NC_035782.1_56992794,0.0234626416220431,0.00740354535974974,0.0475993431855501,-0.0117199391171994,-0.425902252170005,3
B10,NC_035782.1_57103028,-0.0921202077737606,0.0877698681293033,0.0974477082232123,-0.0680359435173299,-0.381331585591267,2
B10,NC_035782.1_57138236,-0.0379233156817816,0.0381706948795565,0.0749892098063604,-0.00946112109454966,-0.417929132295669,3
B10,NC_035782.1_57594739,0.0930958977371598,-0.00733876207843384,0.0417736770656742,0.0153759897628063,1.22454122137818,3
B10,NC_035782.1_58196359,0.0969898655207724,0.0121041672570282,0.0712677511031981,0.0242305819813419,0.366066887048185,3
B10,NC_035782.1_58677480,-0.0126981915016763,0.0147338461901239,0.0379878932347059,0.0172520110522346,-0.393974981231001,3
B10,NC_035782.1_58895501,-0.0855261961429808,0.127108164898863,0.0935218163479033,0.0126196902512692,-0.597478315995908,3
B10,NC_035782.1_59169397,0.119675493162942,-0.0153459462051767,-0.00901060172360926,0.0359802669471365,1.58751337708406,3
B10,NC_035782.1_59294783,-0.0440226446885436,-0.0201980476727349,0.0385175445720119,0.0336277701492136,-0.217264923593505,3
B10,NC_035782.1_59805920,0.00947705685438859,0.0282552272014249,0.0520809658601762,-0.0021689497716895,-1.82118588658362,3
B10,NC_035782.1_60938144,-0.0224683380747762,0.0345249471025869,0.0374151985103585,-0.00636348573807683,-0.743046690736092,3
B10,NC_035782.1_61292582,0.0678776377910152,-0.0332470528833254,0.0576885674572387,0.0279450018781212,0.343574221014828,3
B10,NC_035782.1_61292824,0.0201526410186577,0.0294891256031061,0.0359681046059074,0.0199128877259243,0.0462880198960236,3
B10,NC_035782.1_61293962,-0.0400184798110472,0.016641793194197,0.0755785778088076,0.0704579814700823,-0.19473052881885,3
B10,NC_035782.1_61294148,0.0327814918878549,-0.0341039618328644,0.0592753237010968,0.0325538521303853,0.178315998174824,3
B10,NC_035782.1_61294562,0.012277030193585,0.0248937823631212,0.0973470647682735,0.0366175602472394,0.0424257859411782,3
B10,NC_035782.1_61304690,0.0240951330836053,0.0821202968112104,0.0514133588044468,-0.00751167691957166,0.0938001802374064,3
B10,NC_035782.1_61703729,0.125243087627931,0.0199524753032714,0.131378988663037,-0.0288778037938172,0.4173710926857,3
B10,NC_035782.1_61703739,0.0878625234049536,0.039266983016983,0.128307162138791,-0.0537968975468976,-0.0165332640370852,3
B10,NC_035782.1_61714858,0.0150838813673689,0.0121250109354552,0.0262231182998738,-0.0116846338735394,-1.10207597857417,3
B10,NC_035782.1_61715005,0.0373871925728749,-0.0152708190214414,0.00488396155145211,0.0276411257005999,1.1453583572973,3
B10,NC_035782.1_61744861,0.0811457302909056,-0.0757357584943792,-0.0316040046773954,0.0595654553675543,3.35060541403216,3
B10,NC_035782.1_62205481,0.120462337745189,-0.0647133949365187,-0.00779454059830948,0.0606265494703629,2.93033857316734,3
B10,NC_035782.1_63113934,0.0971629332913264,-0.00609720392329088,0.0540280657257595,0.0483451536643026,-0.454832072955529,3
B10,NC_035782.1_63385215,0.00405272822571009,0.0327479826180322,0.0587996493270709,0.0863198804257345,0.0800135631630108,3
B10,NC_035782.1_63385233,-0.00658449247981625,0.0343789645260234,0.0845040118532405,0.0843153313741549,0.0103789360059929,3
B10,NC_035782.1_63385247,0.0378684943261522,0.00402031683644922,0.0493242506656515,0.0394508066944469,0.360263941352393,3
B10,NC_035782.1_63460235,0.219941013667356,-0.0103785026172517,-0.0767674461088783,0.033344042264582,1.30117156330882,3
B10,NC_035782.1_64567605,-0.0160838158279017,0.0443341422963989,0.0585691998466196,-0.00137340988404818,-1.92162124436011,3
B10,NC_035782.1_64702720,-0.0293441754444689,-0.0457300166108553,-0.0359697736509331,0.113091218514313,-0.748124368005627,3
B10,NC_035782.1_64702721,-0.12793767124261,0.106737027384191,0.178654869470437,0.00282120109551459,-0.527393357689048,3
B10,NC_035782.1_64828492,0.134337758434534,-0.0529863101389693,-0.00740374277176664,0.0621346731869854,0.611876418047687,3
B10,NC_035782.1_64885926,0.0444802953901256,0.00931263309485212,0.117011932460591,0.0474694773825209,0.264171241842602,3
B10,NC_035782.1_64886034,0.132197088339701,-0.0409486307791392,0.0330036821416132,0.00520923520923519,0.783529455259248,3
B10,NC_035782.1_64889142,0.0513684090678224,-0.0315698339246156,0.0661654722297761,0.0314760700041574,0.273628304417302,3
B10,NC_035782.1_65428478,0.0271068555125833,0.0271457067981551,0.0484552477625862,0.0256739409499358,-1.93067904412106,3
B10,NC_035782.1_65446752,0.129186334274216,-0.0335403726708075,0.029951690821256,0.00267617513994326,4.80568953449332,3
B10,NC_035782.1_67287295,-0.0322070850877032,0.00493882454729695,0.0663021676179571,0.0130488944254126,-0.72949920070367,3
B10,NC_035782.1_67287407,-0.0901726137930646,0.0749550591132053,0.138102018762647,0.0129302499335961,-0.447774965168814,3
B10,NC_035782.1_67456156,0.141171484413947,-0.0116576840883805,0.0618687635408246,-0.025995754427127,0.703771342196666,3
B10,NC_035782.1_67456591,-0.030821441224667,0.0753779732811991,0.0843678722710981,0.018453444343322,-0.313319677339984,3
B10,NC_035782.1_67502714,0.0674488349341899,-0.0284808362933363,0.0304213231320602,0.0222008713811992,1.84199935578327,3
B10,NC_035782.1_67503497,0.0298360441566884,0.0288706904636242,0.0266907971390999,-0.00781454493429385,0.212293596968829,3
B10,NC_035782.1_67503849,0.0618061936341742,-0.0435772822756685,0.0191082764288475,0.0367977846997108,1.21457703651636,3
B10,NC_035782.1_67503988,0.0336404580249966,0.00524080617343878,0.0449955253847401,-0.0112923539731307,0.301624126282814,3
B10,NC_035782.1_67504195,0.0333308515992976,-0.0140783384347376,0.0038696185221826,0.0373810023458032,1.59683833933932,3
B10,NC_035782.1_67568695,0.0213716719920669,0.0165238980463603,0.0443335102188221,0.0049452269170579,0.332949252838135,3
B10,NC_035782.1_68199835,-0.0120505852842809,0.0585144927536232,-0.0153532608695652,-0.00246103363412633,-1.48432916621558,2
B10,NC_035782.1_68639810,0.109489737928546,-0.0817738341206085,0.0124264826104221,0.069065902372197,0.752448911481675,3
B10,NC_035782.1_68641094,-0.0186349558393131,0.0194595872015227,0.0864802597461043,0.0163554486135131,-0.0512480570800707,3
B10,NC_035782.1_68702210,-0.0507756055938031,0.0600046919307758,0.17848337714066,-0.0122621077176034,-0.258151310035218,3
B10,NC_035782.1_69900349,0.0488999355215648,-0.0136431343047813,0.0765529475955386,0.028570269534125,1.56016166807855,3
B10,NC_035782.1_70197207,0.135836595945976,-0.0485648737014857,-0.0525626126495357,0.0892162288653517,0.573721846913084,3
B10,NC_035782.1_70554852,0.0629818960338965,-0.0241359546802152,-0.0588615585646519,0.0557621433599735,2.9697991335672,3
B10,NC_035782.1_70690936,0.0435088346932976,-0.113045634920635,0.020387158486583,0.021031746031746,0.168415915298836,3
B10,NC_035782.1_71111922,0.0887078909293475,0.0072767001274128,-0.0160295197063401,0.0432753071308763,2.13949533494804,3
B10,NC_035782.1_71468428,-0.013081924641644,0.00444505967761782,-0.00737729355697968,0.0103124833737609,-1.3340838393428,3
B10,NC_035782.1_73460834,-0.0253196500746259,0.079464055667914,0.0488737543088116,0.0305827103455075,-0.11161377553142,3
B10,NC_035782.1_74018248,0.0340672759224668,0.0210312061559282,0.0693643395399848,0.0343766910784242,0.130627570233387,3
B10,NC_035782.1_74018258,-0.0272617729861508,0.0824086475954185,0.072430509364211,-0.00100890132969976,-0.102890053389193,3
B10,NC_035782.1_74907008,0.0318120468246448,0.000992063492063491,0.0816773504273504,0.0124058380414313,1.77738888218614,3
B10,NC_035782.1_75039306,0.00287147261723754,-0.116259732822326,-0.0551385937737432,0.126941587393565,0.00678430533311099,3
B10,NC_035783.1_1274083,-0.0037598190358139,0.0037598190358139,0.040825456101451,0.0326439316536511,-0.982847463583678,3
B10,NC_035783.1_1381704,0.0302413721149183,0.0223594160436266,0.01671548907742,0.0841155466155466,0.122130543467993,3
B10,NC_035783.1_1381927,0.0621227122382315,0.0196222264300742,0.0375418605584273,-0.0261582622428337,-0.200763058398457,3
B10,NC_035783.1_1489526,-0.0906946532264918,-0.0261360137020838,0.0475378845629534,0.0087770616944062,-0.519086281924952,3
B10,NC_035783.1_1494090,0.0351765395726721,0.0397551270582849,0.00153674547001139,0.00371980676328502,-0.491642880481249,3
B10,NC_035783.1_1682243,0.00837098857789693,0.0432780995280995,0.00376984126984127,0.0226473922902494,0.12343232981852,3
B10,NC_035783.1_1732230,0.114466099017576,-0.0134439572895993,-0.0132907668238217,0.109640158553202,0.647448379551062,3
B10,NC_035783.1_1732317,0.0186285351442478,0.0228647690316876,0.0367876462768633,-0.00668336134084594,-0.162622349213243,3
B10,NC_035783.1_1732663,-0.0109096535713543,-0.0482486058434051,0.00305761573388464,0.0375282886376039,-0.116340124355755,3
B10,NC_035783.1_2284366,-0.0784611498238703,0.166960291170817,0.181470421563301,-0.0264343508088116,-0.260036210916513,3
B10,NC_035783.1_2284543,-0.014669105220623,0.0496443358007396,0.0743720711088144,-0.0150038129249226,-0.0515547231412416,3
B10,NC_035783.1_3307795,0.0647938591539434,0.0507049700831651,0.0484728126605715,0.0210859499925197,0.684016793626314,3
B10,NC_035783.1_3808851,0.0375511412585426,0.0288896606176983,0.0427494364997128,0.0414552395189803,0.202513035893119,3
B10,NC_035783.1_4767360,0.0910360134539089,-0.0152177670096505,0.0327541611191222,0.0537105091321959,0.623143794322481,3
B10,NC_035783.1_5914854,0.100374970420345,-0.030886331487262,0.0589240385361979,-0.00647733903909749,0.453876058452383,3
B10,NC_035783.1_5914857,0.11685459158426,-0.0468718495051033,0.0296437007313811,0.062829939668175,0.525719536432477,3
B10,NC_035783.1_8510692,0.0157303423975402,-0.023642431158771,-0.0226791282552077,0.0140148111846225,2.90460158143983,3
B10,NC_035783.1_8785734,-0.000827886373796208,0.00797822665509574,0.0458075840462732,0.00581321777384333,-0.289750327893276,3
B10,NC_035783.1_8785808,-0.00250375083790988,-0.00855458600428864,0.0586969562145429,0.0536523877955495,-0.0345575116481099,3
B10,NC_035783.1_8799934,-0.0116629399313404,0.0463610028657051,0.0418164062486987,-0.0129220866516692,-1.68920009518719,3
B10,NC_035783.1_8800083,-0.00164316451753107,0.00503058038065281,0.0548674534221794,0.0440713410896897,0.00203947497542275,3
B10,NC_035783.1_8800089,0.0854212996306853,-0.042616329575192,0.0109080547205215,0.0393002270874588,1.77135195265371,3
B10,NC_035783.1_9295153,0.123716432178492,0.0175525926282332,-0.0274976938712147,0.103891249762809,0.577553152396582,3
B10,NC_035783.1_9369115,-0.0134278879143276,0.0466364865517408,0.142786931205222,-0.0161477411477411,-1.51116992307526,3
B10,NC_035783.1_9592300,0.0121389546754318,0.0732829256220415,0.290583945372982,-0.108106312292359,0.0962596331005432,3
B10,NC_035783.1_10536993,-0.00275340277964718,0.0895739352574396,0.024342255278828,0.00265365916481537,-0.0196136514297192,3
B10,NC_035783.1_10572445,0.00688885352864879,0.0239520119048526,0.00770843434916539,0.0639418129937979,0.320594614962859,3
B10,NC_035783.1_10943844,0.0309190378029264,0.0332212851199662,0.0966764958217647,-0.0230883813306852,0.120008576984325,3
B10,NC_035783.1_11137100,0.00333096492240684,0.0270444891225544,0.0965566519504248,0.0131557740832162,-0.193718734230768,3
B10,NC_035783.1_11137183,-0.0134294670980628,0.0317263093596883,0.0900780849697258,0.0475744501736294,-0.171698933034528,3
B10,NC_035783.1_11910912,0.0971063671226344,-0.0210944159949135,0.0121802670822279,0.0822570985172611,0.689060200628793,3
B10,NC_035783.1_11910915,0.0924633289202575,-0.0177786845819633,0.0321238611093684,0.102721896839544,0.644953672798312,3
B10,NC_035783.1_12171397,0.0306455325335353,-0.100332769612077,-0.0389363095920473,0.184960473221845,0.220243386615258,3
B10,NC_035783.1_13118258,0.0798852290344067,-0.103736625019054,-0.0906777655961859,0.01204863927553,0.345644003883461,3
B10,NC_035783.1_13630929,-0.0991312563757375,0.136935427707149,0.034404771473737,0.0507310150167293,-0.579096688684236,3
B10,NC_035783.1_13696438,-0.0132757669883072,-0.0196418907966433,0.0467724867724868,0.00790646758569774,-1.59233811918064,3
B10,NC_035783.1_14123997,0.027630553205143,0.0350118196144987,0.0357097224698401,-0.00694444444444444,-1.85069512686758,3
B10,NC_035783.1_14126152,0.0639650972924819,-0.0144080958070389,0.0184623740486964,0.0178630217519106,1.04463793978494,3
B10,NC_035783.1_14127246,0.0156906797006241,0.0345457259099312,0.0238195710256549,0.044660688590601,0.027855454081551,3
B10,NC_035783.1_15097372,0.00243871978240011,0.0326425631981188,0.0578383274511689,-0.00551525179245683,-1.14432318900177,3
B10,NC_035783.1_16287622,0.063193711957783,0.0312967957615981,0.0397660137828799,0.0122769828652182,-0.626148306384884,3
B10,NC_035783.1_16620983,-0.0141370444056022,0.08531749321763,0.104047058458823,-0.0139607651467234,-0.143373348707133,3
B10,NC_035783.1_16658655,0.0334633194591579,0.0323542992443451,0.0492754669584672,-0.0007923902328341,-0.159352210764439,3
B10,NC_035783.1_17229812,0.0363723578723313,0.0251485442661913,0.0683765183218118,0.0334566596194503,0.138588173718532,3
B10,NC_035783.1_17229849,0.0256235109135135,0.0275940123572261,0.0312453515740102,-0.00162055487387435,-0.0255695103095228,3
B10,NC_035783.1_17229863,0.0248455263341523,0.0482223996341952,0.0807853313746677,-0.00111978619188117,0.139981116070669,3
B10,NC_035783.1_17230040,0.0579059338713896,-0.0181274146114329,0.0904158677837454,0.0495369926876776,0.336906248236232,3
B10,NC_035783.1_17230384,0.0280543161430698,-0.0253441045839824,0.0300400924762745,0.0369071560248031,0.759507634559655,3
B10,NC_035783.1_18683241,0.0381939506682883,-0.0138339968965698,0.00869265670024683,0.0139930974433078,1.89870169854005,3
B10,NC_035783.1_18835662,0.190219798118315,-0.0828174906971251,-0.0222978164087958,0.039145267370491,0.828235729895989,3
B10,NC_035783.1_19020381,-0.107566261793704,0.191594584438917,0.146436093692191,-0.0774902247463223,-0.411997851197485,3
B10,NC_035783.1_19112261,-0.00152574013651352,0.0678816886472337,0.21232573308967,-0.153127818819292,0.078255356575371,3
B10,NC_035783.1_19226765,0.00693467503266938,0.0208956076603135,0.0799348799348799,0.00764033264033264,-1.16942495194935,3
B10,NC_035783.1_19227734,0.0240089895422747,-0.00636529918996603,0.0318247815922235,0.0245082049733213,1.4249383051724,3
B10,NC_035783.1_19550350,-0.0210435039279825,0.00140970885811526,0.0604488543915153,0.0100400534045394,-1.2937745724521,3
B10,NC_035783.1_19551758,-0.014448739176598,0.0491886901167125,0.101032767999405,0.0164176781823841,-0.0484490824652226,3
B10,NC_035783.1_19814036,0.0147042356852966,0.0243998161419168,0.0339715765558517,0.00615446687339986,0.150730733583249,3
B10,NC_035783.1_19832581,0.0135511624517292,0.035492127885637,0.0659962642721263,0.0818281335522715,0.25134635359244,3
B10,NC_035783.1_19841780,0.0908414007044609,-0.0642738886112564,0.105809744359612,0.0618812614423051,1.17001131325312,3
B10,NC_035783.1_19849082,0.00382872107451302,0.000510892616155774,0.0319897801858949,0.0285714285714286,-0.872016473784645,3
B10,NC_035783.1_20018616,-0.00749992822599612,-0.0332102489425144,-0.00365698868749974,0.0999541940912344,0.0405987046678785,3
B10,NC_035783.1_20043057,0.0157228611220395,-0.00137451914913699,0.0348091631897494,0.0268611027873372,0.479574875953839,3
B10,NC_035783.1_20043125,0.0444857031419046,0.0185345090964055,0.0464958679244394,-0.0178348492955235,-1.40112202854051,3
B10,NC_035783.1_20052557,-0.00623203657431383,-0.0165879442195232,0.00540239837625459,0.0224358974358974,-0.114936756237138,3
B10,NC_035783.1_20482835,0.0602059700214067,0.0145556322367917,0.0395388193162828,0.0332206119162641,0.271839421604916,3
B10,NC_035783.1_20697683,0.0266693499431508,0.0380436403399771,0.0907978595478595,-0.00727272727272727,-1.34679298108665,3
B10,NC_035783.1_21008765,0.145988298673321,0.041959561736438,0.0685487896341772,-0.0134024978852565,0.556715268851157,3
B10,NC_035783.1_21008900,0.0386467171260305,-0.0136945119673457,0.0105424405070579,0.0553668898389395,0.948575926235171,3
B10,NC_035783.1_21008902,0.0350466550656898,-0.0102579934349229,0.0109838991417939,0.0268607123870282,0.885716812427571,3
B10,NC_035783.1_21008956,0.0295264283668818,-0.0031903438259084,0.022993514380765,0.0339390069275127,0.628527214980101,3
B10,NC_035783.1_21034639,0.0881818711422378,-0.027684785912634,0.107645957915149,0.127871032838011,0.528002812516547,3
B10,NC_035783.1_22530435,0.0502881502979601,0.0442325416518965,0.0240800865800866,0.00164835164835165,-0.468609653221381,3
B10,NC_035783.1_22530501,0.110821722200502,-0.0576929584362965,0.0477755666666869,0.103924842494267,0.581233932246995,3
B10,NC_035783.1_22598014,0.0714551207838848,0.00275824885947069,0.0118973304450286,0.0210642612582202,0.974710370984596,3
B10,NC_035783.1_22599050,-0.0124706392481569,0.0274782599935925,0.0459554388971509,0.00827652868080023,-0.571458655936121,3
B10,NC_035783.1_22600831,0.0841059726160168,0.0201618986130013,0.121457779151039,-0.0608187134502924,0.429660201915842,3
B10,NC_035783.1_22933980,0.0819171030241388,0.0210607238091098,0.0274925543218226,0.0340560072267389,-0.646283240304297,3
B10,NC_035783.1_23137779,0.0107775589201623,0.0691952091025517,0.140230159410176,-0.0436882624789189,-0.0333155355873118,3
B10,NC_035783.1_23139207,0.0643947727698276,-0.00344652837463738,0.0600542939498849,-0.0297948260481713,-0.736780148572927,3
B10,NC_035783.1_23563592,0.112544677380564,-0.0399302724231783,0.0312718497300309,0.0592539439207628,3.9293130976423,3
B10,NC_035783.1_23565352,0.126142450485762,-0.0116176085219829,-0.00166734339275041,0.00923363995635807,0.8869809469375,3
B10,NC_035783.1_23691872,0.110730251793054,0.0200695026748772,-0.0306536624000618,0.00862029165414809,1.83902247246069,3
B10,NC_035783.1_23888625,0.0145148806148011,0.0181818181818182,0.0406836426854835,-0.00766283524904215,-0.754034363103805,3
B10,NC_035783.1_24618032,0.0628072206856053,0.00775972092953925,0.0326368393287789,0.0164915674870572,0.995777931077997,3
B10,NC_035783.1_24759888,0.0881730172057189,-0.0124216914375327,0.00286595040573009,0.0381437464629315,1.04718428512772,3
B10,NC_035783.1_24769424,0.0773156707192382,0.00955656019730258,0.0702629093109242,-0.00516129032258065,-0.968171312171531,3
B10,NC_035783.1_24925518,0.117208606887608,0.0133429021726894,0.0144865690640339,0.0290674603174603,0.473960083270022,3
B10,NC_035783.1_25285436,0.17512884682678,-0.0903784282923697,-0.0591560381804284,0.0903918853423804,1.18253754018645,3
B10,NC_035783.1_26877323,0.0702985414111086,0.010368514241207,0.0430495089977022,0.0776867345178541,0.357374897370416,3
B10,NC_035783.1_27076420,0.0658242278754689,-0.0246508201669105,-0.0665812108755248,0.076762206350638,1.17188104719679,3
B10,NC_035783.1_27076522,0.0177194693870957,0.0169269003980117,0.0207481145904791,0.0156029535666473,0.264469440773908,3
B10,NC_035783.1_27316359,0.0192223735559911,0.00667254556143445,0.038177666438536,-0.00442655935613682,-0.789435771870958,3
B10,NC_035783.1_27390097,0.102397882925127,-0.0472279281265161,0.0594191404773712,-0.0105843006526012,0.465018736245987,3
B10,NC_035783.1_27390138,0.0334261374785576,0.0176461950273835,0.0803861042027803,0.0245303860348108,0.371061324044308,3
B10,NC_035783.1_27390170,0.0355419361634818,0.0297288031636439,0.0849337612782321,0.0361673886441053,0.592142089812685,3
B10,NC_035783.1_27815822,0.0959862725779899,0.0245083960166939,0.0263177908084283,0.00878255501543173,0.490133718670622,3
B10,NC_035783.1_28271776,0.0805158190049051,-0.0351824940502517,0.0330922263983818,0.0239465389940719,3.61677589238895,3
B10,NC_035783.1_28344874,-0.0254507245567019,0.044133548976164,0.0936401527471601,-0.0133919229964428,-1.40171013328369,3
B10,NC_035783.1_28552508,0.207777866330528,-0.032962962962963,0.0177591912598033,0.041087962962963,5.25118466526877,3
B10,NC_035783.1_28573496,0.017889634306645,0.0204108803739552,0.00406648710124309,0.0330545920608032,1.17148677190205,3
B10,NC_035783.1_28655023,0.0952623020879065,0.0242424403502158,-0.00679822160454794,0.0694195313057757,0.389226783650581,3
B10,NC_035783.1_28679770,-0.0949429266975382,0.0363975698327363,0.0521128008130021,-0.00418236970309771,-2.73898538312957,3
B10,NC_035783.1_28694771,0.00351934950188162,0.0161796367846596,0.0284890153311206,0.0260683760683761,-1.12359991360034,3
B10,NC_035783.1_28695373,0.0426702397589851,-0.00994532204229412,0.0347938298410401,0.0255296414087873,-0.0528159916821022,3
B10,NC_035783.1_28741689,0.00251124108216409,0.0401470522505117,0.188611908799985,-0.0997575759612121,0.0122261146754928,3
B10,NC_035783.1_28787445,0.0147167996155882,0.00175293263138074,0.0701098233330034,0.0223437353245045,0.180064200629815,3
B10,NC_035783.1_28787605,0.092313763457382,-0.0140791469881221,0.0174750332152583,0.0160024975432166,0.408405901941513,3
B10,NC_035783.1_28787612,0.0924921588750694,0.00109500213816331,0.0201749676053533,-0.0218787802494464,0.532333136422414,3
B10,NC_035783.1_29116714,0.0557546008062634,-0.0224798603473461,0.0407410082556915,0.000802711500385916,1.99185522586487,3
B10,NC_035783.1_29118307,0.127562808937354,-0.027981873116601,0.0165889436072103,-0.0135337265666515,0.515009502051216,3
B10,NC_035783.1_29118374,0.00659044741806827,0.0364596568693538,0.045119314903869,-0.013335536823211,-0.476870604566529,3
B10,NC_035783.1_29118538,0.10553902107708,0.00907527108551328,0.0671282040358771,0.0280657797657017,0.545152829495818,3
B10,NC_035783.1_29202356,0.0337377333400663,-0.0166742412765743,0.0156723910700581,0.0503250349273679,2.56623960793523,3
B10,NC_035783.1_30058348,-0.00550715811268623,0.0193479665290917,0.0568496718524043,0.000144623324914478,-1.28770208021207,3
B10,NC_035783.1_30269978,-0.0879000251900375,0.131161310018136,0.144807115639286,0.0106060606060606,-0.342421872015638,3
B10,NC_035783.1_30270014,0.0370233604206901,0.0703199098934706,0.0766611166611166,0.0598690198690199,0.216454758849359,3
B10,NC_035783.1_30669122,0.160475877921263,-0.0313151742965408,0.0987946471376463,0.0363911131237864,1.63787863033483,3
B10,NC_035783.1_30669191,0.0400776956669063,-0.0273381503793176,0.0785069471477727,0.0203748256658705,0.428249031412286,3
B10,NC_035783.1_30669197,0.0180459545440461,-0.0125421901637777,0.0807426968154005,0.0310692386995467,0.235129024145965,3
B10,NC_035783.1_32175548,-0.0313840888851867,0.00300801162827171,-0.00299315725161586,0.040410570496567,-0.40833634487462,3
B10,NC_035783.1_32177087,-0.025574488515841,-0.0101062676699507,-0.0383903884363831,0.0695743751694307,-0.153011596259138,3
B10,NC_035783.1_32390550,-0.0217410359401961,0.0947003664388803,0.133191772390933,0.0223153153358376,0.138636231153703,3
B10,NC_035783.1_33271602,0.0314332810961847,0.0185696725017536,0.0825237359092641,-0.00761081798517571,-0.831137514186336,3
B10,NC_035783.1_33349382,0.0207205944461869,-0.00213315922648814,0.0683647783617134,-0.0143368997933367,-0.42204571465131,3
B10,NC_035783.1_34267780,0.0259251836533421,0.00970313063336319,0.0154649077367493,0.0179126259297618,1.47906077909583,3
B10,NC_035783.1_34267856,0.045854525891673,-0.0331230094988663,0.0145060961624975,0.0300194822017906,2.13632728631229,3
B10,NC_035783.1_35080555,-0.0599282025602941,0.0923689170818073,-0.00594627872475182,-0.0879966117671036,-3.10786167072174,3
B10,NC_035783.1_35141127,0.0175423630217654,0.0137398595287269,0.0510610367428709,0.0405866562698861,0.0759132680034317,3
B10,NC_035783.1_35141301,0.0748782182979636,0.0104647078099882,0.0739886351550511,-0.037791273635698,0.660702278918922,3
B10,NC_035783.1_35545321,0.308366268697282,-0.157363842846986,-0.0820553452461136,0.140273266005366,1.48255009241444,3
B10,NC_035783.1_35575977,0.0109114143206823,0.0174418995728652,0.0677926543751829,-0.00386633526650097,-1.2985061061862,3
B10,NC_035783.1_35781706,-0.00600951459766637,-0.0999228463315151,-0.0123791497159182,0.0314259728346416,-0.166336747967376,3
B10,NC_035783.1_36116477,0.0509249715976734,0.00381346391171243,-0.00713562229912657,0.0245756430767202,0.573268756081671,3
B10,NC_035783.1_36287688,0.036491504506462,0.00109863508556319,0.0564255370107161,0.00685117351784018,0.217156372680882,3
B10,NC_035783.1_36362492,0.076522115540093,0.02707511724087,0.0594361416653382,0.0705563418063418,0.298948276456281,3
B10,NC_035783.1_36362633,0.0337580043919086,0.00514730569078395,0.00633699488962647,0.0137780853142299,-0.23284055988182,3
B10,NC_035783.1_36372058,0.0636882905327172,-0.000912242291552637,0.024761158381848,-0.000201653559185319,1.96090074788005,3
B10,NC_035783.1_36449307,0.0881148209132343,0.00349214493896507,0.014336109411049,0.00775748896049648,0.384326624956928,3
B10,NC_035783.1_36679481,0.012132090515987,0.0589200747415758,0.0926472109921761,-0.0175465057817999,-0.338078439700669,3
B10,NC_035783.1_36679822,0.00204049762782301,0.0222923713450093,0.0610820895058621,0.0270178801435469,0.0934099739689528,3
B10,NC_035783.1_36964561,-0.00420661464139725,0.0285470085470085,0.0127536231884058,0.00740467829981897,0.738013814064599,3
B10,NC_035783.1_37002839,0.0775239888357063,-0.0568716764517345,0.0456516164137676,0.0930785340049672,0.375391805820903,3
B10,NC_035783.1_37503121,0.121553022037353,-0.00891050625543009,0.0242120218729179,0.0716950748944186,0.546202852004313,3
B10,NC_035783.1_39721145,-0.0351078408887569,0.0603654206145281,0.0404563624125848,-0.0189134808853119,-2.53866371917384,3
B10,NC_035783.1_40639791,-0.0055620966335252,0.00189909297052154,0.0261054421768707,0.030336738543748,-0.888015157888746,3
B10,NC_035783.1_40639825,0.031012201476235,-0.00340403466898349,-0.0540634771676441,-0.0018091140092949,0.544066026176984,3
B10,NC_035783.1_40716754,0.0314079411136659,0.0723045093360727,0.119022254458879,0.085598043013171,0.377162286948313,3
B10,NC_035783.1_41296211,0.0356968638064213,-0.0340017348826727,-0.0795303731852118,0.0124918529076744,0.387000378673894,3
B10,NC_035783.1_41424284,0.0367727260843471,0.0386239495493163,0.0749292870634334,-0.0425204425204425,0.175465157937242,3
B10,NC_035783.1_41485779,0.0371817572664388,-0.00772946859903382,0.00896825396825397,0.0154195011337869,1.66129023807723,3
B10,NC_035783.1_41599325,0.0242022269531386,0.0202812438106556,0.0314424551621317,0.0206018518518519,-0.774248110297147,3
B10,NC_035783.1_42334704,0.0320506682250415,0.012348573580299,0.103763666635612,0.0141781101122657,0.234847958849721,3
B10,NC_035783.1_42334807,0.0619747350651203,-0.0302130310881679,0.0364750080404162,0.0240094755836122,0.449051741397744,3
B10,NC_035783.1_42335722,0.00430495264671572,-0.00300881017274818,-0.0114564593035549,0.0260975008044142,0.0165869096327181,3
B10,NC_035783.1_42335796,0.102049357623648,-0.0710807823088697,0.0409484892110074,0.0413382330051686,0.525097077400474,3
B10,NC_035783.1_42341430,0.0983674723823725,0.000318455239990504,-0.0286040971101663,0.0337923558743049,0.6019200797655,3
B10,NC_035783.1_42341580,-0.0197459242588324,0.0639773236153017,0.0559887379285595,-0.00650046769433623,-0.186652846260835,3
B10,NC_035783.1_42342229,-0.0820316876057401,0.112335412595693,0.095513287500151,-0.0484006977989088,-0.334792712701131,3
B10,NC_035783.1_42345489,0.000499400154353495,0.0318502337631404,0.103160496998869,0.0312093475573105,0.0369303233493452,3
B10,NC_035783.1_42346656,0.00749911938163291,0.00937278020041018,0.0178520356373513,0.0107534238861107,-0.0514085670121514,3
B10,NC_035783.1_42347598,-0.038205103280941,-0.000456740733351372,0.101397292683755,-0.0166312203857129,-0.314007753865375,3
B10,NC_035783.1_42438293,0.174384507048206,-0.080841480202094,-0.131383394253043,0.185589791472144,0.854689355879224,3
B10,NC_035783.1_42521135,0.0194120387675583,-0.000628594797498364,0.0758211975663482,0.0990253408959379,0.109327990584048,3
B10,NC_035783.1_42595102,0.0186728280592433,0.0178768339407532,0.0294561674386687,0.0166666666666667,-1.13877670729039,3
B10,NC_035783.1_42607992,-0.0226972487768714,-0.0749709998091127,0.0197681488054159,0.0506211180124224,1.14801805007691,3
B10,NC_035783.1_42711839,0.0200154312062278,0.0263494775968175,0.03505642113822,-0.00340464945895885,-0.113900527143409,3
B10,NC_035783.1_42712750,0.131077512402004,-0.0381175615155155,0.0931473216227738,-0.0293700136594193,0.507759572749254,3
B10,NC_035783.1_42713278,0.0103050799539859,-0.0102625113317903,0.108856830620098,0.0347541959049885,0.0425940506655318,3
B10,NC_035783.1_42713784,0.0540125579224426,-0.00538638945058725,0.0306525324688654,0.00233422518865607,0.783840100003754,3
B10,NC_035783.1_42717363,0.0794975756344529,0.00442114129733743,0.0413243026749414,0.00179381462663298,-0.0338180666019044,3
B10,NC_035783.1_42943216,-0.0192503440646295,0.00225904363835399,-0.00940543449018026,0.033625730994152,-0.131347372455945,3
B10,NC_035783.1_43063628,0.049556649134432,-0.0203251798007769,0.0185284796012331,-0.000840177475691493,0.940993159880431,3
B10,NC_035783.1_43713490,0.0344586829473019,0.0358185379464326,0.0760356135166609,-0.0215629370629371,0.35535541256911,3
B10,NC_035783.1_44976138,0.0674345311457213,0.0132328129715955,0.286499102238435,-0.0893757865695932,0.356950071282287,3
B10,NC_035783.1_44995869,-0.0022464324638581,0.00896877118045793,0.069462802006356,0.0303741496598639,0.867076089000959,3
B10,NC_035783.1_44995919,-0.00949347948566451,0.0188897211306175,0.118493724111667,-0.0299888095954348,0.0207896308112838,3
B10,NC_035783.1_45106043,0.0195491363235222,-0.0201413898892891,0.0348311238538394,0.00564863626610064,3.22938757771299,3
B10,NC_035783.1_46365481,-0.0207530831848123,-0.0242472966759876,-0.0386108526215777,0.00204271693633395,-0.0858603585470281,3
B10,NC_035783.1_46369932,0.0244255934222559,0.0462698412698413,0.0500905894272603,0.023125,1.88412671607242,3
B10,NC_035783.1_46372984,-0.00341006613165357,0.00914218714155235,0.0532259532259532,0.0281721536351166,-0.0638187872575979,3
B10,NC_035783.1_46373095,0.0967596734999153,-0.0289757434632499,-0.0107132987676205,0.0161862038206427,1.48149800469262,3
B10,NC_035783.1_46373158,0.209438973287414,-0.0477805527805528,-0.0207582693915747,0.0392884892884893,0.895641961642037,3
B10,NC_035783.1_46373176,0.0326653726450633,-0.0394901387630522,-0.0365965454445968,0.0535007006300771,0.826309427612973,3
B10,NC_035783.1_46373201,0.218859550154391,-0.142082604881341,-0.0365132389029836,0.103476321007073,1.1230667911984,3
B10,NC_035783.1_46373262,0.225433668487491,-0.0733817908258577,0.0707325730297937,0.0221483942414175,1.17494851225698,3
B10,NC_035783.1_46398230,0.0276869241059927,0.0424222914972441,0.0314450636038754,0.0336590424230729,2.13478722876641,3
B10,NC_035783.1_46622849,0.074061348948266,-0.00184715614583792,-0.0230585851361821,0.0309017223910841,3.48820019493317,3
B10,NC_035783.1_46737322,0.0943519774629543,-0.0299078226233751,0.0202302057900244,0.0494236827294854,1.25569544378001,3
B10,NC_035783.1_46804221,0.0388773504677385,0.0404827178412084,0.102141137394365,0.099973122614632,0.155583312903715,3
B10,NC_035783.1_49368651,0.069828658376539,-0.0559710170395736,0.0953384888644161,0.060800251462066,1.16566765550075,3
B10,NC_035783.1_49371303,0.0306532210376898,0.0365282865282865,0.00640620740104896,0.0161172161172161,-1.57678906674706,3
B10,NC_035783.1_49372961,0.030630233226193,-0.00558263698614576,0.135826694093835,0.00367785073820116,0.0679373408885602,3
B10,NC_035783.1_49373273,0.196720310956565,0.0448946931250645,-0.00401214403678359,-0.0676475618745921,0.797413301066454,3
B10,NC_035783.1_49881397,0.0803306194424146,0.00660887033858637,0.0235144521497139,0.0365520343741759,0.752115849846444,3
B10,NC_035783.1_49910685,0.0234889436221374,-8.7725894177502e-06,0.0762468139234674,-0.01000231000231,-0.487247221150048,3
B10,NC_035783.1_49912963,0.0519964040662293,-0.0108994738786346,0.0315070817766857,-0.00242955553164743,1.9345222202997,3
B10,NC_035783.1_49913403,0.0364060236986271,-0.0375785122505371,0.2617535849011,-0.0931277102123497,0.16222362257985,3
B10,NC_035783.1_49914795,0.0359528247779077,0.063023129480784,0.0410008148108626,0.000238635226901892,0.280966124506557,3
B10,NC_035783.1_50322456,0.00472916611838683,0.0180539702313117,0.0676377615535596,0.0490878564991133,0.057887448434831,3
B10,NC_035783.1_50322462,-0.0249202647748111,0.0518290752127821,0.0610827527208777,0.0585373357516698,-0.0857270462058037,3
B10,NC_035783.1_50322903,0.0311835357303565,0.0058351275570474,0.0172806735306735,-0.00268779745501562,0.718786168148204,3
B10,NC_035783.1_50578537,0.039940692712847,-0.00910086186815747,0.0498506821594341,0.00114351057747284,-0.349744098408742,3
B10,NC_035783.1_50930434,-0.0308072622117076,0.00841285179721114,0.048345453192558,0.0191345976208262,-1.49440548637419,3
B10,NC_035783.1_51360578,0.106248782080587,-0.0519991013738395,-0.00213892847823139,0.0673041547284677,0.760902376150524,3
B10,NC_035783.1_51461055,0.0612059396542155,0.0231481481481482,0.100237182995804,-0.036231884057971,-1.72275971525392,3
B10,NC_035783.1_52362704,0.0949889711409364,-0.0539292872882031,-0.0801505209896478,0.0743514371033968,1.26404623851008,3
B10,NC_035783.1_52541884,-0.00279816777251291,0.0111515358709766,0.0468680656378818,0.0284878863826232,-0.906026012965847,3
B10,NC_035783.1_53415755,-0.0599028708465098,0.0206021979113769,0.0840331276765712,0.0409404024642387,-0.323156725410571,3
B10,NC_035783.1_53417098,-0.0150843038816044,0.0405861334432763,0.0336222535541115,0.0247742371802522,-1.57287790402165,3
B10,NC_035783.1_53477115,0.0811168146912392,-0.0832523920453798,-0.0782564074345094,0.123966408268734,0.584256958051091,3
B10,NC_035783.1_55107954,0.00531717686605134,0.00273692821119761,0.0138308573123633,0.00919526097638242,-0.420503009392016,3
B10,NC_035783.1_55151282,-0.0151737607119448,0.00433707097976067,0.0624174754076715,0.0176506013426147,-0.266213767186024,3
B10,NC_035783.1_55565612,0.0431393327487758,0.00469761654724913,0.00259232109571227,0.0558184396713941,0.180512618307618,3
B10,NC_035783.1_55872214,-0.0471525175721964,0.0409594610334516,0.0669278122232069,-0.00614013721430601,-2.18179213020128,3
B10,NC_035783.1_56121636,0.0371362954298404,0.00380683795299545,0.0537174966337864,0.00377566645738105,0.317428271117449,3
B10,NC_035783.1_56865506,0.138396016791196,0.0136599875877945,0.00556770880806976,0.0398550724637681,0.538253196593183,3
B10,NC_035783.1_57038822,0.0648936215220599,-0.0226217961252345,0.00265520356352989,0.0786675477592214,0.385516273700395,3
B10,NC_035783.1_57042277,0.00393452633410604,0.000851345600204047,0.0488359768569691,0.0310853530031612,-0.779375021815433,3
B10,NC_035783.1_57159645,-0.0318095509503565,0.0392937698762941,-0.0433351888575769,0.0376151626151626,-0.165268313593426,3
B10,NC_035783.1_57408772,-0.0712051647121535,0.149859785170619,0.143904864610301,-0.0709785872829351,-0.395305999625283,3
B10,NC_035783.1_57841545,0.0455215437810375,0.0484672234672235,0.0316713048855906,-0.0478038815117467,0.0956862070388959,3
B10,NC_035783.1_57841575,0.080665339566841,0.028722708423714,0.0321739876771323,0.0067016771694063,0.347088030323229,3
B10,NC_035783.1_58112585,-0.0984132820719099,0.107530660794649,0.160999156530094,-0.0420544703184588,-0.698098686967498,3
B10,NC_035783.1_58525962,-0.000280953495028583,0.0491892950231892,0.127103991863717,-0.0470575172107484,-0.149649933247621,3
B10,NC_035783.1_58567456,0.0730726376877346,0.0138981285006978,-0.00519617588772429,0.0343671246685513,2.10654498503986,3
B10,NC_035783.1_58567484,0.0880629569216758,0.00737812911725955,0.0133614315291334,0.0289855072463768,2.30588437038696,3
B10,NC_035784.1_925103,0.322610192543964,-0.022956234156293,-0.0610685911807617,-0.0265766206168822,1.32206904760468,3
B10,NC_035784.1_1004858,0.115041570023672,-0.00496966002093079,0.0310986019769189,-0.0150283456865617,0.705958820009894,3
B10,NC_035784.1_1006159,0.109873783622654,-0.00343874814514258,0.0138555031534673,0.00597197934337089,0.545690615313628,3
B10,NC_035784.1_1548575,0.125934960200453,-0.0126815419115312,0.00462218868415281,0.0281825084470033,2.47980174158526,3
B10,NC_035784.1_1651946,-0.0386077833272512,0.0612037107333052,0.0366449997340328,0.00911689977195697,-1.0820976060062,3
B10,NC_035784.1_1884244,0.0154876349961729,-3.95844891050839e-06,0.033450117103282,0.019609364033458,0.253081183125427,3
B10,NC_035784.1_2010688,0.0664175145673919,-0.0262641131754712,0.0666224433636266,0.0764719639082138,0.434876007534099,3
B10,NC_035784.1_2379758,-0.0211604286039322,0.0395245208771487,0.0292765305736899,0.0130729803716,-0.315086963245425,3
B10,NC_035784.1_2577783,0.0219217302665695,-0.0369937964116046,-0.0399663129404592,0.0204443736121818,0.469574287675903,3
B10,NC_035784.1_2577832,0.0414818814257937,0.0122723318406147,0.0530567451674009,-0.0388622882997818,0.240724873082637,3
B10,NC_035784.1_2577915,-0.0790213350491355,0.115577304502718,0.0380252108316664,0.000284114645179134,-0.926638830620249,3
B10,NC_035784.1_2789865,0.0449776290717705,-0.0237628789712605,0.044399726502725,0.0668872939925571,0.204362583239144,3
B10,NC_035784.1_3179672,0.058757651977642,-0.0336612048256447,0.0183004962101021,0.0205855082393098,2.14963540354832,3
B10,NC_035784.1_3208122,0.0222158967890594,-0.0188879456706282,0.13090697682508,0.0226598754951896,0.431397780374517,3
B10,NC_035784.1_3208261,-0.0106371975515253,0.0410992869090853,0.0989306379456399,0.042466392949874,-0.236947644821276,3
B10,NC_035784.1_3208454,0.03949530960171,0.0320477898044243,0.0471637375263535,-0.0151356080489939,-1.5267260607268,3
B10,NC_035784.1_3260691,0.0907729429658725,-0.00581292558242913,0.0452025963633254,0.0308809131504167,-0.297902332976075,3
B10,NC_035784.1_3260807,0.0121721307491638,0.0289029909982942,0.0405119477782079,0.0095679012345679,-0.940067893132125,3
B10,NC_035784.1_3260819,0.016273833616349,0.0454445406020252,0.0737228188803035,-0.0325915305063681,-1.26520560386551,3
B10,NC_035784.1_3567250,0.0279467812916397,0.00165225132807131,0.0472709836744924,0.00503458529774319,-0.346181765285267,3
B10,NC_035784.1_3590040,0.0208182547615553,-0.000947945645031515,0.0747995565009454,0.0590098794446621,0.295277181126756,3
B10,NC_035784.1_3590041,0.0306835444640644,-0.0118893579186806,0.0727637800238766,0.0425229717325353,0.350201996681813,3
B10,NC_035784.1_3893648,0.0337394110349171,-0.00594564491279491,0.0147857475671092,0.0532256608115953,0.14231417941207,3
B10,NC_035784.1_3893666,0.0765066527049151,-0.0208123476835827,0.0176288659024423,0.0322313296310134,1.17295123400507,3
B10,NC_035784.1_3893677,0.0739415967148507,-0.0220341111157865,0.031061124899262,0.0193084461236666,1.19501180296965,3
B10,NC_035784.1_4396804,0.0121112157538309,0.0110086952646869,0.0265922278209729,0.0317507583225326,0.0742274650058053,3
B10,NC_035784.1_4398274,-0.0270109054039472,0.0170146453043177,0.105681332296357,0.0108648015406464,-0.126881775981714,3
B10,NC_035784.1_5214193,0.142520060842867,-0.0399314785279698,-7.91739697828438e-05,0.0206325046507695,0.583399216640453,3
B10,NC_035784.1_5217841,0.293595808040944,0.0307932024033719,0.112164216825234,-0.155653324131585,1.23346024940928,3
B10,NC_035784.1_5652660,0.0109099441188993,0.00401542901542902,0.0629301047211495,-0.0229104229104229,1.04837009570875,3
B10,NC_035784.1_6893376,0.0360801238739947,0.043778771751606,0.0557891440813152,-0.021535727579458,-0.270408070807239,3
B10,NC_035784.1_6897306,-0.0730701597587693,0.0218600021497595,0.0114827871353707,0.0611431362796488,-0.4239728101253,3
B10,NC_035784.1_7098862,0.14409868081717,0.0129525578783259,-0.0216131411725338,-0.00857850026976698,0.588331472752055,3
B10,NC_035784.1_7304633,0.0106533339083492,0.00596090116062273,0.0535363921468726,0.0160928068536764,-0.0374458935593862,3
B10,NC_035784.1_7310576,0.00204851060496404,0.0603498416743345,0.126735384042441,-0.0288576555023924,-1.53317274070557,3
B10,NC_035784.1_7310581,0.0188669929682674,0.0465143956689352,0.122005931644855,-0.0525210152350292,-1.34446405080848,3
B10,NC_035784.1_7310595,0.00381208071988105,0.0577151903406772,0.11996204948599,-0.0428866631285358,-1.48841993055148,3
B10,NC_035784.1_7344370,-0.0495243745400034,0.0412518037518037,0.0705972293337885,0.0796679197994988,-0.252960840114863,3
B10,NC_035784.1_7344693,0.00851758059784281,0.00673791415333509,0.012549652303506,0.0880230796750906,0.146381836888661,3
B10,NC_035784.1_7652381,-0.213318576328637,0.0682608775516577,0.0835826831175668,-0.0381684981684982,-3.71962911507465,3
B10,NC_035784.1_7863388,0.102288769271502,-0.0327910113440165,0.0404638811212478,-0.00230533549355548,0.734039182255612,3
B10,NC_035784.1_8270663,-0.0346519489858526,0.0110011705074425,0.0494445844221988,0.00613390802070047,-1.47265433312954,3
B10,NC_035784.1_8482483,-0.117526869863939,0.0725796269856225,0.152982360949851,-0.0147014380131789,-0.740803672772511,3
B10,NC_035784.1_8483835,0.0530761031725973,-0.0248233784377259,0.0883080332614885,0.0295914481772985,0.234448378196822,3
B10,NC_035784.1_8616236,0.0264061680397368,0.0112437655434032,-0.0205627444496454,0.0375375934609799,2.67414666246107,3
B10,NC_035784.1_8771927,-0.0148149751129369,0.0295364522620642,0.0209429824561404,-0.00289855072463768,-2.10587892201132,3
B10,NC_035784.1_9355715,-0.00660119034732038,0.0554720133667502,0.0253465832413201,0.00421052631578947,0.0742117390090966,3
B10,NC_035784.1_10925092,0.116143700413446,-0.0799211926023521,0.125191862063548,0.0426315337263478,0.689839855000893,3
B10,NC_035784.1_12078516,-0.0297903300299052,0.0688622387302389,0.0889181712444513,-0.0229092819800919,-0.113943366179356,3
B10,NC_035784.1_12080107,-0.025867879971122,0.0488744182175188,0.109493906651152,0.0238207272368763,-0.0519440044970387,3
B10,NC_035784.1_12387269,-0.0210070215873631,0.0576615815459329,0.0272708651906413,-0.0648432756527019,-0.0812787883469458,3
B10,NC_035784.1_12387344,0.0857167109339298,-0.112179636410013,-0.0694499932701977,0.0999473102806727,0.340940161431738,3
B10,NC_035784.1_12414997,-0.0775909153063162,-0.000342319697110173,0.0441819099880184,0.00369446692061662,-0.672801681413236,3
B10,NC_035784.1_12414998,0.0409688292201928,-0.0330997047172658,0.0030847327394783,0.02296117774076,2.74473657529905,3
B10,NC_035784.1_12578455,0.0146645088687655,0.0531005158403052,0.0707745013449728,-0.07260456670445,1.86773035856673,3
B10,NC_035784.1_12681743,0.0727684560387692,-0.019711804066539,0.0275023534773347,0.0799969676448891,0.494446224436392,3
B10,NC_035784.1_12681792,0.108259050799916,-0.053515247624903,0.0210846909269796,0.0274504007231495,0.630642938217389,3
B10,NC_035784.1_12893156,0.114332631331363,-0.0134365923614157,0.0188631322766383,-0.00522153664641827,0.453892916385487,3
B10,NC_035784.1_13206819,0.00679452197357598,-0.0204885227365423,-0.0277288148931583,0.0691183534091336,0.303023525115152,3
B10,NC_035784.1_13206981,0.0866700740013158,-0.0293619793695402,0.0640252496826171,0.0835504134473207,0.320781075566693,3
B10,NC_035784.1_13295370,-0.00228637224218312,0.0347963147963148,0.0135849183794389,0.0348233941983942,0.112674018412174,3
B10,NC_035784.1_13437511,-0.072075901213505,0.0671169661528112,0.132992006214544,-0.0320444658629196,-0.612437072835898,3
B10,NC_035784.1_13968828,-0.0566635863536688,0.090570719768659,0.147455862101309,0.0149529214304689,-0.227978605113805,3
B10,NC_035784.1_13969211,0.0284583915392957,-0.0109443989051002,0.01015266315217,0.00936325120018509,1.0833418734396,3
B10,NC_035784.1_14257321,-0.0354414093459057,0.0823594707830234,0.215658951234712,-0.0384511206558055,-0.181350248289051,3
B10,NC_035784.1_14813825,0.0129428018671065,0.00742964286435305,0.0680559371441506,0.0169990609488888,0.168147758707852,3
B10,NC_035784.1_15263773,0.137559693946885,-0.0113084117329115,0.221335396902117,-0.0706342981637099,0.675167142461343,3
B10,NC_035784.1_15263852,-0.000678260118733953,0.0463875652876178,0.321695741753199,-0.115266643429766,0.0752494048974322,3
B10,NC_035784.1_15263911,0.0105979163369959,0.013255314042448,0.224592016149438,-0.0390650539391958,0.0980312918182229,3
B10,NC_035784.1_15264003,0.399431354966766,-0.0538540886437116,-0.137983435438502,0.0106779374879413,1.63935314496867,3
B10,NC_035784.1_15264108,0.414032485273823,0.0786452386304576,-0.104008943101857,-0.100787277598339,1.73738706281746,3
B10,NC_035784.1_15264216,-0.110440550260316,0.031553602267429,0.0155167903926593,0.0209267512673085,-1.3188595942815,3
B10,NC_035784.1_15399382,0.0228424502990449,0.0531867416331119,0.057031075664616,0.0145086513372958,0.0849058780699349,3
B10,NC_035784.1_16308085,-0.0263336281605178,0.0494574862491865,0.106577990087745,-0.00562048003353945,-0.105606065568149,3
B10,NC_035784.1_16443222,0.0458667941420928,0.0249485596707819,0.037201646090535,-0.0294117647058824,-1.0572067716213,3
B10,NC_035784.1_16551498,0.0426983893255754,0.0220603551630746,0.0441540755009655,0.0216995608070996,0.303871602825985,3
B10,NC_035784.1_16553671,0.0628933890865363,0.0697065187117408,0.093871936188438,-0.021910986616869,0.210125619271334,3
B10,NC_035784.1_16553689,0.123338319659179,0.0528568514887855,0.10266271400587,-0.0150839321235741,0.501641765926068,3
B10,NC_035784.1_16553696,0.0531305565197139,0.0817542690330414,0.0816024692937534,-0.0767839961589572,0.160604022293812,3
B10,NC_035784.1_16553727,0.0808281697239757,0.049518352018352,0.0187943405915907,0.0119035594035594,0.37336943594088,3
B10,NC_035784.1_16598697,0.204070619875074,-0.0465975864029823,-0.00643052920092767,0.121912446570668,0.880655384624682,3
B10,NC_035784.1_17424068,0.0230646651911925,0.0528026608598898,0.109661204872185,0.00472675472675472,0.32640376933042,3
B10,NC_035784.1_18224966,0.0425994755166616,0.021329711954712,0.0701573400362066,0.00608917831140054,-0.334817793263426,3
B10,NC_035784.1_18765295,-0.019540290291882,0.0171788235909318,0.110392801277578,-0.00121855800802469,-0.0995162446953653,3
B10,NC_035784.1_18840977,0.0922393932315629,0.000647569325833319,0.126492276961851,-0.0211791758046888,0.391145118882308,3
B10,NC_035784.1_18983638,0.117614209675247,-0.0219952267823626,-0.00695938152099479,0.0506661891166913,2.3379069690664,3
B10,NC_035784.1_21091299,0.0491067118871474,0.0392904116421066,0.0726099165199359,-0.0222207540521494,-1.21979370382529,3
B10,NC_035784.1_21635162,0.0796545478521518,-0.0184702769996888,0.0077776495800456,0.0324631402948776,2.04412864655875,3
B10,NC_035784.1_21690456,0.118437057189762,0.0314490365373678,0.0275365967758714,0.0400858797574962,0.520235247811302,3
B10,NC_035784.1_21690473,0.106737769634341,0.00412292640276028,0.000602151561309975,0.0374108006773101,0.491820958689814,3
B10,NC_035784.1_21690645,0.111146112377986,0.0295333827919013,0.0753615804122506,-0.00355123856511459,0.42100919165152,3
B10,NC_035784.1_23281601,0.00437532040564982,0.020402654057019,0.0408135136988273,-0.0014462292108808,-0.207740996021628,3
B10,NC_035784.1_23438944,-0.0436015721249999,0.0304201011014822,0.0618557973395503,0.0054885213952022,-1.93938326523776,3
B10,NC_035784.1_23453487,0.0402592120616201,-0.033758581109974,0.143665615970581,0.123715204096324,0.178618444478845,3
B10,NC_035784.1_25100933,-0.00574693923979539,-0.000373135451386934,-0.00660123477785025,0.0319571950587993,-0.0759934828198576,3
B10,NC_035784.1_25206221,0.0786104166217286,0.00340936284374199,-0.00531570531570532,0.090981890981891,0.530493245645523,3
B10,NC_035784.1_25586951,0.108701168539792,-0.0375679033749422,-0.00069036426105241,0.0831509462759463,1.01192893025262,3
B10,NC_035784.1_25587026,-0.0141057783842514,-0.0616618980798085,-0.0484701040910191,0.0744444444444445,1.3810057712916,3
B10,NC_035784.1_25587359,0.0164842964506259,0.0329339329757234,0.0805274542774275,0.00285303419631777,0.211866134928133,3
B10,NC_035784.1_26997076,0.185580654479593,-0.028349076195383,-0.00412431476261262,0.00668479312954261,1.50852666512532,3
B10,NC_035784.1_27720019,0.0541722116753913,0.0291733772724385,0.0127609063421533,0.0350028612042925,0.245539742984727,3
B10,NC_035784.1_27818098,-0.0314177636023524,0.0131759425383964,0.126939979065091,-8.06693877874164e-05,-0.235859630935715,3
B10,NC_035784.1_27838523,-0.00447362626189686,-0.0449927286039312,-0.00283267847174488,0.0538657143178648,0.0450370797973616,3
B10,NC_035784.1_27838569,-0.0309340647182439,-0.0460935993148878,0.0163281104773831,0.0673636457950183,-0.150436986476207,3
B10,NC_035784.1_28018763,-0.0134558689401125,0.0265398182064849,-0.0490928280143967,0.0271164021164021,-1.39523144693678,3
B10,NC_035784.1_28065131,0.0374634002124387,0.0396414004904929,0.0438312927238634,-0.00920707855419464,-0.828945191667771,3
B10,NC_035784.1_28065132,0.0331124780450238,0.0342101894521249,0.0444740284422114,-0.0156458277792589,-0.841224646188388,3
B10,NC_035784.1_28584969,0.198000809707846,-0.0570913737297439,-0.10625174938397,0.0825740720477563,1.91961786429285,3
B10,NC_035784.1_28700252,0.0588708191781794,0.00959757380550733,0.0357508188024983,0.0190991196114147,0.987593693982699,3
B10,NC_035784.1_29462602,-0.0701703287194694,0.0481302558597245,0.022040072859745,-0.0543008762186844,-5.24302838944579,3
B10,NC_035784.1_29704099,0.224208418400482,0.0477624628665332,-0.132249685798073,0.10715367965368,0.968226199781573,3
B10,NC_035784.1_29704100,0.267493927768223,0.0579592503528673,-0.160168466539434,0.113863636363636,1.16788258679423,3
B10,NC_035784.1_31115400,0.0599050121742337,-0.0257000194282424,0.0986502784094102,0.129656797821111,0.265083614246936,3
B10,NC_035784.1_31968193,0.166551642421837,-0.0692853284888559,-0.00945545682387788,0.0656459330143541,2.87011144104523,3
B10,NC_035784.1_31968199,-0.12053806455394,-0.022075170801231,0.0541868262456498,0.0500381970970206,-2.21220345146628,3
B10,NC_035784.1_32631109,0.084750508834988,-0.0291808410903724,0.00460395073242893,0.107359080718994,0.505996413552236,3
B10,NC_035784.1_32769358,-0.000149743636505262,0.0494359740245067,0.0422535141867539,0.0119847161204531,-1.49424663020925,3
B10,NC_035784.1_32787901,-0.0136702877373493,0.0205435071105686,0.111307608989678,0.0804151428234357,-0.0779152391129704,3
B10,NC_035784.1_33738595,0.111904112997312,-0.0791839746351852,0.0280825159186126,0.104328341502437,0.643205673513936,3
B10,NC_035784.1_33796581,0.0418218721867946,-0.00133842080108759,-0.0110225984467271,0.0194211828995777,2.69736880056466,3
B10,NC_035784.1_33796582,0.139947024810909,0.0258580180993974,-0.00650101175963245,0.00241684713198954,0.487503852699314,3
B10,NC_035784.1_33866949,0.0699374745710128,-0.000888287778875117,-0.0152000302105526,0.0386472888151871,1.00425279241048,3
B10,NC_035784.1_34065267,0.101544123669523,-0.0303335055839049,0.0182387064141255,0.0370883739129548,0.681414992942093,3
B10,NC_035784.1_34065315,-0.057606398560329,-0.00251233182144439,0.00208836526970143,0.0445039018952062,-0.863301605275859,3
B10,NC_035784.1_35209357,0.116947964956783,-0.0477717749304094,-0.00990734052763896,0.107122815456149,0.475616841550097,3
B10,NC_035784.1_35283966,0.0645918407723963,0.0383394383394383,0.0241391941391941,0.0124091381100727,0.270124937734187,3
B10,NC_035784.1_35540496,0.00427365344269679,-0.00356266921484313,0.0827461593133235,0.0424990432453119,-0.230385643448157,3
B10,NC_035784.1_36477564,0.0765049543623941,-0.023110078478103,0.0510946023410677,0.0365739691082911,0.740270212114339,3
B10,NC_035784.1_37718390,-0.064218763138419,0.0135727375229067,0.0102549109219966,0.022282768589227,-2.36728522090086,3
B10,NC_035784.1_37718554,0.0925023026859147,0.0115102425534129,-0.0461588702603113,0.0483319971146456,0.364293895945746,3
B10,NC_035784.1_37793283,0.014726374955394,-0.0246108269857686,0.0726893247252197,0.0400977326557406,0.171703630875269,3
B10,NC_035784.1_37911467,0.21466189464318,-0.0514882242045473,0.0222064687458543,-0.00368040260670164,1.68941895287897,3
B10,NC_035784.1_38263340,0.188510013086773,-0.090647212898391,0.00130259241066353,0.0642035207698682,0.858065587397415,3
B10,NC_035784.1_38466122,0.028687827994937,0.0282938676381299,0.0352400114975568,0.00016922191762277,-1.44066969932462,3
B10,NC_035784.1_38672323,-0.0420206602364578,0.0219801879160608,0.0951811239816706,-0.00502420754544624,-2.65130537232341,3
B10,NC_035784.1_39585835,0.0969451489687016,-0.00823507566560504,0.120324145631943,0.0129205823496269,0.615225894039012,3
B10,NC_035784.1_39585870,0.0644019751248164,-0.00806175821655698,0.12477379816802,0.0427974962457721,0.574631205130375,3
B10,NC_035784.1_39710037,0.153708869203054,-0.0840435802073255,-0.112148610826877,0.0663832782760942,1.1743313510383,3
B10,NC_035784.1_39745091,0.0455830212791592,-0.0198445609069034,0.0093457545354601,0.0217312356735434,3.32984146284261,3
B10,NC_035784.1_39796840,-0.199812521839361,0.0274095236030295,0.198228824062157,0.00207220207220206,-0.935629291201004,3
B10,NC_035784.1_39837930,0.0622412922412922,0.0657953157953158,0.0538095238095238,0.000208855472013367,-0.434454009846659,3
B10,NC_035784.1_39838050,0.533182243420306,-0.140982905982906,-0.206644912007273,0.0830103359173127,2.33953527915723,3
B10,NC_035784.1_39838056,-0.0878856996515263,0.143183317305466,0.200910628670586,-0.117927412862969,-0.46282561994525,3
B10,NC_035784.1_39838064,0.594802573248033,-0.137281621243885,-0.188217338217338,0.0519187862561357,2.60582989279792,3
B10,NC_035784.1_39838072,-0.0366574988617636,0.126566635184966,0.17054584829006,-0.0650255963228785,-0.199052868885529,3
B10,NC_035784.1_39867378,-0.0128416256092206,0.00699543952719997,-0.0505887286740281,0.0384836093410789,-0.0255638894176582,3
B10,NC_035784.1_40332414,0.00804480134715253,0.062383739024675,0.145422057524855,-0.047668688187045,-0.0628679802528395,3
B10,NC_035784.1_41169645,-0.00369683564460375,0.0265205923402645,0.0319246199277159,0.0106463304137723,-2.36657184981722,3
B10,NC_035784.1_41169706,0.0441431697987993,-0.069841931688379,-0.0319321448792581,0.0318683795357223,0.891282753620702,3
B10,NC_035784.1_41459425,0.0483434337795002,-0.000719265111900199,0.043913366660785,-0.0170107549192517,0.257540311214269,3
B10,NC_035784.1_41459841,-0.108136946455471,0.0484086324548446,0.144767230753098,-0.0501428530638384,-0.618285110288208,3
B10,NC_035784.1_41672545,0.149562035662277,-0.0855567726058821,-0.133720058613205,0.0545607044538506,1.61372790253393,3
B10,NC_035784.1_41675076,0.0665447317081838,0.0373926912142015,0.000913466928504525,0.035641835016835,0.395262400161832,3
B10,NC_035784.1_42706092,0.0518452873159009,-0.133382870157522,-0.0174873520453996,0.0921806388768631,0.466044719126245,3
B10,NC_035784.1_42815897,-0.0349625840674434,0.00765639589169001,0.000322061191626412,-0.0293650793650794,0.403908365033982,3
B10,NC_035784.1_42950208,0.184736307943901,-0.0988617653100412,-0.00215484965750083,0.0757747042229801,0.759065808052787,3
B10,NC_035784.1_42950264,0.034217848545659,-0.00650699907989383,0.00341150879294042,0.0263682759002627,0.301700106894751,3
B10,NC_035784.1_42950329,0.0401783813508149,-0.00668132757610783,0.0544562455135731,0.0426888479378254,0.29422239755023,3
B10,NC_035784.1_44177238,0.10300438348552,-0.00782829738976666,0.0735663395986866,0.0151240667545015,0.692595862855734,3
B10,NC_035784.1_45591203,0.0758627583453184,0.00707066759929355,-0.00692637786187583,0.0016384078884079,0.709503304870975,3
B10,NC_035784.1_45596306,0.0188155666605008,-0.0080540941788777,0.0324055646857564,0.0212245717505185,0.657084324797088,3
B10,NC_035784.1_45905453,-0.0628843784508523,-0.0224005355162991,0.0103659572501937,0.0217671273269207,-0.572205576923316,3
B10,NC_035784.1_46098398,0.043356399006305,-0.0363067555888943,0.0285314886141192,0.026062856821626,0.826319444546364,3
B10,NC_035784.1_46174068,0.0484950590610714,-0.0291205718150982,0.0136888870808957,0.0297927033806939,2.36544035846991,3
B10,NC_035784.1_47123060,0.029092243791718,0.0756313131313131,0.0591269841269841,0.0118686868686869,0.0590813855219797,3
B10,NC_035784.1_47298121,-0.0163196707101585,-0.00470179715462734,-0.000421084292052035,0.0193623580720355,0.581418351561971,3
B10,NC_035784.1_47542035,-0.00316645606485576,0.0242274062298883,0.0471185764379795,-0.0146011083511084,-1.53541496747286,3
B10,NC_035784.1_48115301,-0.000711604636217627,0.0175288217801304,0.0420645638876138,0.0221408329194346,-1.17710446223414,3
B10,NC_035784.1_48916924,0.019811266327992,0.00814022578728461,-0.00299043062200957,0.00883838383838384,-0.316295530009955,3
B10,NC_035784.1_49011725,0.0155078351966203,-0.0169651961173791,0.0439886393667494,-0.00549385560675883,0.148712716470559,3
B10,NC_035784.1_49066839,0.0410573393820263,0.0909224874742116,0.0820013910624239,-0.0555555555555555,0.351587764054532,3
B10,NC_035784.1_49070069,0.0268698481676148,0.0365556175038866,0.0677310141481036,0.0127239813037521,0.0777277765960475,3
B10,NC_035784.1_50312527,-0.00978029998039642,0.000610614340122537,0.0719627594627595,0.00996376811594203,-1.03342651364234,3
B10,NC_035784.1_50794530,0.167432623942381,-0.136951641398782,-0.1163100378178,0.0812617982215259,0.674281566265114,3
B10,NC_035784.1_50794881,-0.0331297885618906,0.0372751366591287,0.0851108078772472,0.0462017194833901,-0.131707194655083,3
B10,NC_035784.1_51132693,-0.0188638928128539,0.0613672517850478,0.09692638140914,-0.0218978102189781,-3.56679541107131,3
B10,NC_035784.1_51251986,0.0307956076716923,0.0654521404521405,0.0161321590783206,0.00398027898027898,-0.46946842304914,3
B10,NC_035784.1_51491431,0.0210051015110373,-0.00231242653220224,0.01603743976045,0.035989307961825,0.222449919634416,3
B10,NC_035784.1_51526252,-0.00281898607198742,-0.00714749837556855,0.07402766174696,0.0246913580246914,0.295629601298594,3
B10,NC_035784.1_51631842,-0.168626928178862,0.184843783558026,0.241405328828115,-0.0514888337468983,-0.646113111678602,3
B10,NC_035784.1_51673056,0.377729527034122,0.00522097727980085,-0.118409554888063,-0.0305913476501712,1.65899169155015,3
B10,NC_035784.1_52837552,-0.00526984723612763,0.0300437547006263,0.0173641641241739,0.0298479379526592,-0.0217838625061922,3
B10,NC_035784.1_52837566,-0.0278114845310598,0.0241091605837494,0.0806539926934664,0.0226476250758235,-0.134392689657738,3
B10,NC_035784.1_52838237,-0.0502172608027687,0.0258631652606014,0.0858925439241164,-0.0189051815555637,-2.0134765092692,3
B10,NC_035784.1_52839000,0.102568159579641,-0.0130972809973735,0.0330138202478628,-0.0169192403234957,2.12263081045807,3
B10,NC_035784.1_53323133,0.134619393658357,0.0738668513058757,0.0159792986070022,-0.0294529318919563,2.13394353380031,3
B10,NC_035784.1_53424297,-0.00410970010057693,0.0228129009090409,0.0102993315896542,0.00193991796918302,-0.947749818909344,3
B10,NC_035784.1_53424306,-0.0119973206673974,0.0291978240571591,0.00686274509803922,0.00947712418300654,-1.13928841967701,3
B10,NC_035784.1_53630692,-0.00747178403800384,0.00019409867830239,0.075001032588377,0.0840251667266275,-0.0560146872389213,3
B10,NC_035784.1_53630697,0.0725677288826536,-0.0971614839135847,-0.0222144515351964,0.0644775896307353,0.482590187750973,3
B10,NC_035784.1_53889061,-0.00974048646916967,0.344870624594509,-0.00632570101211216,-0.112202160982649,-0.0757054176019814,2
B10,NC_035784.1_54016669,0.0811934685221839,-0.0250730963570356,0.0294240312532995,0.0414634146341463,1.02544053670776,3
B10,NC_035784.1_54273058,0.0305914885171208,-0.0180225832145156,0.00960377195944642,0.0440860546741719,0.519289604028874,3
B10,NC_035784.1_54987702,0.0476708680416319,-0.0078579212581161,0.0444551255404545,0.0113052950648859,0.250467008331919,3
B10,NC_035784.1_54987920,-0.0747051514286129,0.0901042736673322,0.1144291002474,0.0125098416586475,-0.304457655412894,3
B10,NC_035784.1_54988175,-0.060971319049551,0.081419640596247,0.0964038988488315,-0.0373342030876278,0.401815889014067,3
B10,NC_035784.1_56273199,0.00508063143360589,0.0118639946259872,0.0221196716945442,0.000293607289152578,0.0635192171550047,3
B10,NC_035784.1_57362800,0.00377450011596353,0.0478632478632479,0.0257335257335257,-0.0208333333333333,-0.984798412530091,3
B10,NC_035784.1_57362946,0.292611761342636,-0.0204358682203713,-0.0359390274902567,-0.0409380807649953,1.89261075749336,3
B10,NC_035784.1_58038960,0.0545959323386417,-0.00110161443494777,0.0451127917306962,0.0497524080857414,0.209473939733787,3
B10,NC_035784.1_58067141,-0.0112899551522773,0.0284141401570444,0.0635325743393741,0.0183933153822145,-0.00814414126330861,3
B10,NC_035784.1_58486720,0.0875710810819588,-0.00327975512396618,0.0464293171657513,0.0991099626758542,2.16113628800072,3
B10,NC_035784.1_58736556,0.0308605307932708,0.0265542410781524,0.0425524635954649,-0.00330342572130827,-0.297760435846462,3
B10,NC_035784.1_58762117,-0.114920473184642,0.0351908258229204,0.0221414298460406,0.0163812509724459,-0.58877027400693,3
B10,NC_035784.1_58823701,0.101455793719444,0.00735857164310705,0.0233380985612752,0.0045243182103808,0.775910164385894,3
B10,NC_035784.1_58837221,0.0153981870971122,0.0791482103504205,0.103052331197567,0.00320661861582577,0.0438031923003334,3
B10,NC_035784.1_58837344,-0.0228155975815935,0.022583559168925,0.061711114891745,-0.0158730158730159,-2.7672362345872,3
B10,NC_035784.1_58837347,-0.0196750421798368,0.0257853679106051,0.0602388806184381,-0.00934579439252336,-2.77590287524959,3
B10,NC_035784.1_58837375,-0.014707923780687,0.0206120081120081,0.054399415845199,0.00231826461334658,-2.22956294533151,3
B10,NC_035784.1_58870097,0.0572979887879875,-0.0184288664090471,0.0310559884182522,0.0340504150093191,0.540292515359167,3
B10,NC_035784.1_58870400,0.0292379512179969,0.00114058244385775,0.0324765203780986,-0.00245250951619412,0.571169094562242,3
B10,NC_035784.1_59406514,0.0483684777033511,-0.00859545552440703,0.0141619793472634,0.0105877988975532,0.973858066349563,3
B10,NC_035784.1_59652584,0.063000896763009,0.0151869869261174,0.0307255142589995,0.0128564749883123,-1.20285283389318,3
B10,NC_035784.1_59652784,0.0350996645843034,0.0217673942034056,0.0094806492923216,0.0261249939760599,-0.477216133100796,3
B10,NC_035784.1_59849167,0.276650421612875,-0.018939393939394,-0.0592421762634529,0.0394129679843966,1.13481567608306,2
B10,NC_035784.1_60369530,0.0525043880170477,-0.0245985605584205,0.0744815276727418,0.0135485287659201,0.222242326961987,3
B10,NC_035784.1_61185759,0.154664086107661,-0.0770836519825824,-0.0529804593022984,0.115469407136074,0.949601407662051,3
B10,NC_035784.1_61186565,0.0195693312658569,0.0264938526775096,0.0257432728756964,0.00788202390033054,-0.790213084437039,3
B10,NC_035784.1_61335555,-0.00865085405908604,-0.0134171735437558,0.0701532093816661,0.0181790783056606,0.806869538459824,3
B10,NC_035784.1_61699177,0.0438850348934916,0.00187028140993256,0.0472409218677875,0.0065063649222065,0.371433665287876,3
B10,NC_035784.1_61699187,-0.0493366219606096,0.0881391236168849,0.162648621263988,-0.064733381157341,-1.96246234459252,3
B10,NC_035784.1_62988426,0.00962804299453406,-0.00821904879975879,0.0606085734320392,0.0730156243557899,0.0482887633147678,3
B10,NC_035784.1_62989659,0.121596938205414,-0.0308389045269082,0.01097363171659,0.0635479824109354,0.912701471880419,3
B10,NC_035784.1_63586267,0.0467901520671569,0.029024309024309,0.0558321287206274,0.00809269162210339,1.33469430036557,3
B10,NC_035784.1_63773268,0.00874327872137194,0.0368201079236086,0.105747069871968,-0.0222803385274781,0.369595260885079,3
B10,NC_035784.1_63825693,0.0260459056186193,0.0185458118398428,0.0305418719211823,-0.00564971751412429,-0.556262828809606,3
B10,NC_035784.1_64746394,0.0789620231659411,0.0475713740873924,0.0546529876772844,0.0232778941854374,-0.784054110090577,3
B10,NC_035784.1_64768732,0.00305575735977141,0.00174322944814748,0.0347936036867335,0.00608705020469726,-0.199941284984142,3
B10,NC_035784.1_64768846,0.0950505722778053,-0.155893670599553,-0.0722373305706639,0.0763442886577215,0.545793767509491,3
B10,NC_035784.1_65249871,-0.0318377456769886,0.0211792031395785,0.0529816806836715,-0.0241979745195669,-0.130548089659886,3
B10,NC_035784.1_65625554,0.217787338346813,-0.0363908386922729,0.0891063294003037,0.0221581372380327,0.920326677158574,3
B10,NC_035784.1_65625619,0.189494876212752,-0.0549988658854094,0.0514266352020836,0.0990118697680834,0.797252442800107,3
B10,NC_035784.1_65936476,0.00405396554359674,0.0398504273504274,0.0600113453374323,-0.0104468599033816,-1.1313314218655,3
B10,NC_035784.1_66321728,0.0928023376864466,-0.0518599579305076,-0.0715705177753814,0.102740648256953,2.13483473817751,3
B10,NC_035784.1_66326187,-0.0218170694046054,0.0316545900774713,0.0450528636651511,0.0156441071052077,-1.42885632912451,3
B10,NC_035784.1_66387153,0.0193535939952845,0.0228329304593002,0.0415127699813825,-0.00399113082039911,-0.675831630436066,3
B10,NC_035784.1_66391819,0.000406798738958987,0.0045704965090042,0.0622398427850764,0.00963413454124706,0.10105873084205,3
B10,NC_035784.1_66676680,0.1132461693808,0.0118792068257763,-0.0331643750922569,0.157279854648276,0.723291400481265,3
B10,NC_035784.1_67147524,-0.0492992019244898,0.0715644599140203,0.0888523569790575,0.041880026822721,-0.201400845485728,3
B10,NC_035784.1_67489455,0.53350136247341,0.000158061175268768,-0.162910662719661,-0.0482341647290918,2.22968454971884,3
B10,NC_035784.1_67509328,0.0747242513831089,0.0236042669454095,0.00464749173969029,0.023641816549618,0.653687007539854,3
B10,NC_035784.1_67509348,0.0791336579710735,-0.0296986080447291,0.0104213058810791,0.0318468216871956,1.32175307617719,3
B10,NC_035784.1_67597216,0.0293088145530082,-0.00436512817554045,0.0543984662655654,0.0165236111460368,0.693829983861628,3
B10,NC_035784.1_67597301,0.0950606400551425,-0.0628734660131875,-0.101204193308857,0.107860824742268,0.38381150970769,3
B10,NC_035784.1_67597353,0.0578501171237953,-0.0122943232908049,0.0527416178604315,0.045894696705963,0.234790181510375,3
B10,NC_035784.1_67597570,0.0623794280749878,0.0278557010224348,0.112218040083179,0.0186106796451624,0.275736635936897,3
B10,NC_035784.1_67597583,0.0254409248819949,0.0736994498023256,0.107185155227127,-0.00435133884827356,0.0210909258727428,3
B10,NC_035784.1_67597619,0.0698427875563348,0.0781932958198865,0.103718938867677,-0.00765454948224675,0.186092676612485,3
B10,NC_035784.1_67599722,-0.0805236178223794,0.108030656707127,0.205482139692666,-0.0502645502645503,-0.637738060951281,3
B10,NC_035784.1_67698571,0.0483063970142851,-0.00642340047850698,0.0346643737649923,0.0198928676181909,0.669403816873337,3
B10,NC_035784.1_67698931,0.0539872566103106,0.034472164187602,-0.011052342789949,0.0326378153702632,0.694126299019382,3
B10,NC_035784.1_67699244,-0.0329609915474214,0.0417493190253052,0.0796024993394256,0.0273398307751998,-0.128149420195246,3
B10,NC_035784.1_67699296,-0.0154428718599378,0.00893080029515709,0.046539249522676,0.00453670125358716,-0.373593286164456,3
B10,NC_035784.1_67699301,0.00757013739812623,0.0285802751939179,0.125428954542879,-0.00211644026077016,-0.0228907967592214,3
B10,NC_035784.1_67774048,0.221342005468166,-0.0199385238933262,-0.025177962466098,0.00147623876437438,0.921013584432961,3
B10,NC_035784.1_67822409,0.151652256913894,-0.0676529462772189,0.0236004404272458,0.117103563171495,0.632529785861984,3
B10,NC_035784.1_68037048,-0.00131419988750937,-0.0360524508246125,0.0901047565307487,0.0720866692082857,0.0224369326685401,3
B10,NC_035784.1_68037054,0.110913845090803,0.0308241211261534,0.0325006869823943,0.0215231053172601,0.570139064635467,3
B10,NC_035784.1_68037149,-0.00536592984664924,-0.0274128623457292,-0.0225199310011507,0.0524388776885761,-0.0617571817700323,3
B10,NC_035784.1_68037535,0.0225401133934442,-0.0198872574076968,-0.0443164370351026,-0.0275786635236972,0.0892091399199478,3
B10,NC_035784.1_69042033,0.135401148514007,-0.111548877853226,-0.176880039992898,0.253693769998118,0.936775806378914,3
B10,NC_035784.1_69433683,0.0414494564783865,0.0204546893435782,0.0202712431330852,-0.00316350316350316,-1.26991500864761,3
B10,NC_035784.1_69663460,0.0189472411806905,0.000980685439936911,0.0373121360973023,-0.00888608641368523,1.83475125016766,3
B10,NC_035784.1_71271469,0.0961666408530788,-0.0264330020707083,0.0077799822439489,0.0177372003580949,0.188290214950158,3
B10,NC_035784.1_71692701,-0.0259476255310806,0.00221839937665761,-0.0201454094810059,0.0228746356354289,-0.0984579625884058,3
B10,NC_035784.1_73021812,0.0397629902635299,0.00257150467818733,0.0676259023627445,0.00858407079646018,0.357918278455602,3
B10,NC_035784.1_73045178,0.141973605974456,-0.0301757798244336,0.0265321049876775,0.0186279843645191,0.636499270105948,3
B10,NC_035784.1_75256049,0.0625722411612989,0.00670471434516378,0.0165189157253865,0.022020202020202,0.809882247575912,3
B10,NC_035784.1_75557197,0.0923613130850479,0.00205435217339979,0.0199444400914989,0.0268707796193984,0.682356751285849,3
B10,NC_035784.1_75557360,-0.000948397831670532,0.0209299395704853,0.0613379077384407,0.0242144245651444,-1.00397106514507,3
B10,NC_035784.1_75557581,0.0341383973354515,0.0134084201336745,0.0679786970845215,0.0223732270325392,0.327581621681901,3
B10,NC_035784.1_75702438,0.0456758057358654,0.01247709759181,0.0390277889839668,0.0277657897776971,0.701503705642686,3
B10,NC_035784.1_75925966,0.0112748254225632,0.00903957153957154,0.033950689320822,0.00757575757575758,-1.68016676813489,3
B10,NC_035784.1_75926043,0.00298490502011446,0.00429596339960486,0.0624981844589688,-0.0114109682104622,0.034421452795967,3
B10,NC_035784.1_75948339,0.00777138328296444,0.015557540879293,0.0929216582434104,0.00820801523432938,0.00350545410701331,3
B10,NC_035784.1_75948475,0.00614621771093407,0.0235602774986337,0.0681571075958956,-0.0183558558558559,-2.03833947520221,3
B10,NC_035784.1_76665018,0.0195424895498374,-0.0248829966011915,-0.0255135260695976,0.0501249523578532,0.26043509855153,3
B10,NC_035784.1_76668053,0.0729336851650452,-0.0568994734454637,0.00768813862165016,0.0438416157090128,2.551945657926,3
B10,NC_035784.1_76668061,0.03994662444598,-0.0352355368748811,0.0356204654417953,0.0398954415347858,1.94682010922327,3
B10,NC_035784.1_76668064,0.0422269858188722,-0.0253386365674501,0.0264331867560973,0.0227081651869788,1.8654230063374,3
B10,NC_035784.1_76725432,0.0255003857231353,-0.00341785279175465,0.0947108864745241,-0.00136708466805515,0.113880104117357,3
B10,NC_035784.1_76733562,0.0387092593196824,0.0236268845579341,0.0257160321209881,-0.0512126896574571,0.210578053416774,3
B10,NC_035784.1_76913874,-0.10564704159,-0.0503759320652912,-0.0529183852346706,0.00776504646138082,-0.435035289940012,3
B10,NC_035784.1_76913965,0.0997521936016873,-0.0347559114296789,0.0397749228379974,0.0772596158186292,0.417215170360359,3
B10,NC_035784.1_78251457,0.0771544482359481,-0.00255113043742187,0.041956184994168,0.0142061793908579,0.364201081868637,3
B10,NC_035784.1_78256630,-0.00462949746761789,0.01736036743533,0.0752819548872181,0.00332027325698212,-1.80554707739821,3
B10,NC_035784.1_78636139,0.0881968347929511,0.0476253368307341,0.026028685112082,0.0609098030837161,0.351119181536122,3
B10,NC_035784.1_78636151,0.0742869815134187,0.0181916922880778,0.0302480777178247,0.0345315904139434,0.345723137686205,3
B10,NC_035784.1_79397234,0.0135915648544042,0.00525753486279802,0.0876770579356786,-0.00297619047619048,-0.866558543086704,3
B10,NC_035784.1_79527094,0.00368520348440823,-0.00995498496265241,-0.0194817618575367,0.0440428598623916,-0.869778223381363,3
B10,NC_035784.1_79538526,0.0979695314574139,0.00498738218529469,-0.0186585862848096,0.087963598464628,0.38016454593385,3
B10,NC_035784.1_79538908,0.0376198895647467,-0.00895361391439661,0.0382025642765096,0.0186800615013773,0.307952190213457,3
B10,NC_035784.1_79541066,0.0718895928593947,-0.0100177699568182,0.0191628405363032,0.0290133529060181,0.45974942368387,3
B10,NC_035784.1_79542196,0.204578793827312,-0.0909453506286514,-0.0387075839049033,0.129610662264343,0.856841899758053,3
B10,NC_035784.1_79544008,0.0470438438238208,-0.0191202862694019,0.0391777238410458,0.00901575665267718,2.80099307305941,3
B10,NC_035784.1_79544022,0.0270024964104252,-0.0175653413389116,0.0620601273137351,-0.00264463241436926,2.28863700955972,3
B10,NC_035784.1_79550119,0.030925388938325,-0.00906406224802451,0.0188171904697473,0.034295543729506,-0.535883427006636,3
B10,NC_035784.1_79698279,0.123968633744004,-0.078096955455446,0.0819151339044694,0.00860014402315072,0.628641000998852,3
B10,NC_035784.1_79826179,0.0912826642334739,0.0786554942206529,0.0329196133450077,-0.0539844542782119,0.231055003449711,3
B10,NC_035784.1_79848217,0.0274997042480391,-0.0133804998053166,0.0717911877394636,0.00678104575163399,0.462320678302626,3
B10,NC_035784.1_80973209,-0.000391821421260707,0.0440420373816348,0.101118511639994,-0.0366739804103347,0.0395806752951566,3
B10,NC_035784.1_82088053,-0.0395104996779062,0.107822104277328,0.171102605991259,-0.00292994246482622,0.0713809867910079,3
B10,NC_035784.1_82116514,-0.0781933687352566,0.074708926305565,0.128500363327966,0.0491761832938304,-0.392008590376435,3
B10,NC_035784.1_82365125,0.113193461135653,0.0404136849218817,0.0533868833049161,0.0156214039125432,0.512568276124518,3
B10,NC_035784.1_82422859,0.0315457935171738,-0.0251589669082984,0.0254051303645998,0.0721854912764004,0.220235980413917,3
B10,NC_035784.1_83110191,-0.0301817673528529,0.0435915753414931,0.0325034191856541,-0.00694914489418347,-1.01762542460667,3
B10,NC_035784.1_83167363,0.062254165477792,-0.046977777124836,0.0566891441891442,0.0789529914529915,0.283830568586016,3
B10,NC_035784.1_83296431,0.125653603741021,-0.0897536766417222,-0.114322350641136,0.0899115460935661,0.596642377124413,3
B10,NC_035784.1_84958530,0.199952485425828,0.0114611168892082,0.0553003596481857,0.0328359532625324,0.871518850741428,3
B10,NC_035784.1_85436729,-0.00724065279723468,-0.0470453146466275,0.00434057812106594,0.0109182822597457,-0.0763090081676812,3
B10,NC_035784.1_85683253,0.113910199732443,-0.0622057176517448,0.0262862666313274,0.0421100275112354,0.760524195992283,3
B10,NC_035784.1_85683267,0.100161536893395,-0.0371942741354506,0.0326931705093264,0.0347689347689348,0.705874003751786,3
B10,NC_035784.1_85683487,0.0507582065382036,0.0104920471759885,0.011826094805128,0.0126192629923973,0.297660331711454,3
B10,NC_035784.1_87006779,-0.0623198140902932,0.0907067984426475,0.132951914437764,0.0149064771706281,-0.177297290615663,3
B10,NC_035784.1_87634025,0.131047055667096,-0.0173919063313054,0.0458679893481713,0.0667230725864766,0.613415249411144,3
B10,NC_035784.1_87663691,0.0272494560888224,-0.0515290634409157,-0.0564465732958722,0.0313851530317765,1.46851134839766,3
B10,NC_035784.1_87663721,-0.0791260317814661,0.0260284148431766,0.0338618588847369,-0.0696742842132913,-0.404989424796399,3
B10,NC_035784.1_87860930,-0.056523516723964,0.0204356060606061,0.0264553429027113,-0.04568324757004,-0.927024753010621,2
B10,NC_035784.1_87863728,-0.0130731795612522,0.0137603340449529,0.0661033062657183,0.0399919855624392,-0.06244283653895,3
B10,NC_035784.1_89036640,0.0301457840281483,-0.0787533898953931,-0.0909555967590138,0.132630693286431,0.20426865494894,3
B10,NC_035784.1_89038890,0.0770884567579048,0.0192460317460317,0.0604395604395604,0.0182539682539683,-0.411053781705096,3
B10,NC_035784.1_89368235,0.043480065584616,0.0404582652940236,0.104636479990963,0.0622478396936053,0.192070569610497,3
B10,NC_035784.1_90811587,0.107073897713904,-0.00812482588077021,0.0237780813491691,-0.0110699564018822,0.538803034599212,3
B10,NC_035784.1_92291641,0.089535573804824,-0.0195228788718759,0.00751912029555882,0.086593116673821,0.453014043340623,3
B10,NC_035784.1_92293340,0.00791927834413797,-0.0110668714819654,0.0351785060851224,0.0481566073368999,0.0447464940473377,3
B10,NC_035784.1_93217952,0.022348257456774,0.0126364876526875,0.0259783671856401,0.0301586314582211,2.33876032889982,3
B10,NC_035784.1_94836839,0.0829404298871162,-0.0289758705389986,0.0327918914176437,0.0194175620863872,1.77632260897474,3
B10,NC_035784.1_94837079,0.0382855033820815,-0.00419982472308052,0.0856129837516998,0.0727627881889566,0.159017121471759,3
B10,NC_035784.1_94837569,-0.0237002961621468,0.0985722322170306,0.0927334145734745,-0.0397634435266273,-0.417791262353527,3
B10,NC_035784.1_95329302,0.0348123986055021,0.00461860670194003,0.131854268061165,-0.0131445170660857,2.22063310735883,2
B10,NC_035784.1_96349486,0.00348632997195547,-0.0306761574795221,0.00440253973101246,0.0245829675153644,1.76786112826117,3
B10,NC_035784.1_96474944,0.00910201531897055,0.0615923605993613,0.0354189086576856,0.0747360248447205,0.207395448950822,3
B10,NC_035784.1_96514191,0.0317714898139025,0.0199385560675883,0.00567032368502957,-0.00895928911356682,-1.23219415291818,3
B10,NC_035784.1_96544995,-0.0316228329333236,0.0754688610470863,0.153247186642496,-0.0399281748272431,-0.111612285548882,3
B10,NC_035784.1_96545014,0.0399307497335224,0.059665026331693,0.0557458166597294,0.0233514281133329,0.299597238776215,3
B10,NC_035784.1_97090029,0.187102228979852,-0.104220177773627,-0.195230866200388,0.067696765315813,0.770289742845281,2
B10,NC_035784.1_97478301,0.00946860082912905,-0.0105830831132297,-0.00671147339963989,0.0132501784010615,1.30697018246799,3
B10,NC_035784.1_97755139,0.0398385044475667,-0.00315615526883132,0.0171130791855138,0.0338252763784679,0.476320833788996,3
B10,NC_035784.1_97935560,0.00300136850285643,0.0353736838580276,0.0741138531758969,-0.00741172551632245,-0.962158802784786,3
B10,NC_035784.1_97935590,0.0556340977282385,0.0496968715608708,0.0931674529774571,0.00566963109390885,-1.00928270426845,3
B10,NC_035784.1_98130909,0.0202868237342543,0.00405310971348707,0.0120236178207193,0.00864197530864198,1.19888701733979,3
B10,NC_035784.1_98298543,0.024782400914115,-0.00386839835294694,0.00519864201490863,0.00223790394025259,0.638000014184146,3
B10,NC_035784.1_98298723,0.0368850782134976,-0.0359235788785534,-0.0157691385161217,0.0129663250840567,3.75074985624766,3
B10,NC_035784.1_98299010,0.0557019110714512,0.0153888525825944,0.0316150721569561,0.000538862200342845,0.219171703410448,3
B10,NC_035784.1_98299041,-0.0425925239074316,0.0551783368299704,0.0852085647180221,0.00945038111994867,-0.142950221923955,3
B10,NC_035784.1_98432224,-0.0342524230848564,0.0214996792942941,0.0432907941200624,0.00310084153473114,-2.01421371178251,3
B10,NC_035784.1_98529045,0.0418728684985634,4.31331953071092e-06,0.0316470449457822,-0.00291666666666667,0.100662926048499,3
B10,NC_035784.1_98629556,-0.0240533179262788,0.0133282619375901,0.0459650355483689,-0.0136283469616803,-1.05223058405029,3
B10,NC_035785.1_492597,-0.0812176331001958,0.00466296177382404,0.0215091258552944,0.0452991452991453,0.0721530953401784,3
B10,NC_035785.1_630445,0.00907643182016582,0.0181051476188343,0.0326346566929354,0.00257897795674374,-0.135220273100149,3
B10,NC_035785.1_630568,0.0340396375151606,0.0103489022063934,-0.00772445423239467,0.0475514075896954,0.338022442630252,3
B10,NC_035785.1_630633,0.0259136757692822,-0.00431610615185494,-0.0449695244599703,0.029000819000819,0.715388734422656,3
B10,NC_035785.1_897188,0.00452215350138053,-0.0112956419621239,0.0649114719307951,0.052827177382581,0.110052967843298,3
B10,NC_035785.1_897973,0.046367382071991,-0.00795313633705758,0.0795608343275686,0.0339290339290339,0.192478996647918,3
B10,NC_035785.1_2292261,0.0574154070929621,-0.0148354166146125,0.0284327078288943,0.0587312141168524,1.1877753489969,3
B10,NC_035785.1_2615477,0.0426705126106445,0.0112295693023268,-0.00298939330149723,0.0334172387490465,0.797497235160553,3
B10,NC_035785.1_3922785,-0.00373097551583447,0.111099659989782,0.0809698242717111,-0.00194933319239647,-0.00971626231559634,3
B10,NC_035785.1_3954027,0.00342193469916087,-0.0225895274948024,-0.0213550850444054,0.0116936353829558,0.169938178364356,3
B10,NC_035785.1_3955693,0.0350183713679693,0.0157894736842105,-0.0199659769986869,0.0368592163138771,1.63806564414356,3
B10,NC_035785.1_3955695,0.0154902958692251,0.0249321934104543,-0.00576247839684237,0.02592604851641,1.2790318005904,3
B10,NC_035785.1_5041174,0.0627937923854978,-0.0157316801798166,0.0290459066331395,0.0174244420747843,0.840651694380995,3
B10,NC_035785.1_5331751,-0.0120746725448819,0.0247650529450327,0.0143223443223443,0.102644022644023,-0.143426595513668,3
B10,NC_035785.1_8296098,0.118602562838927,-0.0557933770654404,-0.00285515741132394,0.0920940170940171,0.917023680220812,3
B10,NC_035785.1_9305508,0.0323585010462936,-0.0166116171045076,0.0706755507371535,-0.00129178709118815,0.722934798780657,3
B10,NC_035785.1_10010397,-0.000509625671149872,0.0267421643848655,0.0516839377758104,0.0203855543967746,-0.000770260608473535,3
B10,NC_035785.1_10010486,0.0824871497595842,-0.00539096044169819,0.014641607091283,0.0143298819222401,0.62269378076521,3
B10,NC_035785.1_10010609,0.0043473277825678,-0.0190457382342758,0.0398272600595899,0.0207259246895613,0.278785045889773,3
B10,NC_035785.1_10010611,-0.00067405709882647,-0.013539174624374,0.0437203983294367,0.0166816304120845,0.153166601135296,3
B10,NC_035785.1_10010618,0.00747010452722944,-0.014899723268877,0.0373163683753124,0.0215125031401263,0.253047455500167,3
B10,NC_035785.1_10010624,0.0101583846093481,-0.00856557873513395,0.033006682640393,0.0253050453559881,0.17750973832508,3
B10,NC_035785.1_10010788,0.0715821179521366,-0.038790201344236,0.0462642897489787,0.0625665150509871,0.898507713343587,3
B10,NC_035785.1_15527259,-0.043811207774815,0.0461864465538858,0.0486568986568987,0.000684181718664476,-0.79728967574876,3
B10,NC_035785.1_15563453,0.00283454706242265,0.0174309587061106,0.0233545236638532,0.0675467242737053,-0.0657806682759241,3
B10,NC_035785.1_15621453,0.0208191397995878,-0.00647756369476633,-0.00785854208201542,-0.00240660768940505,0.439030316697796,3
B10,NC_035785.1_15621457,-0.0218418996413161,-0.00708224322901429,0.00248201476212765,-0.0296261727238957,-0.124048503043239,3
B10,NC_035785.1_15621513,-0.00308154743218446,0.00403117747214806,0.0103589821290961,0.0158943530762527,-0.155252446121428,3
B10,NC_035785.1_15920633,-0.000990927180483009,-0.0124428848206724,-0.00522942686654753,0.00409272936159059,1.53018185373786,3
B10,NC_035785.1_16015901,-0.0130340214552574,0.0151793988768779,0.0328092027010268,0.0152205950525278,-0.311471490451162,3
B10,NC_035785.1_16042958,0.0643397617021101,-0.0203640417165726,0.0352032694681191,-0.00185443186193374,0.717528015163697,3
B10,NC_035785.1_16043096,0.0279563490222306,-0.00063722788369857,-0.0224296651321222,0.0265901333479423,1.35979977494868,3
B10,NC_035785.1_16116217,0.0436473951390981,0.0878433363516334,0.00264640852876145,0.0212865873143467,0.188121274999635,3
B10,NC_035785.1_16435934,0.00356837446321578,0.0106445221188213,0.0149426646800291,0.00951545702587131,0.0901690942517948,3
B10,NC_035785.1_17291451,0.0375354973670729,-0.0158333333333333,0.00287762867195811,0.00888888888888889,3.41071556904763,3
B10,NC_035785.1_17357747,0.00502020196475554,-0.0325756044506045,-0.0004043351908699,0.0246082621082621,1.70711062849202,3
B10,NC_035785.1_17429236,0.0342826332783645,-0.000440489468688668,-0.00404256567873022,0.0315992972157156,0.453331008396329,3
B10,NC_035785.1_17750776,0.00558705446043028,-0.0699081195333069,-0.0110121279686497,0.0752744839701362,-0.442512820205025,3
B10,NC_035785.1_17759266,0.0518069827082255,-0.0438156761412576,0.145632810015992,0.068042718478765,0.226388532329129,3
B10,NC_035785.1_17767672,0.0166214394907438,-0.0560272536687631,0.125378372692951,0.0677248677248677,0.148094741334388,3
B10,NC_035785.1_17936172,-0.0125952518320387,-0.0222773613017515,-0.0381810726001997,0.0499853070819865,-0.129384398089346,3
B10,NC_035785.1_18055883,0.0793778204838654,-0.0156972166486669,0.0117574337660242,0.0272844950652437,1.37395453898287,3
B10,NC_035785.1_18057656,0.0436264606271018,0.000850002366179673,0.04172847623112,0.0197052508894614,0.729999403510179,3
B10,NC_035785.1_18057751,-0.0127422845567838,0.0316896662869817,0.0389631390480563,0.0168037300390242,-1.37544216991491,3
B10,NC_035785.1_18062482,0.0163586462105117,0.101107036038543,0.0803151083888789,0.0493767426603247,0.294088971918794,3
B10,NC_035785.1_18097035,0.00874966886439353,0.0229010379826484,0.0881657974653406,-0.00281553085979621,-1.10525358782269,3
B10,NC_035785.1_18097098,0.0225234759195459,-0.0316687599730706,0.0744679094567952,0.0214308988502537,1.02461976041081,3
B10,NC_035785.1_18151629,0.118841432710803,-0.0958213217271188,0.0623044801966371,0.0676922044675668,1.01848774183609,3
B10,NC_035785.1_18175296,-0.0347427459662813,0.0838512760004775,0.0853152889004923,-0.00777836360070858,-0.0271083083899334,3
B10,NC_035785.1_18177113,0.131145444848002,-0.0714407816950629,-0.00832708936835611,0.115655968913853,0.535410108924842,3
B10,NC_035785.1_19418239,-0.0597749514420753,0.0586580302749283,0.204885642519045,-0.0664858361725386,-0.405136561594149,3
B10,NC_035785.1_19418280,0.0447074560967774,0.039334411830986,0.0424202115458654,0.0705026082735061,0.130820347343573,3
B10,NC_035785.1_19418468,-0.0342034887251613,0.0641122850425176,0.0305192238299111,4.7771046403057e-05,-1.84710764277896,3
B10,NC_035785.1_19891149,0.0433829490537263,-0.03367493094538,0.0288963157310234,0.0288796476175058,-0.331814121268471,3
B10,NC_035785.1_19891318,-0.00611626255608258,0.0214053142624571,0.00987897346165063,0.00671472999717275,-0.977310290660459,3
B10,NC_035785.1_21620143,-0.00260251593647554,0.0107433554817276,0.0283195800121759,0.00808882725349648,-1.18704833657423,3
B10,NC_035785.1_21620424,0.00354656651362723,-0.0412794280783927,0.00920055112906643,0.00376116098967533,0.0142929212654359,3
B10,NC_035785.1_21667813,0.0439399077454869,0.0143903932446635,-0.0267751882137424,0.0352355562107884,0.705622745541734,3
B10,NC_035785.1_23438436,0.455268271971993,-0.0396577347383527,-0.0908839590748995,-0.0466975225517285,1.89446543802251,3
B10,NC_035785.1_23438440,0.10304663147556,0.0394813678953192,0.0899544020669111,0.132835981685968,0.461178220023689,3
B10,NC_035785.1_23438599,0.0527698533667664,0.00610485941282174,0.0640309654491502,0.064052933598831,0.215476193200598,3
B10,NC_035785.1_23438633,-0.0185504114431581,0.0815865316352838,0.0866131044097146,0.0566887844145623,-0.0985782159800233,3
B10,NC_035785.1_26977195,-0.0264239372677905,-0.000971830237783342,0.0600934183894153,0.0383109921771534,-0.10097069261253,3
B10,NC_035785.1_29227792,0.0836917261466273,-0.0632113069559144,-0.0485093522829372,0.0522253600586612,5.7852755780183,3
B10,NC_035785.1_29817077,0.0495480245276169,0.0153466885990172,0.0960975627002749,-0.00123799725247418,0.21228079354324,3
B10,NC_035785.1_30482027,0.00883633795754577,0.000809162860014916,0.0508803899291262,0.00865878053215884,0.0772249489083804,3
B10,NC_035785.1_31440331,0.00378615994277361,-0.0255749735571759,0.115359075668452,0.0431728302445982,0.034202098278221,3
B10,NC_035785.1_31898327,0.0684213912898913,-0.00650793938906249,0.010012302303679,0.0280041797283177,0.837257408705724,3
B10,NC_035785.1_31900186,-0.134774730942959,0.15984928465683,0.166513894900027,-0.0485271842409029,-0.604446893708967,3
B10,NC_035785.1_32466426,0.0466752974008352,-0.0218993590690166,0.0732809275441865,0.0746662963524045,0.319436796492125,3
B10,NC_035785.1_32466654,0.057312989653132,-0.00737667464877847,0.0344813927056918,0.0475974518731528,0.365077112663526,3
B10,NC_035785.1_32467020,0.00490050069852499,0.0275705984611473,0.0447360434730171,-0.012906873448843,-0.326708672984517,3
B10,NC_035785.1_32467576,0.0450277196192729,-0.00172279095712378,0.0572269870202201,0.00233032075137338,0.40655344414299,3
B10,NC_035785.1_32509620,0.0881387218234186,0.0214420042847354,0.0685727780547108,0.0390523136402078,0.37736804044956,3
B10,NC_035785.1_32514347,-0.0278018068194527,0.071987765111704,0.0838862867551392,-0.0506329113924051,-3.63481609467398,3
B10,NC_035785.1_32568170,0.183609966962734,-0.0688931557974544,-0.00397947923932159,0.122872030064254,0.767689324430438,3
B10,NC_035785.1_32568188,-0.0442219940213428,-0.024651708829468,-0.0488676430321595,0.0718436151275839,-0.186398546126661,3
B10,NC_035785.1_32580734,0.0432953665926593,0.00472143719736917,0.0215422325011366,0.0215335169880624,0.672146684274089,3
B10,NC_035785.1_32656577,0.0240431571549739,0.024569792162144,0.0526980561434726,0.000156758072536324,0.0611757989363068,3
B10,NC_035785.1_33087320,0.0633834149512645,-0.0968789445523423,-0.0525410982265949,0.0671860638158183,1.87001939508389,3
B10,NC_035785.1_33209301,0.13538424563885,-0.0240861288837527,0.0148125408988054,-0.00632380132644544,0.562894197587406,3
B10,NC_035785.1_33355289,-0.0444857454790687,0.028578749615335,0.0753326892179985,0.0866392267818902,-0.221854546610412,3
B10,NC_035785.1_34998223,0.034535849330911,0.0457616878002063,0.101046576425854,-0.0446759459797665,-1.14150825184844,3
B10,NC_035785.1_35361994,0.00197799855308585,-0.0177653381646435,-0.010314041937197,0.0187501501934492,0.127551584398832,3
B10,NC_035785.1_36030431,-0.0900557614891367,0.0546552838667983,-0.0101978996596089,-0.0201052573872046,-2.19484918207755,3
B10,NC_035785.1_36426024,0.439074109644384,-0.154486312775885,-0.188430737553545,0.114574314574315,1.86075881504145,3
B10,NC_035785.1_36616437,0.00364752247055376,0.0960923119220992,0.0857800595356439,-0.0648046831214797,-0.151085075641642,3
B10,NC_035785.1_36900723,0.0773604367658249,-0.0133337529678993,0.0349601379013144,0.0280830280830281,0.466005638878136,3
B10,NC_035785.1_37129674,0.0684833227219986,-0.0271017569501889,0.00512386029627409,0.0682406556834159,0.339936251676827,3
B10,NC_035785.1_37197424,0.0937441489006476,0.0761207876626138,0.0293372899365706,-0.080324185523993,0.377260103399862,3
B10,NC_035785.1_40813117,0.018977873923307,-0.00472945094548121,0.00735579441993657,0.0063666230332897,0.501731197189611,3
B10,NC_035785.1_40814328,0.0639193432004521,-0.0585019290873858,-0.0471735092132388,0.0492843156718713,2.49925380922143,3
B10,NC_035785.1_40814417,-0.0442935788656042,-0.0165064079709183,-0.00165910310837847,0.0360725308641975,-0.745106280213694,3
B10,NC_035785.1_41726266,0.0720930377740851,-0.0183320937694903,0.0498352991158886,0.0308532213060977,0.498378965216634,3
B10,NC_035785.1_41726355,-0.0223947202142435,0.0179278122488666,0.0410760006492589,0.0102505018118004,-0.278463140460538,3
B10,NC_035785.1_41888315,0.0949458933903553,-0.0971708008759863,-0.0784410086019994,0.108544793126419,0.386659598331397,3
B10,NC_035785.1_42154837,0.21200002930106,-0.0159537607926021,-0.0334258623608135,0.0258441873496953,0.994450306420817,3
B10,NC_035785.1_42154862,0.0772158506321705,0.0701501880182719,0.0734929679374124,-0.0407587239882152,0.273663239094502,3
B10,NC_035785.1_42465494,-0.035400780048336,0.0253106340162122,0.0669835892270914,0.0479155970959249,-0.143568112086687,3
B10,NC_035785.1_42644701,0.0770531724758416,0.0464421236994814,0.112021984299096,-0.00911862374078596,0.668200784362151,3
B10,NC_035785.1_42887232,-0.0317798690684977,0.0377435994258424,0.0612616544202222,-0.0117167919799499,-2.41307948915691,3
B10,NC_035785.1_42958684,0.305780220940472,-0.0685478506802331,-0.0374418013120268,-0.0276339432658895,1.28409476411556,3
B10,NC_035785.1_42958689,0.122129332853851,0.0157740212679169,0.00698709681751779,0.0181335228563455,0.5109563390752,3
B10,NC_035785.1_43781913,0.102722775895082,0.000962580480652769,0.0355493006122885,-0.00814910125940656,0.678598487870791,3
B10,NC_035785.1_47264541,-0.0236959337012544,0.0728525573510678,0.167160805117738,-0.00219535879913239,-0.0380487913799211,3
B10,NC_035785.1_50780820,0.118027004660339,0.0285492516996632,-0.00373482726423903,0.0502200880352141,1.95322127158269,3
B10,NC_035785.1_50782269,0.0307155610849036,0.0253073505961824,0.0682124520834198,0.00315057915057915,-0.0448152029159757,3
B10,NC_035786.1_321502,0.0568852790164266,-0.0152295152295152,0.0647358897358897,0.169247372372372,0.380639153761455,3
B10,NC_035786.1_765266,-0.00232642039055531,-0.0139070665191855,-0.00721519199230748,0.021215269762372,-0.952833894832686,3
B10,NC_035786.1_1015907,0.171194460416035,-0.0168586208170374,0.0127966827535421,0.0459722735354855,0.70695296859856,3
B10,NC_035786.1_1597848,-0.00787769760482623,0.0731981178145102,0.0422023280647224,-0.02943183225855,1.33393129739975,3
B10,NC_035786.1_1597969,0.0381940311181988,0.00242345243301205,-0.0219602383816431,0.014798301170547,3.73418982317193,3
B10,NC_035786.1_5271789,0.00936664400716688,0.00740740740740741,0.059684433213845,0.00979381443298969,-0.842233688576767,3
B10,NC_035786.1_5273214,0.0695014200885476,-0.0422362197931488,-0.0587306862043704,0.0387786405905474,-0.245184169495767,3
B10,NC_035786.1_5283684,0.016558029744221,0.0135387488328665,0.0506644346556627,0.00269274376417234,0.106984159069358,3
B10,NC_035786.1_5935569,-0.0286530166401551,0.0546196367253107,0.0195019051315893,0.00624546234008944,-0.449899487657238,3
B10,NC_035786.1_7469102,0.00717467921349916,0.112486386744851,0.0201928306496193,0.0467350554113624,-0.0674491481539888,3
B10,NC_035786.1_10111871,0.27101287159373,-0.155091352873611,-0.255313414721211,0.136746031746032,1.40546897583262,3
B10,NC_035786.1_10115705,0.0895145959588716,-0.0511741354937772,0.0468643771023009,0.0593580347180257,0.80527511075296,3
B10,NC_035786.1_13814910,0.135405786415786,-0.12061789261238,-0.0709486886531312,0.0688454174525838,0.93451362694699,3
B10,NC_035786.1_14604113,-0.0520330749790676,0.0603748766151436,0.0853768482911467,0.0381681691576581,-0.205921864373778,3
B10,NC_035786.1_14967410,-0.0605854849077085,0.148409440022343,0.0845996193822281,-0.0267436267436267,-0.561108037818272,3
B10,NC_035786.1_15584186,0.0913728105056001,-0.0124531107989755,0.0712197820869925,0.0082254685225527,0.77033747057963,3
B10,NC_035786.1_15586029,0.00843578178174682,0.0258571733590093,0.00407970818849627,0.0489705882352941,0.0850986364346571,3
B10,NC_035786.1_15586035,0.0561955668114606,-0.0702861545862589,0.0712181241820417,0.121093268129351,0.264759230599232,3
B10,NC_035786.1_15586041,0.0499768088085008,-0.0800713733420567,-0.00334418000654837,0.0268307181862169,0.22750973831202,3
B10,NC_035786.1_15586306,-0.0512663374119244,0.0161656942091725,0.181463286169169,0.124380272412401,-0.200842172204209,3
B10,NC_035786.1_21103115,0.0182428480951419,-0.000779229892572048,0.0148354778284556,0.0137071542444558,1.13286861082974,3
B10,NC_035786.1_23800480,0.0212464170680914,0.0912262155391374,0.198469811765784,-0.0334587842422944,0.173255707284875,3
B10,NC_035786.1_23820822,0.0762785342724648,0.0280549783042513,0.0169845653336539,0.0857621784345922,0.727155666259293,3
B10,NC_035786.1_23820850,0.0390887429108288,-0.0146278685311587,0.0722421399651001,0.0148717948717949,0.121427934181291,3
B10,NC_035786.1_24353418,-0.00853606354092889,0.0754509453494277,0.0859927284455586,-0.0194104929159547,-2.74213603469991,3
B10,NC_035786.1_24619455,-0.0245086257026556,0.0488888888888889,0.0158730158730159,-0.00387596899224806,-1.53781444081328,3
B10,NC_035786.1_26415882,-0.0362161072079146,0.0440190497022795,0.0983027947443772,0.0303950769496988,-0.138996534893489,3
B10,NC_035786.1_27708420,0.402911830086731,-0.125166353985494,-0.139783006486669,0.0686858971408936,1.68160427118095,3
B10,NC_035786.1_28308817,-0.182885762197233,0.171292014704609,0.226720485526339,-0.0529014236655433,-1.1092313726974,3
B10,NC_035786.1_28393598,5.04681109645781e-06,0.0408767973846723,0.0886036375294623,-0.00714978141996167,-0.439413997098342,3
B10,NC_035786.1_28393679,0.153818279007518,-0.0558300532757894,0.0237001478463751,0.0242319552049318,1.53804160562743,3
B10,NC_035786.1_29259557,0.0113942231886922,-0.00120366170051598,0.045843876068639,0.113865142307824,0.039718905006173,3
B10,NC_035786.1_30592872,-0.000103666458880848,0.0225620766270484,0.0523473197251385,-0.0118191721132898,-1.18542162276635,3
B10,NC_035786.1_30617381,-0.0114490577512235,0.0221929819636803,0.048115401610745,0.0100047054064209,-0.460572281444776,3
B10,NC_035786.1_30617458,-0.0834162248838985,0.0413334574624897,0.0900192753579167,0.00185185185185185,-3.40493939064552,3
B10,NC_035786.1_33113482,-0.00391506596091653,0.00832303328164019,0.0278796365503576,0.00404070493062537,-0.945902098822403,3
B10,NC_035786.1_33783519,0.0645328214032652,0.00535289837496968,0.0450491937665755,-0.00803639533616651,0.670890970140621,3
B10,NC_035786.1_33783520,0.0594519096984633,0.00554591338001476,0.0459564944859063,-0.0084915084915085,0.623240336899256,3
B10,NC_035786.1_33783538,0.0989464017075012,-0.0135388995257944,0.0353226298357558,0.00861495577127701,2.08770011870861,3
B10,NC_035786.1_34026807,0.033711613430238,-0.00670130343633215,0.0164535498386458,0.0137711995066297,1.47001677821655,3
B10,NC_035786.1_34473227,-0.104150919086461,0.112459578935152,0.0865626166571158,-0.0777850658550664,-2.61475793395316,3
B10,NC_035786.1_34652566,0.0514365760485254,-0.0594279719596217,-0.027389607816259,0.0603506384207223,2.15587691678982,3
B10,NC_035786.1_34652896,-0.0239505528204705,0.0923993422822593,0.0925595238095238,-0.0199473180076628,0.010152421100303,3
B10,NC_035786.1_34673724,-0.0895344071847664,0.106048523537071,0.271328950275439,-0.0726621310584581,-0.356306044914115,3
B10,NC_035786.1_34673727,-0.0403554666560327,0.0536747046709688,0.116964362224683,0.0295205592502025,-0.158945089483973,3
B10,NC_035786.1_34673730,-0.0891887700070844,0.103632832080201,0.255336825086946,-0.066125672573041,-0.354917129858532,3
B10,NC_035786.1_34674260,-0.00319809296989742,0.00605783105783106,0.0027617385441813,0.0419311335294942,0.230604541478813,3
B10,NC_035786.1_35090522,0.0836436768399737,0.0128940682804065,0.103204216875103,0.0551380792557263,0.419255998854863,3
B10,NC_035786.1_35090571,0.0785938860941343,-0.0111392217814497,0.00820152408860181,0.0893090569561158,0.653366095928771,3
B10,NC_035786.1_35497348,-0.0608035148204499,0.0705482122860342,0.0924505023944196,-0.018607334835405,-2.89261305436464,3
B10,NC_035786.1_37006210,0.499808434043552,-0.0292697189283918,-0.125408988390112,-0.0808753717814494,2.05214876441873,3
B10,NC_035786.1_37006246,-0.00486258654438635,0.0120490057235067,0.0399395520368996,0.0081941794431138,0.73649416729294,3
B10,NC_035786.1_42413936,0.116851358429551,0.00784306479428432,0.051570006790595,-0.00615089574995236,2.31640403216985,3
B10,NC_035786.1_42413939,0.101300632835694,0.0212588567450721,0.0555580474935314,-0.0554984641006147,2.17480741358722,3
B10,NC_035786.1_42414078,0.0125988041722525,-0.00691044224245219,0.10769520932015,-0.00191922541060472,-0.0436915316965898,3
B10,NC_035786.1_42509509,0.137306019401848,-0.00262069715801462,0.0050470828333913,0.0309724531861447,1.08947053199476,3
B10,NC_035786.1_42514269,0.218921813579381,0.0181466703567446,-0.0536280707338074,-0.0353584026203074,0.898524784676292,3
B10,NC_035786.1_42662557,0.0909273051804156,-0.00641989063961116,0.0287077469080527,0.000962000962000969,0.75761027049994,3
B10,NC_035786.1_42662575,0.052980252238778,0.0109894382015006,0.0495905396590328,0.0112638020776619,0.449788184715048,3
B10,NC_035786.1_42662590,0.0975043164712818,0.0557339547949877,0.082181908488575,-0.0355232679176341,0.484621161179001,3
B10,NC_035786.1_42935225,0.302433703481471,-0.0687943189290706,-0.154809227253581,0.054665388433729,1.2287099472357,3
B10,NC_035786.1_45780244,0.0425577261369698,0.0120364604485357,0.0420757770134539,0.0165253338986644,0.322812845817146,3
B10,NC_035786.1_46332838,0.0841439676529918,-0.00211156278229449,0.0346106369682701,0.0139358871066188,2.01942543075353,3
B10,NC_035786.1_46333460,-0.027474862108515,-0.0594691869866072,0.0297590259507996,0.0851932699807698,-0.223525557741983,3
B10,NC_035786.1_47606842,0.0727189072661824,-0.008722638242125,0.0327640833347597,0.021871559512066,0.911882047776998,3
B10,NC_035786.1_47615777,0.081428196384268,-0.0355271751288311,-0.00052753944547534,0.0816668279131739,0.573191226265938,3
B10,NC_035786.1_47765915,0.0332531469390539,-0.00612277770342149,0.061746503851767,0.0125541125541125,-0.511025413442976,3
B10,NC_035786.1_49214217,0.0391498231493284,0.0135023706452278,0.058918239397597,-0.00937850868502741,-0.576093340212654,3
B10,NC_035786.1_50737761,0.104455824558237,0.00508720930232558,0.0643904320987654,-0.040430790960452,1.15057421046774,3
B10,NC_035786.1_50766697,0.035050588360807,-0.0173808866954807,0.0406281258852671,0.0150634181065165,0.684277383268482,3
B10,NC_035786.1_50767988,0.0377846316088881,0.0343229373701568,0.0309170404652277,-0.000918112205032034,-0.752704504019901,3
B10,NC_035786.1_50768096,0.090142186784712,-0.00333337732727977,0.0462273634597258,0.0119494529203267,-0.0714943676979474,3
B10,NC_035786.1_50867314,0.0302833130263692,0.0204122236380301,0.255603595536795,-0.130507212208243,0.136400656960873,3
B10,NC_035786.1_51598120,0.0167595192560925,-0.0333173698417208,-0.00987439362439362,0.0356756756756757,0.128675923011921,3
B10,NC_035786.1_51965296,0.00565578522116569,0.05044356609574,0.0891713198234937,-0.00329515894733285,0.162687271844145,3
B10,NC_035786.1_52413113,0.0028724779430319,0.00162809966329182,0.0390670504984715,0.00236065484292435,-0.633420699120384,3
B10,NC_035786.1_52752498,-0.00517632507058379,0.0130244648283501,0.080411460237698,0.0146325965130893,-0.316935897838064,3
B10,NC_035786.1_53703323,-0.0527919489358608,0.0596675932260512,0.121672171371388,0.0171455087111818,-0.303495512164329,3
B10,NC_035786.1_55140873,0.00613724919193309,0.00220541760047525,0.0352418852320431,-0.00626260181711886,-0.159323510926055,3
B10,NC_035786.1_55140975,0.0591694272992596,0.0145966542057873,0.0679009599837959,0.0364745333785582,0.322098331696369,3
B10,NC_035786.1_56028054,0.21738576863965,-0.121844564674532,-0.158360554131698,0.0866433824145267,0.920568717867517,3
B10,NC_035786.1_56163839,-0.031647536783842,0.0126151507301793,0.000463572927341042,-0.0229239490462537,-1.3815214280727,3
B10,NC_035786.1_56350539,0.0195797885775223,-0.0208333333333333,-0.0219984802431611,0.0154239766081871,2.30908118787182,3
B10,NC_035786.1_56536658,0.0658787614073789,0.017181634917756,-0.0159134912808184,0.037816434220086,0.85083118727709,3
B10,NC_035786.1_56536704,0.0217867414174715,0.0512106512106512,0.00169095048127306,0.0892710892710893,0.0810283899643916,3
B10,NC_035787.1_656764,0.0272704774655598,0.0131454029928304,0.0539562514257058,-0.0242210374883642,-0.846591336772874,3
B10,NC_035787.1_656856,0.0651425076217801,0.0126653289922655,0.024143177153605,0.0229063307449577,0.665374681834929,3
B10,NC_035787.1_657217,-0.0110512169600582,0.0138392912339983,0.045715369263016,0.0166745127219436,-0.368315560680936,3
B10,NC_035787.1_1134139,0.0994373425027459,0.053344241340868,-0.0258144432057476,0.0734430673049599,0.710638467991795,3
B10,NC_035787.1_6499970,0.0485286900021847,-0.00818907373826447,0.0171911170264375,0.0128763855199722,0.0554329054740122,3
B10,NC_035787.1_6500110,0.0409250333740685,-0.0293546291167588,-0.032823381330271,0.0243187840276845,0.414281293872198,3
B10,NC_035787.1_6500240,-0.00329141822816586,0.00517435935565333,0.00985984600545982,0.00450842622074572,-0.656594946319673,3
B10,NC_035787.1_8231115,0.0657647800730579,0.00180793586481965,0.04266062139268,0.0253466144313856,0.711511668174273,3
B10,NC_035787.1_8618571,0.0278301646862618,-0.0460736391764544,0.102347705654692,0.154855233685603,0.120463570052533,3
B10,NC_035787.1_8817228,0.00203697991975843,0.0304805127997886,0.0458776218096607,0.0263619495741198,-0.103387016183904,3
B10,NC_035787.1_8817378,0.0603954657018895,-0.0105948352624003,-0.000827945029694859,0.0322922691343744,0.398464303802006,3
B10,NC_035787.1_8839718,0.0565662864436773,0.0245234739420786,0.0428370371391107,0.0724038590362042,0.231448310111752,3
B10,NC_035787.1_9922593,-0.0504097654367196,-0.0581632653061225,0.0218847190545304,0.0173469387755102,-0.802258735128097,2
B10,NC_035787.1_9929496,0.0547722265567256,-0.026393004231066,0.00610339387848003,0.0222167042607322,1.16267388280788,3
B10,NC_035787.1_9944691,0.0164295168830353,0.042773775025917,0.00394457170500497,-0.00168764823937238,3.25546284529859,3
B10,NC_035787.1_9955349,0.0132113059682869,0.0176366472480874,0.0649255043113805,0.0232210260511516,1.61761510257046,3
B10,NC_035787.1_10000773,0.0293574590010321,0.00935379143435624,0.0986857639259117,0.0421275848647917,0.132547923362406,3
B10,NC_035787.1_10000905,-0.0358211249336806,0.0365433112760269,0.0652406983642682,0.0227898152134054,-0.592965704542888,3
B10,NC_035787.1_10029399,0.0333858453410696,-0.00334542001208668,0.014957264957265,0.000216379963215406,0.982078481383887,3
B10,NC_035787.1_10606095,-0.0614691760582736,0.0679621327060289,0.172530256121587,0.0399287639032221,-0.244235027784571,3
B10,NC_035787.1_11401218,-0.00534734613695973,-0.0305778851139358,0.101987757123527,0.0754260188140717,-0.0322547144766063,3
B10,NC_035787.1_11890687,0.0878316509323375,-0.149242424242424,0.00132941048272855,0.0963680387409201,1.65546784859936,3
B10,NC_035787.1_12357260,-0.0346416571330962,0.0119085592769803,0.0666666666666667,-0.00520833333333333,-1.11854939610555,3
B10,NC_035787.1_14247357,0.00516039118964991,-0.0205018048968739,-0.0508328729982963,0.0329271268118918,0.0759787434674978,3
B10,NC_035787.1_14263970,-0.0174837598911281,0.110572409945703,0.0911285123512116,-0.00323600169819332,0.571743300196656,2
B10,NC_035787.1_14421885,0.0176340744566194,0.0386066587470904,0.0687698930387168,-0.0118531267392209,-1.38956690916204,3
B10,NC_035787.1_15187975,-0.0336867618117618,0.0675709706959707,0.133236208236208,-0.0351572039072039,-0.156183487706287,3
B10,NC_035787.1_16259197,0.0653166822284469,-0.0130291005291005,-0.0236111111111111,0.0197351421188631,4.13727078397558,3
B10,NC_035787.1_18340801,0.0780066893423897,0.000201875706063622,0.0112402022956075,0.00606060606060606,-0.174146262999823,3
B10,NC_035787.1_18405662,0.119279564903126,0.00302365762892079,-0.0211691381904148,-0.00867162187916905,7.03139831944934,3
B10,NC_035787.1_19267748,-0.0421050314444796,0.0752083232662588,0.0423418070664093,0.105995041270439,-0.0828476914182203,3
B10,NC_035787.1_19782671,0.0686090369731777,-0.0048495050354566,-0.00828429231019625,0.00632735363649006,1.40803412182099,3
B10,NC_035787.1_19901194,0.0490021890831359,0.000432867364347007,-0.013278744576495,0.0036367861310653,2.11908977385268,3
B10,NC_035787.1_19901357,0.049028120134013,-0.00594905094905095,0.0066264626035314,0.0497946430211892,0.778858538910158,3
B10,NC_035787.1_20481419,0.340738471191105,-0.0890908125690735,-0.141799070612217,0.0720192887281495,1.45116058067071,3
B10,NC_035787.1_20481623,-0.0225831856149623,0.0260036477848353,0.150325574145907,0.0386892775128069,-0.0792401815000536,3
B10,NC_035787.1_22191159,0.0417435812717121,0.0213311963553044,0.0296614077562278,0.0229509053038465,0.450796449491598,3
B10,NC_035787.1_22191171,0.0198846790895864,0.0375687644673007,0.037219456196953,0.0190183878439895,0.305262793355079,3
B10,NC_035787.1_22191192,0.0238630405066814,0.0223828092880595,0.0567557598997781,-0.0356986601039103,0.318852687423302,3
B10,NC_035787.1_22191223,-0.067991133053218,0.0216205615969963,0.00559321235986341,0.0218094033931929,-0.612107150506045,3
B10,NC_035787.1_22191623,-0.00707708429206284,0.0143978243978244,0.0429483211222038,0.00893550893550894,-0.0801580279840874,3
B10,NC_035787.1_22191764,0.0452468598433031,0.00658914728682171,0.0292355842971438,0.0131191696229142,0.740012289717907,3
B10,NC_035787.1_22192058,0.00220031716717142,-0.00304115078111428,0.0384625477558323,0.0112495398407669,0.158361280304291,3
B10,NC_035787.1_22234992,-0.0201481759862165,0.0117049606665316,0.0765721733758686,-0.0187276993105818,-1.24005961615366,3
B10,NC_035787.1_24922158,0.0382196483036035,-0.0116781135531136,-0.0152991452991453,0.0264102564102564,2.76698211480548,3
B10,NC_035787.1_25026187,0.0143280844377893,-0.0755889577333224,-0.0372207227470385,0.0928087238432066,0.124417866907626,3
B10,NC_035787.1_28205674,0.0144965934649832,-0.0410031319316545,-0.0473506559262373,-0.0114617816823699,0.0815722555695971,3
B10,NC_035787.1_28410679,0.0320387388875388,0.00350250440512423,0.064410501065785,0.0387324972454618,0.30572660570081,3
B10,NC_035787.1_28411252,-0.0985775674078999,0.0491687866605442,0.0370272124989112,-0.0102559589846709,-1.92252807275366,3
B10,NC_035787.1_28700408,0.111091070443528,-0.00498738288689585,-0.00698552834857744,0.0167316736761181,1.71396418959992,3
B10,NC_035787.1_28912063,-0.0231120098114571,0.0305815063982033,0.079138912115223,-0.000814401799623474,-1.68990940017977,3
B10,NC_035787.1_28916009,0.00552409927318949,0.00543973566147585,0.0580571988333284,0.00640238139407001,-0.140528855881934,3
B10,NC_035787.1_32664294,0.070281098393103,-0.086396220267188,-0.0679939523344092,0.0323176823176823,1.09720167557346,3
B10,NC_035787.1_33641473,0.0712627037597881,-0.064964484043025,-0.0713714808449609,0.124895851517353,0.298664699471725,3
B10,NC_035787.1_34095653,0.0880816458620281,0.00690521029504081,-0.000970017636684303,0.0271604938271605,1.1844914633609,2
B10,NC_035787.1_34516526,0.00882914234418395,-0.0269125410831334,-0.0129740879852145,0.0503749326943453,0.0933656562716325,3
B10,NC_035787.1_35488282,-0.0296833862614226,0.0015032583423388,0.0845109211775879,0.019021573581322,0.443874069602735,3
B10,NC_035787.1_35676997,0.0026746574505678,0.136601269444407,0.0766189951764182,-0.0116031027795734,0.165314051058642,3
B10,NC_035787.1_36181065,0.0162062306393288,0.0100218364991402,0.0333959576195601,0.0162109610349776,0.0680666349971183,3
B10,NC_035787.1_36181066,0.00963661938157365,0.0148765891274713,0.0391594878006138,0.00616862086080672,-0.195413632960128,3
B10,NC_035787.1_36181128,0.0183442884368054,0.00180821866644707,0.0269734812744482,0.00335593536285578,-0.145345902711006,3
B10,NC_035787.1_36181201,0.101970276027721,0.0356439285658886,0.023714020182891,0.0398069363586605,0.407855262240937,3
B10,NC_035787.1_37329124,0.26582879368891,-0.000482522148554913,-0.00466432092321711,-0.0388620896029033,1.0935187968678,3
B10,NC_035787.1_37329159,0.209032847686961,-0.0590886358575038,0.0103657916157916,0.0146011396011396,0.930270720568667,3
B10,NC_035787.1_37822071,0.056066392714363,0.0151318860877684,-0.0145137588403006,0.0519383656555852,0.576499190131175,3
B10,NC_035787.1_37822162,0.0424912266824031,0.0601810601810602,0.0629817317317317,0.0182682682682683,-1.16985943784533,3
B10,NC_035787.1_39430869,0.135782373625558,-0.0275620200421071,0.00788250259453375,-0.0345271108310528,4.85570031138094,3
B10,NC_035787.1_39969345,0.0803301356840377,-0.0291187739463602,0.00300319764929565,-0.00367887463935577,3.24628558035934,3
B10,NC_035787.1_40967775,0.13545718551034,-0.0825202217639193,-0.0869113332978879,0.0163279794554875,2.73480555098902,3
B10,NC_035787.1_41046958,0.0241327077472896,0.00291233436449382,0.0190758213870369,0.00288711101275597,0.530092160122615,3
B10,NC_035787.1_42720687,0.0772890852989246,-0.0140766640766641,0.0284584349239522,0.00293225293225293,0.926708404291568,3
B10,NC_035787.1_42756239,0.01922333850287,0.00666016894087069,0.0662077120410454,0.0100964164754725,0.119712968781277,3
B10,NC_035787.1_43893514,-0.012546029494516,0.0217415382006152,0.0578600629693284,0.0267838526201882,-2.30949771716933,3
B10,NC_035787.1_45253651,0.0556471619686934,-0.00107950714528328,-0.00554246611467706,0.021695263678386,1.17062590402509,3
B10,NC_035787.1_45439801,-0.0147571954063887,0.0738404452690167,0.0609738475053938,-0.0386460100745815,-1.66582415772045,3
B10,NC_035787.1_46095759,0.0477165882108309,0.0111200148520528,0.0157467705775595,0.00827283726557774,0.765497898071576,3
B10,NC_035787.1_46096349,0.0121978763577322,0.00257802483034682,0.116317408962608,-0.0345853109407326,-0.00802230678433184,3
B10,NC_035787.1_46122753,0.07006882062303,0.00366446419077998,0.0559602779752034,0.0145502645502646,-0.0840643975532086,3
B10,NC_035787.1_46984560,-0.087010995721674,0.102550016469895,0.11924260549007,-0.00289894914641364,-0.526364436174684,3
B10,NC_035787.1_47014917,0.119155213887999,0.0388166154381407,0.00333244570964319,0.0367462609662504,0.948895168548303,3
B10,NC_035787.1_48085515,0.214634294191322,-0.115067258323072,-0.164185257056101,0.0996250126684909,0.984714651614054,3
B10,NC_035787.1_48307626,-0.0341409238609644,0.0809406880494202,0.114061004641753,0.0465033320576434,-0.0109078972075112,3
B10,NC_035787.1_48307692,0.0519463939943848,0.0443441845068517,0.0772811454826575,0.0161393049766279,0.433567054000254,3
B10,NC_035787.1_50099374,-0.0438473381208884,0.0583554307298811,0.0739522139156577,-0.00177206943087163,-0.196968979266718,3
B10,NC_035787.1_51049876,0.0395795256919554,-0.0268530900652772,0.0203119214242685,0.0316301118616892,1.14577737794803,3
B10,NC_035787.1_51050663,0.00848446031389367,0.0288861864101943,0.017236137254777,-0.0126016260162602,-1.58576254477406,3
B10,NC_035787.1_51481967,0.0193313998075549,0.0762873763161566,0.0809326641927657,0.0280841241718487,0.00936876369367975,3
B10,NC_035787.1_51482234,0.0561240377955275,0.00571075179012479,0.0453201454005494,0.0353436699785827,0.242504093251063,3
B10,NC_035787.1_52126843,-0.0226966858031062,0.023481985200862,0.049912987186078,0.0164534918633279,-1.60439621795719,3
B10,NC_035787.1_52765537,0.0685951037317979,-0.0335829493087558,0.0333487857120916,-0.0024798992540928,2.32803974912249,3
B10,NC_035787.1_52765616,0.0429362262830714,0.00641154941270704,0.0738436466753739,-0.00948451652677005,-0.434120789735627,3
B10,NC_035787.1_54211729,0.0323314793459785,0.0727570828854409,0.0301134218869734,0.0662937423773337,-0.0284656456171653,3
B10,NC_035787.1_54211763,0.00285510165048253,0.00916288054980542,0.0574811155604522,0.00302864440795475,0.175922832670907,3
B10,NC_035787.1_54230605,0.0621661592812187,-0.01696144332102,0.0331384404054363,0.0190010066298726,0.401353130577742,3
B10,NC_035787.1_54243623,0.0715950390705336,0.00369402419869437,0.0266218402493743,0.0271328509351041,0.338428037061598,3
B10,NC_035787.1_54614063,0.0616862775593691,0.0303636517667751,0.0678576116405293,0.0644621668936005,0.282286428109087,3
B10,NC_035787.1_55250870,0.0793173584470925,-0.0483069310586758,-0.0550709227350536,0.03229837944659,0.98257319772257,3
B10,NC_035787.1_55267555,-0.00870505832428458,0.0489570676749562,0.084061160219333,-0.0288681551839753,1.15432186157803,3
B10,NC_035787.1_55268196,0.0441391076041303,0.00491544188727287,0.0245742051686247,-0.0511129816685372,0.75166271420037,3
B10,NC_035787.1_56521126,0.0944017365320892,-0.0258649830663906,-0.00837036055187764,0.0411557954080987,1.39121138662117,3
B10,NC_035787.1_56563170,0.0546461081277157,0.0532600294533098,0.121928031029959,0.0151682742691115,0.116554202971929,3
B10,NC_035787.1_56563174,0.0460101474954843,-0.00915517819370648,0.0564844619140187,0.017702186740715,1.50590622095189,3
B10,NC_035787.1_56569899,0.126049088457003,-0.0673797046677469,0.0369674829765153,0.0852076480339678,0.79245968354756,3
B10,NC_035787.1_57619676,0.0517077613202363,0.0657939328385612,0.102969655805153,0.00322438113135789,0.194144993284894,3
B10,NC_035787.1_57636089,-0.0336677612532664,0.0434060152366449,0.0783103651623071,0.0121157738904499,-0.320891898493493,3
B10,NC_035787.1_57636115,-0.0935315810111717,0.0826979495124634,0.113464783171645,-0.0383130958958025,-0.868995700793503,3
B10,NC_035787.1_58055638,0.00655260969206208,0.0348045611105313,0.0658887083182858,0.00256849315068493,-2.15779847732558,3
B10,NC_035787.1_59144810,-0.00427544359094252,-0.0196985412907464,-0.0288463472288226,0.0240263543692474,-0.175427484843746,3
B10,NC_035787.1_59150603,-0.042507125944678,0.0941145478868357,0.0639879980369951,-0.0593665378042372,0.812975597594648,3
B10,NC_035787.1_60213897,-0.0114459076693604,0.00998476601101214,0.0359822271797062,0.0688645706216371,-0.0708006099363754,3
B10,NC_035787.1_60213898,-0.00342212899570262,0.0484415106357739,0.0562428132394752,-0.00445935704271403,-0.014306778848281,3
B10,NC_035787.1_60548118,0.00768556912103884,0.0168526194645598,0.0347248509013215,0.0115373309817754,-0.316669226079335,3
B10,NC_035787.1_60548849,0.10692227617001,-0.1602111923326,-0.0760698788991628,0.212017591317463,0.578468332411147,3
B10,NC_035787.1_61597495,0.0448835446283574,-0.0040177800521419,0.0157188067348635,0.0359981299672744,-0.104009968859364,3
B10,NC_035787.1_61830084,-0.0401332869792191,-0.0424346137991679,-0.0152991560465556,0.0250112345130834,-0.293493556088311,3
B10,NC_035787.1_62935357,0.0519336955887484,0.0233742425674761,-0.040393523100677,0.0758570642110005,1.69087673549225,3
B10,NC_035787.1_63139123,-0.0884482086140573,0.100017926672653,0.128293776728394,-0.0379022730169228,-0.594277934807418,3
B10,NC_035787.1_63761259,0.044304000550808,0.0101670297748729,0.024604101046421,-0.012037037037037,-0.288861086784413,3
B10,NC_035787.1_64195530,0.0918813185208016,0.0106286085432455,0.0871286743991763,-0.0499571069829832,0.43995153915777,3
B10,NC_035787.1_64196345,-0.0349689294010028,-0.0122920128965827,0.127992161404069,0.0222068219698489,-0.14409155241606,3
B10,NC_035787.1_64196374,-0.0435956733646544,-0.0281094793272633,0.110599710813926,0.0588701437711339,-0.178104365202201,3
B10,NC_035787.1_64196407,0.0136350447991798,0.0519962391529366,0.0552524139021953,-0.00406785305321771,-0.518974703062681,3
B10,NC_035787.1_64196513,0.0577996092223131,0.0576555004236315,0.0125246570394113,0.0451730377400879,0.230176464103065,3
B10,NC_035787.1_64363708,0.0971556141121359,-0.00519140682184161,0.0115502854633289,0.0152111444277861,1.38823680469773,3
B10,NC_035787.1_64363721,0.0901323377262711,-0.00580925572375641,0.017469551240036,0.00420018434724317,1.22417361684392,3
B10,NC_035787.1_64894638,0.0473603654162221,0.0411183619977004,0.105399556856299,-0.0867022491475593,0.270594505294161,3
B10,NC_035787.1_67522500,0.0837669766879867,0.0424569069275378,0.0226442679024606,0.0579611434754466,0.327252336248546,3
B10,NC_035787.1_67522506,0.0787708324609068,0.0520352894181678,0.0336230281586319,0.00821839080459769,0.156041716464142,3
B10,NC_035787.1_67807658,0.0176280389816129,0.00359653065844966,0.0757150344414495,-0.000715034441449538,-0.537015212417432,3
B10,NC_035787.1_70567754,-0.000868981999271545,0.0326378745090402,-0.00261051312686685,0.00678811928811929,-0.400567688862221,3
B10,NC_035787.1_72489835,0.184414008318876,-0.0246178961418116,-0.0609876262718045,0.00340647415283722,1.45184023690035,3
B10,NC_035787.1_72491641,0.0315091577942233,0.0114228481233011,0.0545228921466078,0.0121161208862822,-0.907266182985303,3
B10,NC_035787.1_72558830,-0.0419700072707618,0.0491587161986011,0.0866754708264142,0.0266658768006477,-0.190108047761568,3
B10,NC_035787.1_72558932,-0.0397330804261656,-0.00172523811716506,0.0103775169366068,-0.0180685023095992,-0.459554486686232,3
B10,NC_035787.1_72560357,0.0401961308366796,0.00166123372512816,0.0160443165529582,-0.000234868351183328,0.468797023272338,3
B10,NC_035787.1_72575913,-0.0540741731695723,0.038235565377326,0.03242247478461,-0.0195473251028807,-3.13035704390656,3
B10,NC_035787.1_74018162,-0.046214502060987,0.111498257839721,0.136274509803922,-0.028735632183908,-3.95043414961796,3
B10,NC_035787.1_74828421,0.0114828945282875,0.00397800397800398,0.0776942606210899,-0.00381150381150381,0.070364030455864,3
B10,NC_035787.1_74828474,-0.0572084218599584,0.0713824308833283,0.0965364756813676,0.0828945214002685,-0.209920465767394,3
B10,NC_035787.1_75073430,-0.0251200489456781,-0.0316484864131753,-0.0336405847360782,0.0637774192696824,-0.25334179026965,3
B10,NC_035787.1_75073433,0.025056000994019,0.009616037288393,0.0476740786113597,0.00322404757155941,1.08341243454984,3
B10,NC_035787.1_75073501,0.0489102254918248,-0.0167275222402894,0.0384903952653662,0.00758463732597359,1.7886965452099,3
B10,NC_035787.1_75074263,-0.0234373129994553,0.152160534129961,0.1850154136527,-0.10139116202946,-0.157738838169017,3
B10,NC_035788.1_590413,0.0168401877761919,-0.0152180657164046,-0.0637636239353918,0.064152835581407,0.127840428978592,3
B10,NC_035788.1_748597,0.090785893940719,-0.069038208168643,-0.0770084192936791,0.0339971622580318,3.49389443053691,3
B10,NC_035788.1_1888013,0.0910675314083755,0.0325939173024918,0.0443135193159769,0.0626050305490247,0.438814384338014,3
B10,NC_035788.1_1888430,0.0441631611259467,0.0123417789586739,0.0260066743578974,0.026935167002007,0.361779469945815,3
B10,NC_035788.1_2002055,0.144496985608024,-0.0432009148658309,-0.0189640444377559,0.058296281211463,0.628417795800649,3
B10,NC_035788.1_2002059,0.118163349331298,-0.0336642473381656,-0.0022975822076353,0.0509636020960661,0.510590859401621,3
B10,NC_035788.1_2003144,0.0384648637885447,0.028701635665572,0.0752337066885613,-0.011467968264581,0.124372783669945,3
B10,NC_035788.1_2003150,0.0288980568160852,0.0291570881226054,0.0865224728223899,-0.00780701754385964,0.0690005886954815,3
B10,NC_035788.1_2961894,-0.0179359578024362,0.0254650028314812,0.0274076734901229,0.0184046663439561,0.574352774772022,3
B10,NC_035788.1_3532959,0.00770629282255338,0.00865409701249974,0.0373948778145833,0.0512691982182764,0.0280469288409998,3
B10,NC_035788.1_3970028,0.139362893103854,-0.0529029794644345,-0.00295106278134107,0.0235475688032586,0.598731429150857,3
B10,NC_035788.1_4834595,0.0748131832452669,0.000661375661375661,0.000201288244766506,-0.016098600245343,3.90099352765571,3
B10,NC_035788.1_7098911,-0.0409836158856632,0.00386420237691303,0.0705231953730627,0.0171518871141186,-0.820652259000319,3
B10,NC_035788.1_7098929,0.0276039016582101,0.0573218492806168,0.0184610507248023,0.00217613831608431,0.392019287479463,3
B10,NC_035788.1_7099542,0.000176037295118281,0.0674145864937112,0.0291533787578828,0.00557466672385341,0.0694165512878794,3
B10,NC_035788.1_11853057,-0.0199207655816318,0.0325557787425214,0.107917182382312,0.00165590329524756,-1.36891005046304,3
B10,NC_035788.1_12087462,0.0230889323020335,0.00641776110626177,0.017345155718476,-0.000863885402084727,0.196068272547425,3
B10,NC_035788.1_12147829,0.0183888679724663,0.0145740737085596,0.0194047363802696,0.00918744294629514,2.44894891473988,3
B10,NC_035788.1_12147830,0.0676667881314544,-0.00524752619133349,0.0506351626175395,0.0739784888217768,0.524901133401353,3
B10,NC_035788.1_15527907,0.197884844244226,-0.088957008957009,0.0110411484748706,0.133251933251933,0.88232577851745,3
B10,NC_035788.1_15686347,0.129307687023871,-0.0822780230038295,0.105768362771238,-0.0303926221035245,0.673286365192679,3
B10,NC_035788.1_15813895,0.0607802226426488,0.00392231197944026,0.00589441854942705,0.00606859415220489,1.10289736180694,3
B10,NC_035788.1_15855575,-0.0857077311706014,0.0218934767667244,-0.000309412013142286,0.00481487699733068,-1.00046164691777,3
B10,NC_035788.1_17567028,0.0663731239335472,0.000842268705105846,-0.00335601346893136,0.00629872380375796,2.10054180255937,3
B10,NC_035788.1_18784244,-0.0059817167700963,0.0516217684150772,0.0613518892539268,-0.00941577714282911,-0.239258060971414,3
B10,NC_035788.1_18784479,0.0499012086705827,0.047872172191084,0.0780852049969192,0.00818873668188737,0.150084255561581,3
B10,NC_035788.1_18830593,0.025725659876356,0.00538172400606305,0.033946205322664,0.0139815842398256,0.220469963201742,3
B10,NC_035788.1_18830594,0.0345818772369888,0.00352726060317377,0.0139070796705271,0.0219205040318486,0.262577548614969,3
B10,NC_035788.1_18925578,0.0609486885585966,0.00426142211039235,0.09888818356932,-0.00264180264180262,0.152001973526785,3
B10,NC_035788.1_19041106,0.0935169542853864,0.055762864304057,0.0305025666999045,-0.0718630077108484,0.377286076352933,3
B10,NC_035788.1_19041220,0.0309645333180852,0.0310412559352069,0.083255158429329,0.0454455091703391,0.176945798446984,3
B10,NC_035788.1_19041701,0.0330949695728609,0.0254840647464585,0.0381494588387981,0.0643784276230336,0.260047893199434,3
B10,NC_035788.1_21654278,-0.0857584825224767,0.0565525290576001,0.0872023220062436,0.0376779166951333,-0.938302224935881,3
B10,NC_035788.1_26615364,0.0407274450512577,-0.0351449275362319,0.268700439076798,-0.0818684797684376,0.155146192581302,3
B10,NC_035788.1_26616199,0.156148310550073,0.052344784971324,-0.0259028259028259,-0.0200827823469333,0.714660266878316,3
B10,NC_035788.1_28900353,0.145469997526079,0.0119099128636913,0.143609451606517,-0.0033190091884149,0.633310276184998,3
B10,NC_035788.1_28933569,0.0848076935355284,-0.000430271658106505,0.00631604059023415,0.039946461275716,0.552033862618279,3
B10,NC_035788.1_30305388,0.0723213503713177,0.0383252866079594,0.0601740875517195,0.0363848124854414,-0.799564996793831,3
B10,NC_035788.1_30305590,0.0273892641767371,-0.00695857179078372,0.00254320166711413,0.0338158641037163,1.09062074624841,3
B10,NC_035788.1_30305602,0.0438492780068824,0.0140726983224852,0.0391197058719537,0.0306532263672596,0.176359769874632,3
B10,NC_035788.1_31253210,0.0655854845598026,0.00897869332918352,0.0447257059389412,0.0413956464228203,0.464400185997486,3
B10,NC_035788.1_31477309,-0.0727129538001899,0.00983568402923241,0.178192167089391,0.0239119303635433,-0.364199793807363,3
B10,NC_035788.1_31477330,-0.0661094241133497,0.0214397045599092,0.165399945399945,0.0242424242424242,-0.319362475909013,3
B10,NC_035788.1_35154111,-0.0264775299473394,0.0587791554008501,0.0885762762832662,0.0491032416354292,-0.0875736172845669,3
B10,NC_035788.1_35386257,-0.0165581588148779,-0.00898892252275711,0.00152535143355216,0.00805931656995487,-1.26007844794602,3
B10,NC_035788.1_36642552,0.0201567110262982,-0.0213883474117392,-0.0153801169590643,0.00558213716108453,2.32678619164895,3
B10,NC_035788.1_36884723,0.00635445444600833,0.0186952799155825,0.031120706055568,-0.0011040389753261,-0.950528238486547,3
B10,NC_035788.1_36884749,0.179476388644122,-0.0258788454579224,-0.0221130105351858,0.0755849463522249,0.933047343104441,3
B10,NC_035788.1_36960406,0.162657291713423,-0.0282883881664369,0.035674000795952,0.0590576639357127,0.654699467717286,3
B10,NC_035788.1_36960417,0.0320506945703332,-0.000562303193882142,0.0503492154611558,-0.00128205128205128,-1.48947372157047,3
B10,NC_035788.1_36960749,0.060468906738599,-0.0236629521439648,0.0995518489214576,0.0092877492877493,0.274648270411847,3
B10,NC_035788.1_36960786,0.00764381878535605,-0.00546027494536979,0.0974178396818188,0.0231395248105442,0.0371164841166991,3
B10,NC_035788.1_40497598,0.0389138627481249,-0.0213964736122215,0.0199206071813931,0.0360782849630619,0.951548993889988,3
B10,NC_035788.1_40539104,0.0190018836635378,0.0340466550992867,0.0434698634698635,-0.0366666666666667,-2.59417318050514,3
B10,NC_035788.1_40539445,0.0945645919468438,-0.0117166058342529,0.00248998746067677,0.0360566448801743,2.14263377877541,3
B10,NC_035788.1_41317693,0.0153255437764412,0.00487546924212313,0.00401280533598096,0.00383141762452107,0.575600890570528,3
B10,NC_035788.1_43536069,0.0423241356028071,-0.0238658432236025,0.0285426367476862,0.0218969002864438,0.368695724682986,3
B10,NC_035788.1_46325364,0.0732150501209043,-0.002150147842551,0.0277797989202597,-0.0209812613149181,0.590821622368983,3
B10,NC_035788.1_46379793,-0.0591888279835345,0.0708228699761337,0.0446416582252887,-0.0740315528767621,-0.483164244153593,3
B10,NC_035788.1_46381431,-0.0353922020777602,0.0582416078721497,0.0780554898071418,0.063698011648115,-0.364250891674959,3
B10,NC_035788.1_46381597,0.0744273162661334,0.0157154673283706,0.0186480186480187,0.00886356441911998,1.1461123095372,3
B10,NC_035788.1_46437664,0.00115608099233966,0.0302076761946042,-0.00134411346292154,0.0411572965155692,-0.0021388517062649,3
B10,NC_035788.1_47922343,0.0232380425551811,-0.0284301945524001,-0.014922199751468,0.019132991904319,0.752473531830494,3
B10,NC_035788.1_47932213,0.0366739725577257,0.00190131596159817,-0.00405247955535312,-0.00676593895626837,2.22056203437915,3
B10,NC_035788.1_47934877,0.00623994617110204,0.0134612647075259,0.0056717839193627,0.00508252202625604,0.349393792247733,3
B10,NC_035788.1_47946178,-0.0276310041395971,0.036203883436416,0.00660659215434666,-0.00404305253397698,-0.847048995744084,3
B10,NC_035788.1_48360648,0.000694208926043262,-0.0346848803440865,0.0149313517837568,0.0308761644723501,-0.110263327239863,3
B10,NC_035788.1_51358365,0.440807739016159,0.064968706247776,-0.12905934165525,-0.049345119767655,1.86861353093557,3
B10,NC_035788.1_51358423,0.0857743068102945,0.0251266076737775,0.162958795651024,-0.00139709245669511,0.450160421717105,3
B10,NC_035788.1_51358554,0.16599957365854,-0.039498832587595,0.0977996343371977,0.00963404716725397,0.740440089732529,3
B10,NC_035788.1_51978213,0.0288051692321951,0.00397671969367281,0.0234594499295915,0.0213649900008695,0.400629338259972,3
B10,NC_035788.1_52032457,0.0970925096096797,-0.0584020555181144,0.0755721874016871,0.067018107340688,0.722615516204237,3
B10,NC_035788.1_52170267,-0.00508442478439346,0.0647821698927172,0.0273515761418987,0.00143428321326756,-0.321480740350374,3
B10,NC_035788.1_53147481,0.0281324042769483,0.0803607308336542,0.129259839219456,-0.0215544558437272,1.7059095067596,3
B10,NC_035788.1_53311540,0.00568798439139424,-0.0469366015546456,-0.00232176780494163,0.0495159811660827,0.676859431856463,3
B10,NC_035788.1_54209813,0.0295518373833109,-0.0122616799842922,0.0252252453263855,0.0154027903469612,0.275999888990999,3
B10,NC_035788.1_54209832,0.0102239417657306,0.0157169837676242,0.0106710216356632,0.00209554598793809,0.161248955503292,3
B10,NC_035788.1_56152259,0.0168504618869467,-0.00928199991341156,0.0655770139380701,0.0686185685172216,0.104347975462548,3
B10,NC_035788.1_56428146,0.0907375426022486,-0.0546408647592584,0.0413811923778468,0.0631366078936411,0.663362738441868,3
B10,NC_035788.1_56545153,-0.00493866489863741,0.0508686591293261,0.0548784201064927,-0.0196734257127413,0.0253106250893888,3
B10,NC_035788.1_56583977,0.00382399361390269,0.0125947164806815,0.0497104755413834,0.000202334822561732,-1.05843650053178,3
B10,NC_035788.1_56585377,0.0619801942989381,-0.0220381601977341,0.0287838285563646,0.0180139180004572,1.1129023320778,3
B10,NC_035788.1_56586292,0.0398604304613432,0.00391987802291184,0.0472930425092503,-0.00775431398295885,0.361282608986483,3
B10,NC_035788.1_57268445,0.197246648276159,-0.0202770808453759,-0.119379379840596,0.0732097752993275,1.15006654247103,3
B10,NC_035788.1_57313579,0.00444803392012437,0.00661599099099099,0.0584716047510966,0.00417809113461287,-0.172701585324391,3
B10,NC_035788.1_57324025,0.018695437150912,0.0779241284528793,0.111593274187996,0.031371668164121,0.221696420798093,3
B10,NC_035788.1_59020877,0.031345472096951,-0.0104307491078356,-0.0320820837357491,0.0537498345727836,0.46823705344933,3
B10,NC_035788.1_60343824,-0.0221855422186463,0.0423191795046612,0.0638334427836019,0.0453560127473171,-0.368909417018759,3
B10,NC_035788.1_60437307,0.000616798455917365,0.0167705078551337,0.0386973180076628,-0.00258620689655172,-0.705516027768551,3
B10,NC_035788.1_60476810,0.0945869811028338,-0.0548479030786372,0.143479196026239,-0.0345313129221175,0.482270933844911,3
B10,NC_035788.1_60476941,0.0710851175333886,-0.0140570859320859,0.0172939004792501,0.00927948396302827,2.20021131063593,3
B10,NC_035788.1_60692061,0.0417372365506065,0.00865800865800866,0.0249644043663977,-0.00647249190938511,0.652862650766954,3
B10,NC_035788.1_61441905,0.0253135383156211,-0.048729600866668,-0.0947701953714905,0.0930156390731188,0.103295448675249,3
B10,NC_035788.1_63487535,0.0664335801299053,0.0187329583614413,0.0646161407030972,0.0712172466270827,0.328427867787035,3
B10,NC_035788.1_64850625,0.0617837201602776,0.0161704257448938,-8.30762678528663e-05,0.0589037773780898,0.419700664148415,3
B10,NC_035788.1_65884133,0.00433356633463782,0.136186847270591,0.0387955656600404,-0.0636773627075351,0.26575794947853,3
B10,NC_035788.1_65884164,-0.0050837244828197,0.131721901120996,0.063960113960114,-0.0622171945701357,0.0862609076294772,3
B10,NC_035788.1_67181883,0.0384261080378477,0.0199436576701853,0.0121182171426428,0.0155870155870156,-0.173071273725317,3
B10,NC_035788.1_68038738,0.0579359084997773,-0.02634223674259,0.0712483814513834,0.0151031837360951,-0.16739649347936,3
B10,NC_035788.1_68105839,0.0646421644730849,-0.0527091093606084,0.0881783975728336,0.00273808038829806,0.336462197208343,3
B10,NC_035788.1_68131625,0.0773559130854081,0.0113961868272213,-0.00103103814480654,0.00294663127930567,0.588611955590805,3
B10,NC_035788.1_68131632,0.00101017130502261,0.0108489614841702,0.0135610170114457,0.000824827301783689,-1.3125558769918,3
B10,NC_035788.1_68247653,0.0689554559094485,0.0591955343331797,0.0417426675414563,0.00303373686369881,0.28532440360282,3
B10,NC_035788.1_68248352,0.0980838183692437,-0.01290684821473,0.019252810520559,0.0249323374227589,2.10634759254692,3
B10,NC_035788.1_70924603,0.0125142953046383,0.00979205767507691,0.116492944220183,-0.0399672092945837,0.198104459736721,3
B10,NC_035788.1_71602348,0.0564593686798654,-0.00929820880521275,0.01113488644326,0.0365110306630774,-0.108495246207071,3
B10,NC_035788.1_71699793,0.0520480597620807,0.0639249639249639,0.0608407489600614,-0.0269119769119769,0.180702964529496,3
B10,NC_035788.1_71699859,0.047321427690907,0.0151120328187292,0.0246827833533351,0.00532984745783869,0.248199455532344,3
B10,NC_035788.1_71699906,0.0347444634332773,0.0114004591822335,0.019583890979772,0.0186075472116662,0.312841552210162,3
B10,NC_035788.1_71699932,0.0443084379151144,0.0064649536883953,0.0112823803074798,-9.8770851624231e-05,0.527886629078108,3
B10,NC_035788.1_74079696,0.0613293752328399,0.0108970572576703,0.0457367410331543,0.0557167631442269,0.281047531721307,3
B10,NC_035788.1_74079753,0.0710889477065388,0.0116531503472817,0.0281254882031764,0.0489029773292819,0.185205853781976,3
B10,NC_035788.1_75862114,-0.0133620950153037,0.0250492637589412,0.0368962424894628,0.00529100529100529,-2.15776285612943,3
B10,NC_035788.1_75868624,0.00855009796498043,0.0470462461245871,0.118057519000915,0.0474220747805654,0.0498501505081399,3
B10,NC_035788.1_75916689,0.0494960363304856,0.0323181159902027,0.038348248409224,0.0039747064137308,0.219940181017312,3
B10,NC_035788.1_76680482,0.0238908537821543,-0.0191368030465775,0.060769980962846,0.0173621801539422,2.07651945457351,3
B10,NC_035788.1_77354153,0.107205658522211,0.00068712619984154,-0.00376140885154671,0.0104669887278583,1.55312986601501,3
B10,NC_035788.1_77354162,0.0994301740891713,-0.00462081128747796,-0.00282945736434109,-0.00781609195402299,1.69051927124789,3
B10,NC_035788.1_78299174,0.0779630829399464,0.00997189611990371,-0.12261846196065,0.0522273425499232,3.16714717041005,3
B10,NC_035788.1_78312431,0.0867786002580518,-0.0172126320935085,-0.0200775453787041,0.0508874234905447,2.38075834600208,3
B10,NC_035788.1_78350212,0.0714915200647853,0.013041967965775,0.0226932799104934,0.0227688338287417,-0.407257908328212,3
B10,NC_035788.1_78459722,0.105762976701791,-0.0128424506745699,-0.00865030122392478,0.0284335064782455,1.56229462721766,3
B10,NC_035788.1_78818883,0.0670542674688406,-0.0533530195124776,-0.0786706349206349,0.103530633437176,1.76905828734701,3
B10,NC_035788.1_79256133,0.0439227422547399,-0.0523573200992556,-0.0601551657452279,0.0453996983408748,0.56537124653591,3
B10,NC_035788.1_79804652,-0.00369728625126159,0.0117687624601056,0.0222537435767933,-0.000646045393913117,-0.706499853130015,3
B10,NC_035788.1_79883268,0.0594114245328875,-0.00146793708536449,-0.00290275205560242,-0.00835300333842913,2.93907603518766,3
B10,NC_035788.1_79884902,0.0118803991551083,0.00407548098017673,0.062295321322314,0.0187995974881221,0.121998937104164,3
B10,NC_035788.1_80116339,-0.00788731037691189,0.0112127552983389,0.00982455591592764,-0.022210747074862,-0.0706142628411547,3
B10,NC_035788.1_80117358,-0.0219439190992406,0.000953726031125414,-0.0273274041216625,0.031428476494266,-0.137556611728735,3
B10,NC_035788.1_81095602,0.18382980066391,0.0259494084158846,0.0214423265011769,-0.057224364170007,0.745389208150364,3
B10,NC_035788.1_81095716,-0.0016982034583891,0.025305231465373,0.0216698861228755,-0.000970324661979545,-0.178304588015846,3
B10,NC_035788.1_81448187,0.0370472289363463,0.00129723136578143,0.0291676937650092,-0.0066447779862414,-0.0659286825881789,3
B10,NC_035788.1_81799739,0.0813168820955962,0.000893402889773132,-0.0295157333961973,0.0383933505108536,1.00242762428553,3
B10,NC_035788.1_81956690,-0.0172778628021595,0.00622951927299754,0.0605543930352115,0.0165795889933821,-0.97508132237258,3
B10,NC_035788.1_82160876,0.0784214318742827,0.00120386056997183,0.0227580171548623,0.0357233180155812,0.312861056741119,3
B10,NC_035788.1_82443959,-0.0079598991116288,0.00555580351331347,-0.00965301224168194,0.00265686054904303,-1.09590850876069,3
B10,NC_035788.1_84284988,-0.128424630839346,0.119514247393764,0.125024583188653,-0.0182925387017209,-0.790880507057254,3
B10,NC_035788.1_84762081,0.00659836472038354,0.0150006993321123,0.0742482222304384,-0.00321147150448964,-0.987313614209791,3
B10,NC_035788.1_84769418,0.126623161688082,0.0242440222882789,0.0314590730083688,0.0504625141763763,0.641825690857353,3
B10,NC_035788.1_85712527,0.00275891159938743,-0.00523517205377801,0.017127899337666,0.0103469448507507,0.190152786577175,3
B10,NC_035788.1_85726285,0.0388117133480271,0.0072750486836685,0.0514539399021223,0.00714810637134263,-0.393124391649422,3
B10,NC_035788.1_87595114,0.0317473302359383,0.00418214098880774,0.00115495457128869,0.0314260870404277,0.608584908613734,3
B10,NC_035788.1_87830169,-0.0187618745502854,0.010985324876696,0.0769939660259149,0.0345067431304421,-0.139357577859017,3
B10,NC_035788.1_87931859,0.0709706734426852,-0.0169257115844241,-0.00763889628737865,0.0298875156914097,1.74182474153071,3
B10,NC_035788.1_89818998,-0.153285488114086,0.0431617713548217,0.180157468790414,0.109265375286911,-0.768300416403959,3
B10,NC_035788.1_89922247,-0.00445510754672689,0.00876908241718936,0.00240669615204655,0.0164167870292448,-0.0296978816922183,3
B10,NC_035788.1_90298883,0.258197920055897,-0.107917348608838,-0.103804810557684,0.186914260385005,1.15045257950473,3
B10,NC_035788.1_90340179,0.0141755921224108,-0.00313937311217939,-0.00484341474440484,0.0157241436702716,0.0768270781579881,3
B10,NC_035788.1_90548435,0.130604869013737,-0.0366164041620898,-0.0337353609384652,0.0794747480008623,0.722317145227152,3
B10,NC_035788.1_90767745,0.213528379589277,0.051192922171183,-0.0484149995282883,-0.0181637437472678,0.90568292151434,3
B10,NC_035788.1_91924660,0.0396473364592011,-0.0296653891560756,0.103576788720249,0.0931689293298173,0.180707214861937,3
B10,NC_035788.1_95265450,0.0395914764160871,-0.0142312992290436,0.0810926589042862,0.0549225557476382,0.285836846448825,3
B10,NC_035788.1_99435188,0.00129407380423605,-0.0137664275114762,-0.0155296645831391,0.0134360689418212,0.913799622629839,3
B10,NC_035788.1_101622915,0.203961556280209,0.0506159561737655,-0.0762433651272127,-0.0148385062178166,0.822645561538344,3
B10,NC_035788.1_101622925,0.120530635643461,-0.012414232200043,0.0396765680340131,-0.0172317993606289,0.744145834360293,3
B10,NC_035788.1_101622928,0.0852617674180271,-0.0117390938455428,0.0214071093583075,-0.00693628231769515,0.777420281780978,3
B10,NC_035788.1_101628362,0.62263404127352,-0.109436181634458,-0.15947550808611,-0.0142234046967057,2.61389505052729,3
B10,NC_035788.1_101700270,-0.0192609108990345,0.0296801213182449,0.0446228063875123,0.0389750772103713,1.17486500282114,3
B10,NC_035788.1_101842711,-0.011005190398205,-0.0328214393255044,0.032354537256498,0.0246913580246914,1.99556460475472,3
B10,NC_035789.1_377648,0.0157207897484542,0.0310393998766092,0.0642465248281668,0.0406646423224825,-0.0516652569707046,3
B10,NC_035789.1_521369,0.0499151309064428,0.00707452629083527,-0.0196931504768415,0.0153071855645608,4.60849738530329,3
B10,NC_035789.1_630251,-0.0138994282539264,4.6762480100693e-05,0.0089378777727348,0.00180482369161614,-0.517593939043903,3
B10,NC_035789.1_630374,0.00865016942686821,0.0131168246276387,0.0140349814828627,0.0035247000474071,0.141617764135339,3
B10,NC_035789.1_1615340,-0.00541971341824897,0.00538941949238943,0.00924048486090238,0.00897798208654574,-0.254616117767745,3
B10,NC_035789.1_1689785,0.017277507142585,0.00611991981046109,0.101632741329441,-0.00688238315356959,-0.580427625567938,3
B10,NC_035789.1_1766915,0.05932950149379,-0.0251004308770676,-0.0588324614015241,0.0421311900440757,3.00955029693525,3
B10,NC_035789.1_3447110,-0.0406697141099699,0.0504103630949103,0.013098239277335,0.0154883914394784,-1.80896159418975,3
B10,NC_035789.1_3491718,0.0200328004817004,0.000427512804519137,0.00340162100926136,0.033022181657263,2.16732111746615,3
B10,NC_035789.1_3579039,-0.00932543931513922,0.0216439652565185,0.0639988788470787,0.0439497010925582,-0.0326032295059793,3
B10,NC_035789.1_3579045,-0.00648209117222492,0.0233268936857109,0.0691739527436927,0.00747213779128673,0.0313696708723563,3
B10,NC_035789.1_3612147,-0.0133680161986187,-0.0164281176545327,-0.033182261208577,0.0398559670781893,0.531302689281535,3
B10,NC_035789.1_4360473,0.0296933713914462,-0.0195497486555348,0.061954187497492,0.0454574297356296,1.3091605329313,3
B10,NC_035789.1_4362543,0.110222596068359,-0.0391522066961575,0.0865779725396365,-0.0288751953846294,0.494670721043985,3
B10,NC_035789.1_4362657,-0.105801005028239,0.128674086546482,0.108217235687435,-0.039795366355036,-0.541588621445293,3
B10,NC_035789.1_4362705,-0.0878794557383276,0.128680812586462,0.0932836822397118,-0.00860341071294418,-0.41472152167448,3
B10,NC_035789.1_4362852,0.126828006028218,-0.0210060092413033,0.0438675070406365,0.0253812636165577,0.565643021678791,3
B10,NC_035789.1_4489140,-0.0773420158122532,-0.00202494681078634,-0.0175976786840916,0.046398526639383,-1.66202909205612,3
B10,NC_035789.1_6800575,0.0959732198707604,-0.0132723655643859,0.0483362215626609,0.0698538057447379,0.469919986525605,3
B10,NC_035789.1_8466020,0.0482648172240685,0.00376838028625911,0.0381799397217725,0.0318917448660411,0.494469637956604,3
B10,NC_035789.1_8866707,0.0671190455607847,0.044847101545474,0.0655860023573003,-0.0407411729171803,0.443482486548533,3
B10,NC_035789.1_8880247,0.152421079275724,-0.0266279587858535,0.0668995066495066,0.00287500000000002,0.657111434850574,3
B10,NC_035789.1_8880749,0.0936922908343977,-0.038478750875325,-0.00867292993029031,0.0466419861298452,0.412362544579937,3
B10,NC_035789.1_8880775,0.2220956304101,0.014750128543232,0.00128672628061233,-0.0850710178050606,0.965073837180983,3
B10,NC_035789.1_9121469,0.0411173664135361,-0.0200697537590352,0.0327510009134266,0.022973020631282,0.91194811633985,3
B10,NC_035789.1_9441238,0.0221242499842167,0.042377150925538,0.0574634375635488,0.0306791500719395,0.0709632562309627,3
B10,NC_035789.1_9441876,0.0473500170643624,0.0119398577435106,0.0454119831178862,0.0320490784298764,0.196762056765576,3
B10,NC_035789.1_10591563,0,0,0,-0.0860095976375046,0,3
B10,NC_035789.1_11335602,-0.0120506158796737,0.0118951237652585,0.04771706776137,0.022211172809026,-0.0282831604191019,3
B10,NC_035789.1_14009048,0.0381632404767578,0.0549246843483446,0.000766283524904219,-0.000443262411347517,-0.105610521919702,3
B10,NC_035789.1_14293734,0.049203941871233,-0.119539102306505,-0.0480763545279674,0.0720720720720721,1.42443698367494,3
B10,NC_035789.1_16956256,0.0595117672332171,0.0056327649315454,0.0149645615166927,0.0571810532149751,0.475053231415233,3
B10,NC_035789.1_23107929,0.181617243336591,-0.0301352992442101,-0.125009053580482,0.106995775445815,0.753607996328545,3
B10,NC_035789.1_23176319,0.00485741657402774,-0.0190909090909091,-0.0267338598119733,0.0125150905432596,-0.65073573084606,3
B10,NC_035789.1_27661480,0.0814385207309934,-0.0279191234615961,0.0715617809367809,0.00221340221340222,0.85758076994189,3
B10,NC_035789.1_31017699,0.0716004221905087,-0.0362457136650685,-0.0474266474266474,0.05941770647653,6.19877295976089,3
B10,NC_035789.1_31050632,0.014082128247932,-0.000217046819222994,-0.00544636648825498,0.0256913261831617,1.90315454814539,3
B10,NC_035789.1_31063899,0.0540553917249454,0.0172721154072633,-0.0155590441304727,-0.0118896976039833,0.99762191015817,3
B10,NC_035789.1_31183632,-0.0842356775655491,0.0649715656685921,0.057162335005168,-0.024759315232461,-1.02082815120907,3
B10,NC_035789.1_31183988,0.0514094643263162,0.00267695099818512,-0.0272815943962744,0.0242934923515686,2.05870095444182,3
B10,NC_035789.1_31185120,0.028861549968906,-0.0305542011180789,-0.0849601891024982,0.0980783617794944,0.155142846177418,3
B10,NC_035789.1_32640913,0.0329703041929431,-0.00144348873510302,-0.000906632227234974,0.0228713531149926,0.864806756978802,3
B10,NC_035789.1_32641557,0.0456041844096765,0.0458465576828409,0.00113810250958178,0.0205687830687831,0.182539769161968,3
B11,NC_035780.1_242942,0.0894576313437512,-0.0197606616467815,0.0276635928739962,0.0189413453976088,0.392774434165657,3
B11,NC_035780.1_416630,-0.0508052513043686,0.00108760650600127,-0.0298436669324827,-0.0445197589934432,-0.251548985691745,4
B11,NC_035780.1_574241,0.0673117516360272,0.106415534519328,-0.0172299819818891,0.00955937750821559,1.43353662358675,4
B11,NC_035780.1_648078,0.0090706621067282,-0.0289253248727478,-0.0463507413572475,0.0498475319230036,-0.236380386902389,4
B11,NC_035780.1_722952,0.0712541811387059,-0.0738102424155916,-0.114584732677372,0.0206522496190899,0.40211005379139,4
B11,NC_035780.1_722997,0.0469147527507703,0.0115046161027288,-0.00675076720872196,0.0334307912425332,0.197912699829014,4
B11,NC_035780.1_904338,-0.0273740036032331,-0.027516006402561,-0.00948383669887969,0.0346513288859848,-0.417903817107981,4
B11,NC_035780.1_2919366,-0.0425130858679611,0.00406501433165427,-0.017618760549795,0.0300927730238075,-1.35153567987913,4
B11,NC_035780.1_3673218,0.0539462863689537,-0.0846346872082166,-0.0672123015873016,0.105187908496732,-0.708830682132049,4
B11,NC_035780.1_6169102,-0.00976630046598547,0.00494443681814531,0.0414958378595089,0.087890049949666,-0.0579572067098395,4
B11,NC_035780.1_6169608,0.0124420092527603,0.0221497494730855,0.0279855297596593,-0.00424910044691349,0.0444351313367352,4
B11,NC_035780.1_7037971,-0.0463311452930558,0.0682731084163337,0.0132494649821963,-0.0662601409740494,-0.204668153523324,4
B11,NC_035780.1_7037972,-0.0994000990725715,0.0721706498274201,-0.0120953191237346,-0.013143719026072,-0.431302278326847,4
B11,NC_035780.1_8051153,-0.166078623666866,0.179142021586503,0.103971005770227,-0.157171478410355,-0.751785892688241,3
B11,NC_035780.1_8059859,-0.193660128854945,0.130004361138262,0.110970228172241,-0.0345447895757493,-0.877157151541644,4
B11,NC_035780.1_8154371,0.0428352528624159,-0.0229704562678701,-0.0746703564718271,0.0804437960687961,0.314961368711303,4
B11,NC_035780.1_8154410,0.0424029365019628,-0.0152723631168732,-0.0434685888785281,0.039363190433507,0.70354265739871,4
B11,NC_035780.1_8219007,0.0186361999285562,-0.0174658562294107,-0.0319055716056585,0.0358660705661575,1.66744376534224,4
B11,NC_035780.1_8699244,-0.0573683455815873,-0.109243894379709,0.0777807872878295,0.0881554590055596,-0.251763562519439,4
B11,NC_035780.1_8742896,-0.0526274874140996,0.102815550928504,0.0385098815431607,0.0425325319557068,-0.215208397563191,4
B11,NC_035780.1_9535980,0.0227396219501912,0.014700936006278,-0.0165509783138908,-0.00567265950762553,0.0865466236253654,4
B11,NC_035780.1_11456907,0.0771654952184341,0.0247927631563026,-0.0381873680308272,0.0337773650359186,1.22213468987427,4
B11,NC_035780.1_11460694,-0.119449407299751,0.137816213956032,0.0349055891798053,-0.109855736286703,-0.473125660892203,4
B11,NC_035780.1_11460721,-0.211774363148275,0.142481782657171,0.180356480777765,-0.115095472442028,-0.902439110628853,3
B11,NC_035780.1_11460778,0.0847719695769689,0.00290950237169074,-0.0786774667342006,-0.0258930299762181,0.354558396054786,3
B11,NC_035780.1_11542240,0.041731867004403,-0.0173600398470275,-0.0786595473394922,0.069015586903518,1.39760227495784,4
B11,NC_035780.1_13060561,-0.0459282093743707,0.0190652292801226,0.0661168216495895,-0.0343348900692073,-0.405427237412987,4
B11,NC_035780.1_13164394,-0.0178367574984116,0.0436464740976019,0.0207635117174591,0.000343944422891793,0.00242856447006229,4
B11,NC_035780.1_14698791,0.114412823296438,0.000613048603723021,-0.0881660924859454,0.0912015374331551,0.757097017978898,4
B11,NC_035780.1_14698999,0.0196619432374171,-0.0101857492101395,-0.0791713746161379,0.0508710801393728,0.235740976209391,3
B11,NC_035780.1_15720403,0.0356456555486556,-0.0152776724057173,0.0156834869675741,-0.0681153154548348,0.184403102123443,4
B11,NC_035780.1_16187099,0.0265997983325737,-0.00572300736613723,0.0146773238685003,0.0482466294966295,0.522619826852437,4
B11,NC_035780.1_17658402,-0.0506115562663534,0.0138157561973291,0.0140603685308176,0.0157724628312864,-1.48574640980916,4
B11,NC_035780.1_17667152,0.0650584852487428,-0.0584462216129692,-0.0804255397178854,0.0492576626503515,0.44419746451486,4
B11,NC_035780.1_17667463,0.0251598494059885,0.0361402796031146,-0.0198628797625149,0.0298069154982414,0.79878124970042,4
B11,NC_035780.1_17667995,-0.0101032218683395,0.0176596795017848,0.0144736842105263,-0.047972972972973,3.50809659035779,3
B11,NC_035780.1_17684340,0.0614585326682194,-0.0587673928856763,0.0110870223246663,0.0226420889448899,-0.111623633479999,4
B11,NC_035780.1_19319176,-0.0196427332930239,0.00904839434415995,-0.0173654765297487,0.0381362983524639,-0.470791729225573,4
B11,NC_035780.1_19376247,0.114651323703181,-0.0641994858746777,-0.087793329043329,0.103666554753511,1.03907522920634,3
B11,NC_035780.1_19595212,0.0341484822632769,-0.0177463658611605,-0.0264021164021164,0.0428947368421053,3.54351992655463,4
B11,NC_035780.1_19946760,-0.0286258162514795,0.0368512564883533,0.0554202794906456,0.0303721020632785,-0.27544608798961,4
B11,NC_035780.1_19976031,-0.037333530560425,0.0427601756006903,0.0366636673583917,0.0121945512794891,-0.428410904128201,4
B11,NC_035780.1_20748489,-0.0169288685731509,0.0809707486200143,0.0111959845104349,0.100788577061478,-0.166618246150714,4
B11,NC_035780.1_21952643,0.0243910636198443,0.00842788400173486,-0.00462148171637628,0.0182638578587524,1.87241733449328,4
B11,NC_035780.1_21953090,0.00735024136847964,-0.00690847037739827,-0.0302338005094511,0.0306339605734767,1.98315503069081,4
B11,NC_035780.1_22010323,-0.0126282301302399,0.0389592933947773,0.00545404208194906,-0.0470238095238095,-2.47136992935981,4
B11,NC_035780.1_22276346,0.0363487286989211,-0.0332805735266249,0.0390578267269768,0.0711967950365964,0.477472132116246,4
B11,NC_035780.1_22398500,-0.0017639044336316,0.0324667938229617,0.0109924348486027,0.0344630983187949,-0.0320970078807997,4
B11,NC_035780.1_24078931,0.00929470139996456,0.0125,0.0101010101010101,-0.042483660130719,0.228863260004595,3
B11,NC_035780.1_24088750,0.0140940107508209,0.012847132429711,0.0124996462931522,-0.000996410736579276,-0.539990945026556,4
B11,NC_035780.1_24637827,0.0251970863878989,-0.00519696624901835,-0.0133311443589134,-0.0129189757799672,0.148632869072806,4
B11,NC_035780.1_24752700,0.0214236070543786,-0.00771453490877393,-0.033098525295764,0.080513855064035,2.82981290698953,4
B11,NC_035780.1_24756549,0.0269279366002644,0.0125400152458299,0.00361189332516912,0.0181163002405867,0.146007124738259,4
B11,NC_035780.1_24807218,0.162821676172878,-0.132389501771374,-0.102375431547316,0.130575698099985,0.667851940166003,4
B11,NC_035780.1_24826351,0.0637519275534623,0.048658754036661,-0.0319440989926626,0.0288803735024665,0.916520971872151,4
B11,NC_035780.1_24826489,0.00397046575182464,-0.026199494949495,0.000952743902439025,0.0183354591836735,-0.607665739907779,3
B11,NC_035780.1_25202948,0.066787790618362,-0.0463693793169027,-0.0506729302926058,-0.0352563072828127,0.566706125215059,4
B11,NC_035780.1_25203176,0.0464130824202455,-0.0294867782555426,-0.0628223107725126,0.0436137791908745,0.268716317111698,4
B11,NC_035780.1_26157226,0.0338072238903555,0.0318800390538912,0.00567028914068387,0.0611384229805283,1.24841582763239,4
B11,NC_035780.1_26242948,0.134282693956663,-0.0528394468013419,-0.121749424585559,0.0473096486751949,3.20440622843403,4
B11,NC_035780.1_26403392,0.0291329656862745,0.00598958333333333,-0.0125,0.00654761904761905,1.51254280836822,4
B11,NC_035780.1_26403406,0.0473055250149999,-0.0200709215247803,0.010104106598009,0.0184451219512195,2.45390645380429,4
B11,NC_035780.1_26587849,-0.0723490579276216,0.0906183762532953,0.016868925614757,-0.0684336563269532,-0.552609037020603,4
B11,NC_035780.1_26641245,0.000114573040637483,-0.00530600135226217,0.0137180965467763,-0.000202805712127781,-0.514121459745446,4
B11,NC_035780.1_26641443,0.0856666142773961,-0.0167830738945004,-0.00450726257078829,0.0350386338896346,0.471005372656503,4
B11,NC_035780.1_26886056,-0.00399717215646253,-0.0182477568192527,-0.0338738334868128,-0.0052597475771918,0.481329710024334,4
B11,NC_035780.1_27668305,0.010721032020079,0.00629347334103092,0.0181728540986522,-0.0207472976059072,0.126393675590308,4
B11,NC_035780.1_27795173,0.0966863612192139,-0.037573937568348,-0.0265647684050703,0.0223537362777869,0.406734433101441,4
B11,NC_035780.1_27798619,0.0239718541019647,-0.0213909357331554,-0.0500049152405974,0.0732320776798689,0.146638700187923,4
B11,NC_035780.1_27798629,0.013159892821631,0.0381960888454787,0.0196289203388053,-0.0425022578863134,0.0782068226486489,4
B11,NC_035780.1_27798655,-0.00226547492058884,0.0500926383999383,0.0596589511243228,-0.0280791881815786,0.0324430276479374,4
B11,NC_035780.1_27798656,0.00629142712114804,0.044600577513884,0.0578953758922924,0.00311698652690209,0.0782848557570971,4
B11,NC_035780.1_27833517,0.0240794293425872,0.01001221001221,0.022822196960128,-0.0622655122655123,0.280841527211515,3
B11,NC_035780.1_27851034,-0.0315855336311568,0.0717360593795718,0.021806015510531,-0.0536246021330891,-0.176663917412108,4
B11,NC_035780.1_27854732,0.0107106265630248,-0.0224815032850747,0.00193355119825708,0.00682870370370371,0.291163085379243,4
B11,NC_035780.1_29904291,0.018522963364381,-0.0230416292391082,-0.0319021135658766,0.0258045525902669,0.901245626230119,4
B11,NC_035780.1_30691871,0.117443793834647,-0.0267124491312659,-0.0723488341634921,0.0280428495442083,0.461297273057649,4
B11,NC_035780.1_30691883,0.0990596500074363,0.0281969275740387,-0.0519628389539258,-0.00371578312102225,0.671910738643675,4
B11,NC_035780.1_30691886,0.163467750504687,-0.0841509838833382,-0.0465283202024301,0.0731320937873358,0.66429355876715,4
B11,NC_035780.1_30691894,-0.0763684302391385,0.0464298297847689,0.0157606755467649,-0.0237502860979656,-0.677189124962368,4
B11,NC_035780.1_31246565,0.0969384685458899,-0.0140626268545773,-0.000702706858721897,0.0927111918503296,0.443650138342665,4
B11,NC_035780.1_31273658,0.0162174581264312,-0.00879328374342522,0.00123898469177446,0.0120578776874639,1.34509645299169,4
B11,NC_035780.1_31672604,0.0416221808562968,0.0169327855934065,0.00335946248600224,0.00541246733855916,1.77767831627218,3
B11,NC_035780.1_32363479,-0.022205668127828,0.0424634898372626,0.106842037890425,-0.0226190476190476,0.936133596666606,4
B11,NC_035780.1_32363950,0.0226895257119019,0.0400882697693819,0.0359266345679389,0.107371042266323,0.278783207056647,4
B11,NC_035780.1_32399018,-0.102547592308003,0.164539620888234,0.0867873688866144,-0.168390500649377,-0.649046915715051,4
B11,NC_035780.1_33460432,0.098567268818985,-0.0582492799598063,0.00235690235690239,0.152908695247405,0.421356679803353,3
B11,NC_035780.1_33525853,0.261025035014006,-0.12046568627451,0.029542094615624,-0.013025731973006,1.56113525297492,4
B11,NC_035780.1_33922584,-0.0224553866633548,-0.039608824534184,-0.00424954142388099,0.0756203167217056,-0.130577575010735,4
B11,NC_035780.1_38284214,-0.0308419070106813,0.00853937089391669,0.0534701037548347,-0.024990534113518,-0.485180403430338,4
B11,NC_035780.1_39347026,0.0427206205219443,0.00194756987534942,-0.0486892885362768,0.00618440779610195,0.224909531678642,3
B11,NC_035780.1_39816950,-0.0623826131176673,0.0215892383529468,0.0123541110051763,0.0145947616123356,-2.50225684543184,4
B11,NC_035780.1_41731535,-0.0379647835664043,0.00418926886792453,0.0209385932430742,-0.0155223010214639,-2.65429627416942,4
B11,NC_035780.1_42733221,-0.0146366629148872,-0.0433876337603046,0.0195674091406529,0.0568513782324524,-0.38795440140349,3
B11,NC_035780.1_43048576,0.132170861336499,-0.04568831280529,-0.0351502413773805,0.00596342868096893,0.536727837569424,4
B11,NC_035780.1_47055026,0.1771931232882,-0.106502313633044,0.00728404357436613,0.14718660354334,0.689096051876519,3
B11,NC_035780.1_47116571,0.154831893678472,-0.0077003147089969,-0.0234327245635236,-0.02251221001221,0.635834049548535,4
B11,NC_035780.1_47304766,0.168595734795546,-0.0174976439964583,-0.000470607597913828,0.0203493668411689,0.658213987621898,4
B11,NC_035780.1_47304864,-0.151153670426999,0.113344452112568,0.216855196740254,0.0355151618592479,-0.697413495422432,3
B11,NC_035780.1_47394431,0.0664317573914084,-0.0878591538633935,-0.158503832735918,0.158723224901645,0.299659526138706,4
B11,NC_035780.1_48529141,-0.159633328851194,0.0998396542884806,0.124028969634467,-0.157537939954943,-0.750668890921374,4
B11,NC_035780.1_53792133,-0.350260932602423,0.0981676369607404,0.0211383052331328,-0.00819116228598987,-1.4847035662435,3
B11,NC_035780.1_55027801,0.00716505181156587,0.0306416963057412,-0.000870223086725956,-0.0163263083738529,0.902216596193083,4
B11,NC_035780.1_55377631,0.13191104601251,-0.061414061113351,-0.0301649524170787,0.0793636703657967,1.15728665484399,4
B11,NC_035780.1_55395085,-0.0826864582826517,0.0451202125320049,0.00669666198239895,-0.0208088049785552,-0.339121002705428,4
B11,NC_035780.1_59723468,-0.0199061269248187,0.0841495867231161,-0.0319898166377915,-0.07399531884826,-2.31990688479976,3
B11,NC_035780.1_60853968,0.176050985858871,-0.111256820454949,-0.179197162736062,0.115121532483961,1.17006302179672,4
B11,NC_035780.1_60854878,-0.0590604948964168,0.106988853447429,0.0137197515023947,0.0347771641944484,-1.32813583626571,4
B11,NC_035780.1_61304992,-0.0161827918493872,0.0300862119039304,0.0152279274112746,0.0221509485577177,-0.122737026175776,4
B11,NC_035780.1_62581100,0.021529309684993,-0.0160183221040287,0.0322290357584475,0.00908909274638175,0.418074048327655,3
B11,NC_035780.1_62581105,0.0563743568228514,0.00823532869143936,-0.00656261146430976,0.00575245974955277,0.492703265638114,4
B11,NC_035780.1_62762307,-0.0104120331864278,0.0480198620823621,-0.0095322661736324,-0.0749426725036481,-0.107100953621964,4
B11,NC_035780.1_62777643,0.0873614509093182,-0.0140055797395914,0.000880806990197793,0.0367667337507454,0.946981418297447,4
B11,NC_035781.1_851815,0.0135938295710551,-0.0993341304204641,-0.00634087550286708,-0.0211665577001306,0.0716404328923925,4
B11,NC_035781.1_1101269,0.0222755771577457,0.0275597138300389,0.0728709166258774,0.0731305002578924,-0.0964399325364594,4
B11,NC_035781.1_1163009,0.0999297183282217,-0.0347255604284479,0.0110299798018968,0.110937523415606,0.642365401840074,4
B11,NC_035781.1_2013247,0.0299604937104937,0.0031201553076553,0.0205176767676768,0.0337459415584416,0.515028473501217,3
B11,NC_035781.1_2194267,0.205734539571112,-0.048466932677459,-0.0613571222581234,0.0661375661375661,2.25286341613207,4
B11,NC_035781.1_2543661,0.0816373234687242,0.0345204834326075,0.0549866356088227,-0.0434621083281798,0.319373322468664,4
B11,NC_035781.1_2867560,0.0264771666998739,0.020461670275811,-0.0132527910939539,-0.0313529650337497,0.16106156522414,4
B11,NC_035781.1_3667502,-0.0827908992727457,0.0427734694683847,0.094920263738194,-0.0437730180267494,-1.86788330992566,4
B11,NC_035781.1_3667508,-0.0932311767251888,0.0465919954525489,0.105059695943155,-0.0261904761904762,-2.03685683724747,4
B11,NC_035781.1_4872678,0.0845029049336858,0.0337912396347843,-0.0448949379455792,0.107548504886326,0.419888408434906,4
B11,NC_035781.1_4873046,0.0249633028135224,0.024781808092019,0.0247530886049064,0.0122889771598808,0.424577681822872,4
B11,NC_035781.1_5115634,-0.137069049386123,0.10754392004392,0.141212121212121,-0.02103705118411,-0.570158806589024,4
B11,NC_035781.1_5115670,0.0216190813399415,-0.0428277583996824,-0.0317749481348377,0.070459667670621,0.208590113883573,4
B11,NC_035781.1_5179447,0.0862966179945416,-0.0589603663150461,-0.0645623330748686,0.129819441764744,0.701623352388589,4
B11,NC_035781.1_5872006,-0.0242093087819819,0.00302441536255776,0.0110565404043665,0.022114343989344,-2.15703000329551,4
B11,NC_035781.1_7363331,0.0074124742060988,0.00530147424953763,-0.00311263002853724,-0.00739157165213503,0.874662411426277,4
B11,NC_035781.1_7363332,0.0212665661088084,0.0152672268955729,-0.0684162751121954,0.0291352293605614,0.441915515090072,4
B11,NC_035781.1_7487179,0.0899428502300005,0.0173420013563216,0.0198470883954755,0.0238217427733557,0.426307975047809,4
B11,NC_035781.1_7913789,0.0739980775706373,-0.0436823670607745,-0.00957025037212944,0.00719259101403646,0.80700949602935,4
B11,NC_035781.1_8739144,0.0196245060155525,-0.00395208785220197,0.0217363297046801,0.0119602514919011,0.35339934706857,4
B11,NC_035781.1_8739240,-0.0120268783927055,0.0236895976696972,0.0142562705801201,-0.00797531195541145,-2.31991744798128,4
B11,NC_035781.1_8787364,-0.0486844269238896,-0.00162016692909143,0.198284437050215,-0.0929533881707795,-0.158708987414658,3
B11,NC_035781.1_8787457,0.0330162894603226,-0.0878757544825091,-0.0394932714165165,0.0446123649429936,0.126587882498064,4
B11,NC_035781.1_9819932,0.0463316875723777,0.0604470087485011,-0.0443066818903755,0.0921640787185943,0.191214524151226,4
B11,NC_035781.1_9820220,0.11499271162916,-0.0073476243483644,-0.0260638807974011,0.0370724204019724,2.28057191771853,3
B11,NC_035781.1_10989009,0.0143634450448492,0.0234039022800511,0.0154348299256926,0.0136534552845528,1.13002799836782,4
B11,NC_035781.1_10992444,0.0376661490427619,-0.0310578881806934,-0.0545061978945608,0.0386670139269245,0.812404379794347,4
B11,NC_035781.1_10992450,0.0474956144971986,-0.0266667473540581,-0.0682050396412642,0.030365668699002,1.52186609161159,4
B11,NC_035781.1_10992459,0.0416468638323052,-0.027465144981261,-0.0639735029565538,0.0202331002331002,1.38449527914401,4
B11,NC_035781.1_11872545,-0.0328722959539319,0.00644587582163107,-0.032118078942443,0.012722155907706,-0.716671112972316,4
B11,NC_035781.1_11872598,-0.026928908853199,0.0125175846518437,0.0555385465466391,-0.0400423370383529,0.0219493422926558,4
B11,NC_035781.1_11878771,0.118807732632617,-0.0671826381503801,-0.0556064306064306,0.0819849961359395,0.509778447671106,3
B11,NC_035781.1_11961921,0.146462465058524,-0.0743970679931271,-0.0302846613807205,0.10100338078365,0.901004880325829,4
B11,NC_035781.1_13294973,0.0941720369226402,0.0118773419743329,0.000741362810328333,0.0233211233211233,0.0710688480677492,4
B11,NC_035781.1_13686183,-0.0176304225598187,-0.0170636962144888,0.0114697583736296,0.0109467009532071,-1.03904641001623,4
B11,NC_035781.1_13690950,0.0212955115950115,-0.0100751220915791,0.00804217458534706,0.0389204565942412,0.984828894802531,4
B11,NC_035781.1_14272306,-0.195791007893745,0.149692651593182,0.132508417005931,-0.0551883412483547,-0.864613144905387,4
B11,NC_035781.1_14518764,-0.0299944935544761,0.040268312249905,0.0194547938400397,-0.0339938009322383,-0.726647248012229,4
B11,NC_035781.1_14793502,0.0198124800881527,0.00631133310568229,0.017332353345662,0.00343398737152987,0.259550367392666,4
B11,NC_035781.1_14795654,0.000607542134339313,0.0308484071272431,0.0484371532687152,0.0367670606724187,0.927951888922989,4
B11,NC_035781.1_14932258,0.0195496362858365,-0.0439440714225197,-0.016260162601626,0.0258620689655172,1.3728872899576,3
B11,NC_035781.1_15204165,0.00908026439548448,0.0194636401406185,-0.0171921194787613,0.0250157242368384,-1.34399187088583,4
B11,NC_035781.1_15355177,-0.0216395865543066,-0.0255266398839526,-0.0318229124160951,0.0450294410044008,-0.106823750838918,4
B11,NC_035781.1_15355805,0.0541083452137184,-0.00461866344347884,-0.0146316545773068,0.0484531606890762,2.73632926167484,4
B11,NC_035781.1_15455991,0.0687822003961642,0.0614833673694036,-0.0147972613743405,-0.00984757577049666,0.328511743474615,3
B11,NC_035781.1_15461707,-0.0025053639033209,-0.00493732776491424,-0.0258901824978435,0.0138088495159072,-0.14266063763506,4
B11,NC_035781.1_15461753,0.0499778500170644,-0.00394399251542108,-0.0247075345289631,0.032206323791451,1.68452946311928,4
B11,NC_035781.1_15466418,-0.0522865667489746,0.0124358374782104,0.0173101667764852,-0.00257648386885675,-1.23577205050826,4
B11,NC_035781.1_15466421,-0.0621627058288377,0.0119797806650559,0.0233136845244736,-0.0122375571289775,-1.58966497094685,4
B11,NC_035781.1_15527898,0.050451209314399,-0.00783989521734616,-0.0537722146274778,-0.0652867965367966,0.194886981635837,3
B11,NC_035781.1_15534363,-0.121872650913258,0.0501434663361779,0.111624493109716,-0.0709325201652567,-0.522550881591172,4
B11,NC_035781.1_15749611,0.0937186039093374,-0.0275741424187227,-0.0351004687258738,-0.0119265442237356,0.907995943627128,4
B11,NC_035781.1_15749616,-0.0765886646595838,0.0269089286491663,0.0332925448207529,-0.00597813644688645,-4.36217137356445,4
B11,NC_035781.1_16007185,-0.0382042667980044,0.062961838894407,0.0385691957942597,0.0220588235294118,-1.40492724281487,4
B11,NC_035781.1_16007833,0.0497693869544825,-0.00113828687176952,0.117425065973453,-0.00578669392622881,0.205889653214129,3
B11,NC_035781.1_16030326,0.104265089159846,-0.10258401680086,-0.0718885458614641,0.0622311364159191,1.83661644502455,4
B11,NC_035781.1_17461033,0.0172858915788979,0.0212417966478358,0.00530985001129146,-0.0441204657140566,0.482253538016081,4
B11,NC_035781.1_17461159,-0.0544322218639802,0.0185403721892571,0.0483681268563499,-0.0187570970724997,-1.45478549274226,4
B11,NC_035781.1_17831321,0.00975169446337808,0.003357841275468,0.00541373842065086,0.0130966659752721,0.264195838868582,4
B11,NC_035781.1_18111884,-0.0992357597941283,0.0763166430245581,0.00443238173729607,-0.00538654684815647,-2.10436969802787,4
B11,NC_035781.1_18119921,0.0294822916721017,-0.0340479232259982,0.0564654163390705,-0.0299525032143102,2.0279087133955,3
B11,NC_035781.1_19675704,-0.00298972677314262,-0.00878096901590424,-0.0220376793185593,0.0148794446008068,-0.152836137631027,4
B11,NC_035781.1_20342878,-0.0617956002064036,0.0643982455949532,0.107066845750846,-0.116611533077546,-0.314858113632142,4
B11,NC_035781.1_20343007,-0.05935963288556,0.0659799211042408,0.0110745614035088,0.0285586124401914,-2.33165547137246,4
B11,NC_035781.1_20343021,0.0344170152675935,-0.00736248377757812,-0.00141436976494798,-0.0333782569631626,1.34510358597074,4
B11,NC_035781.1_20672156,-0.0778841664139147,-0.0075197314899832,0.00116459627329193,0.0184782608695652,0.124785179386015,4
B11,NC_035781.1_22253237,0.0374755762912379,-0.102738268255636,-0.0750883001385466,0.0315092751301937,0.174362688975775,3
B11,NC_035781.1_22840174,0.0114374157488305,-0.0216637437717687,-0.0169651285468377,0.0217631083448175,0.728034713040673,4
B11,NC_035781.1_22892689,-0.0249204742361717,0.0337776355217386,0.0473147046684389,-0.0537485281978506,-0.772054735705235,4
B11,NC_035781.1_24177808,0.0174247874805684,-0.0380748132586368,0.00673936536005502,0.014484126984127,2.0120025287961,3
B11,NC_035781.1_24186589,0.183582095938234,-0.135088582371191,-0.152298727298727,0.140778486127323,0.821939870779719,4
B11,NC_035781.1_24671946,-0.158345578008421,0.0401818693637915,0.21293316668291,-0.0760783722740244,-0.671135744669709,4
B11,NC_035781.1_25128626,0.058616437306484,-0.00849844187598856,-0.00286299348799349,0.0860309829059829,0.503704993784013,4
B11,NC_035781.1_25352616,-0.0363425925925926,0.0391203703703704,0.0686507936507937,-0.0305555555555556,2.50707499551248,3
B11,NC_035781.1_25352908,0.0868728846500807,-0.00459811169619056,0.00827383039471048,0.044608864867017,0.793809068198627,3
B11,NC_035781.1_25533148,-0.307703100001353,0.121325677658908,0.0968366657007631,0.0207033078483383,-1.59842766597102,3
B11,NC_035781.1_25533706,0.0200128407254199,-0.0282406208977753,-0.0259751943703845,0.0526190620803772,0.100819135707328,4
B11,NC_035781.1_25533707,0.0828118303599608,-0.0327074823317248,-0.0986866732078527,0.0499009820771107,0.425205955344914,4
B11,NC_035781.1_25939827,-0.0102525628238715,0.0260693763323628,0.0137872892419656,-0.0219375284616314,-0.536629432284847,4
B11,NC_035781.1_25939836,-0.0145968556846374,0.0219681088095209,0.0121205269536352,-0.0110663911919647,-0.538024786592291,4
B11,NC_035781.1_25940324,-0.0416664050035177,-0.0186152673471202,-0.00830941628329042,0.0366619067047464,-2.23643648343291,4
B11,NC_035781.1_26327944,0.0560348781205956,-0.0111268319664973,0.00157166401207061,0.0144039106149433,0.253728908355214,4
B11,NC_035781.1_26327946,-0.113738317783169,0.0154052805063624,0.0579554192909733,-0.0239964176301082,-0.662415691324822,4
B11,NC_035781.1_29743583,0.0363338133561711,-0.00222559311736141,0.0530393217893218,0.116691468253968,0.145243113342594,3
B11,NC_035781.1_29914715,-0.0298036288120293,0.0287013408046122,-0.0186202009854579,-0.0284417703619125,0.22935239784229,4
B11,NC_035781.1_29914826,-0.00496739916396235,-0.00623619684315634,-0.0115001689185683,0.0297555093989628,0.689304596481291,4
B11,NC_035781.1_30190245,0.148175689356866,-0.0977611054002937,-0.0466934655295106,0.0937698811112006,0.660887671260881,3
B11,NC_035781.1_30627634,0.206509270860622,-0.0830823453744964,-0.0623201551427784,0.0471661377041578,1.73451623558731,3
B11,NC_035781.1_30627702,0.130848875360189,-0.0953739624884721,-0.0383667289311731,0.0489316547961644,0.639158625800299,3
B11,NC_035781.1_30950978,0.00698446702637681,0.00733938428687914,0.00378632891930764,0.0363020549190762,0.8102654904879,4
B11,NC_035781.1_31008135,0.0791144597648663,0.0420709731596971,0.026743400277883,-0.0161685264244872,-0.756260618899236,3
B11,NC_035781.1_31008139,0.0525349090052942,-0.100551038843722,-0.0203130169561621,0.0648076923076923,0.484009446554078,3
B11,NC_035781.1_31008159,-0.0023653248775788,0.0437431075439277,0.072961272631658,0.036809682534034,0.119552576639641,4
B11,NC_035781.1_31089476,0.017860453537615,-0.1078880937764,0.0138496071829405,0.0729712115581681,-1.33132843118606,3
B11,NC_035781.1_33075163,-0.035574562106343,0.008648822322164,0.00222439268104903,-0.0360060690943044,-0.519195749093243,4
B11,NC_035781.1_33629056,0.052216669685249,-0.0213663296082388,-0.0788424944929757,0.0706265689160324,0.20026666911128,4
B11,NC_035781.1_33677329,-0.0498354246791693,-0.000900668746478702,0.0187767187081211,0.0997516025641026,-3.13336211133888,4
B11,NC_035781.1_33681601,0.127248327926774,-0.128395214052235,-0.104609700644183,0.0631442885071917,0.694251224659107,3
B11,NC_035781.1_35184655,0.0161268094475909,-0.0230976280493447,-0.00723441455894931,0.0130463282422623,0.0923062770204216,4
B11,NC_035781.1_36942663,0.0730403121333642,-0.00925810460440004,0.0389325259033036,0.0404158357621312,0.719866141842444,3
B11,NC_035781.1_36943105,-0.0560668881692322,0.0397228212761056,0.0595022214352526,0.059369119144179,-1.62109905364662,4
B11,NC_035781.1_36943147,0.113386171927623,-0.134756105377951,-0.111104706903965,0.0694464882857154,0.489214378396079,4
B11,NC_035781.1_36943156,-0.0232649506637195,0.0407973005601998,0.0552546029075958,0.104881697989575,-0.195781566373156,4
B11,NC_035781.1_38311231,-0.0466422609700505,-0.0139169254658385,0.0123663976924846,0.0522243107769424,1.05620495292509,4
B11,NC_035781.1_38702474,-0.01976484649913,-0.0846077462605596,0.0130872849302641,0.0955643621084797,-0.425250841752678,4
B11,NC_035781.1_40474678,0.0345509312981243,0.00977843915343915,0.0315791439616632,0.0572062421831063,0.185747066287744,4
B11,NC_035781.1_41536634,0.00755136414027475,-0.0372839982758056,-0.035820202123306,0.0341264265642026,0.0157166248246478,4
B11,NC_035781.1_42214813,-0.0416362465356949,-0.0107447058452575,-0.00426833713316166,0.0135047903351321,-2.68409730667476,3
B11,NC_035781.1_42388771,-0.00247427611006824,-0.0126646135550245,0.0717245086780292,0.00264898588428,-0.436671874353353,4
B11,NC_035781.1_42388837,0.146579377151761,-0.0167617773139894,-0.011488177687055,0.0318579887545405,0.950627336156305,3
B11,NC_035781.1_42388844,0.151492841473811,-0.0102969534206044,-0.0106690099016033,0.000548033526756938,0.778765091350146,3
B11,NC_035781.1_42504153,0.0364336624096617,-0.00328106874164728,0.0348916042843937,0.0331900452488688,-0.0592576016533057,4
B11,NC_035781.1_42504263,0.110744884918885,-0.0193931779913873,0.0671954024250257,-0.0613410510918984,0.570662414842329,4
B11,NC_035781.1_42504632,-0.116838555691155,0.134682603198515,0.0635224110514808,-0.0884995674842294,-0.548356324186092,4
B11,NC_035781.1_42547252,0.0574639869817612,0.00916665349634269,-0.0112382404525817,0.0476987102394089,0.241865046374647,4
B11,NC_035781.1_45043534,-0.00265539526977684,0.0040940495171074,0.0709509393631933,-0.0101636520241171,-0.0259016122865782,3
B11,NC_035781.1_46289986,-0.0118707652581003,-0.0862539762854746,0.0041141387014503,0.000464741844052194,-0.100782024865306,4
B11,NC_035781.1_46291213,0.0459201501367669,0.0285409833380583,0.0972158883977537,-0.031564204170247,0.173633771075626,4
B11,NC_035781.1_48602654,0.0102059335414121,-0.0552098364598365,-0.000332582333416605,0.091106697051819,-0.367065524890121,4
B11,NC_035781.1_48602804,-0.10349415012569,0.0519779608377576,0.0288353132967959,0.00272767605257119,-1.63067252726541,4
B11,NC_035781.1_48984125,-0.0131170825049665,0.00944305807622504,0.0408521303258145,0.0043859649122807,-0.230942220798406,4
B11,NC_035781.1_49141493,-0.0153463817209477,0.155042351653188,0.0941845839807468,-0.135106637068675,-0.0568276631034944,4
B11,NC_035781.1_50297999,0.168010695501565,-0.0293774343088806,-0.0943139691944817,0.103118853073183,1.07608411796183,4
B11,NC_035781.1_50345725,-0.0302757064120828,0.0238075031845958,0.052355229311751,-0.0512643908024343,-0.190642011122662,4
B11,NC_035781.1_50345817,0.0469453681027844,-0.0473981724006305,-0.0908090060192638,0.040987666688929,0.556720654057856,4
B11,NC_035781.1_50346013,-0.0259689492616673,-0.0557733189429618,0.0311002063208667,0.0810413825050827,-0.120198552490563,4
B11,NC_035781.1_50441943,3.92796581917265e-05,0.000998232212653461,-0.0457127348019189,0.0713300804192645,-0.328926455645047,3
B11,NC_035781.1_51872750,-0.0428328120931944,0.0707478741647899,0.0559102922298573,-0.0156004161802771,-2.20385259869588,4
B11,NC_035781.1_52643324,-0.0126984172078481,0.141997462982009,0.0486833670616019,-0.0656225559424127,-0.0132277693562475,4
B11,NC_035781.1_52643413,0.0487925527948375,0.0706534690181275,0.0264663691664637,-0.0180521017385424,0.200176615939407,4
B11,NC_035781.1_52643419,0.0147601232956327,0.0578105547197742,0.036479023370949,0.0255839649114951,0.0667860295836233,4
B11,NC_035781.1_52644072,-0.00886737436483033,0.0259709924552389,0.0218896645814414,0.0632746979151357,-0.0882834479427378,4
B11,NC_035781.1_52644315,-0.0201226042693771,0.00139602789575562,0.0732602205948234,0.00148325869334418,-0.221913769296525,4
B11,NC_035781.1_53497699,0.0637303569734076,-0.0715202780420172,-0.0360133425350817,0.0497425890229489,1.12483342411657,3
B11,NC_035781.1_53497708,0.10180713247069,0.0397975254695975,-0.00744419791956274,0.0161614123451563,0.450274675473023,4
B11,NC_035781.1_53501866,-0.0468359426700414,0.0651832887936583,0.0311977169043166,-0.0212739304720437,-2.10187759424243,4
B11,NC_035781.1_54069592,0.142493138210416,-0.0186054877815708,0.0239091202593531,-0.0114150472389643,0.594852218617947,4
B11,NC_035781.1_54147603,-0.117027716848293,0.0748922950105761,0.195334534816242,0.0319869614512472,-0.643283273544949,4
B11,NC_035781.1_54160673,0.114618559707311,-0.025945468773889,0.0200209067535821,0.0177352786570655,0.787986774421012,4
B11,NC_035781.1_54160677,0.177058359359212,-0.0360190066623489,-0.0498005767105937,0.0895969763117471,0.980464129863051,3
B11,NC_035781.1_54165892,0.177560554790531,-0.115052216245607,-0.150860805860806,0.0947302697302697,2.16846316586356,4
B11,NC_035781.1_54165925,-0.0876399568566606,0.0481710774814224,-0.0158608073583893,0.0758940158377033,-0.343798858545993,4
B11,NC_035781.1_54570375,-0.0822194374825954,0.0160818713450292,0.0544416597048176,0.0116959064327485,-3.36827582529566,3
B11,NC_035781.1_54619269,0.119976899420263,-0.097359300165308,-0.0705718005475287,0.127639686771944,0.51725106294692,4
B11,NC_035781.1_54619306,0.0246210341092974,0.0182580077934069,0.00792255493449825,-0.0452918400368212,0.173136651998228,4
B11,NC_035781.1_54619486,0.045612021683296,0.00479074685785539,-0.0285668941807264,0.0227842239541467,0.914354994313522,4
B11,NC_035781.1_54619516,-0.0148528177359643,0.0273395401682722,-0.0449301840411072,0.0487568942614956,-0.118140205906813,4
B11,NC_035781.1_56588083,0.0845394610364577,0.0039019221711035,-0.0279195525391178,0.0370790607801029,0.434935213841977,4
B11,NC_035781.1_56595333,0.06281891651629,-0.0397173207735937,-0.0679533759706414,0.0445522868115735,0.284001798971004,4
B11,NC_035781.1_56851185,0.0413119044697992,-0.0277777777777778,0.0491452991452992,0.0277777777777778,3.84925572546906,3
B11,NC_035781.1_56851200,0.0531300181686371,-0.0396319323950903,0.049457483302106,0.0760496813128392,0.305689143647443,3
B11,NC_035781.1_56862903,0.0130466833882767,-0.000157189644533292,-0.00483670804085172,0.0281769045807991,0.224736937112512,4
B11,NC_035781.1_57981416,-0.00568027143445579,0.050319253623813,0.0107784666327639,0.013478341662946,-0.237283414509546,4
B11,NC_035781.1_59060475,-0.132153529751399,0.033797838571905,-0.0247301150431468,-0.0130843316889829,-0.546877185265571,4
B11,NC_035781.1_60097098,0.0759895174200621,-0.104248522882551,-0.00688740775000112,0.0909925396394718,0.362836512106058,4
B11,NC_035781.1_60558986,0.0157353133380105,0.0129123506813607,0.0187180728842197,0.036532578481497,-0.745737491348399,4
B11,NC_035781.1_60892792,-0.0182393315853473,0.00413194444444444,0.0276286764705882,-0.00462936046511628,-0.380917676438505,4
B11,NC_035782.1_2583594,-0.104527723009057,0.100856557573186,0.116020980329953,0.00723112499935782,-0.691790432215394,4
B11,NC_035782.1_2902901,0.0793190295227259,0.00464965052839157,-0.0315346717236252,-0.100735028860029,0.327652561595135,4
B11,NC_035782.1_3390667,0.0573310885677938,-0.0127795697306513,-0.00755640211528659,0.00522761851035096,3.07692667465077,4
B11,NC_035782.1_3481777,0.020024536170393,-0.0150378723567607,0.0176139250741111,0.0389005820132911,1.36496338700167,4
B11,NC_035782.1_4861648,0.039308115719406,-0.0150025601638505,-0.0910866208950886,0.0655376344086022,1.65202301089154,3
B11,NC_035782.1_5610624,-0.00165953026429496,0.049126602199452,0.0161507795116418,-0.0559253591272904,-0.273855463336267,4
B11,NC_035782.1_6828789,-0.0221318244722671,0.0176245014327141,0.0352472899728997,0.0175311533640543,-0.153044902822923,4
B11,NC_035782.1_6828857,-0.0206737010775505,0.0236585473350179,0.0596406340541831,-0.067113058150794,-0.968452437736969,4
B11,NC_035782.1_6860288,-0.0443250017704447,0.0365329672718482,0.0250971250971251,0.0635139370433488,1.09824613709492,3
B11,NC_035782.1_7852829,0.0446840225172993,0.00242296535377693,-0.00591757962465501,0.00328855853262768,1.79375830590477,4
B11,NC_035782.1_9839237,0.0338274324840692,-0.0106035974955284,-0.054598056828565,0.0619212891517973,0.429829529133968,4
B11,NC_035782.1_10096985,-0.0804954608215991,0.0245269287163761,0.0365346220321189,0.0145964874629612,-2.10063140579924,4
B11,NC_035782.1_10096993,-0.00742357115629636,-0.0177512446865562,-0.0148546400987751,0.00824972540562516,-1.70118110406428,4
B11,NC_035782.1_10097001,-0.0510897083016441,0.00013529234722817,0.0106920426687869,-0.00958516656191075,-3.82443584148458,4
B11,NC_035782.1_10131905,-0.156799161934239,0.142258544347585,0.0850008145975888,-0.0662542087542088,-0.72716832988399,4
B11,NC_035782.1_10151522,-0.0551592659242322,0.0774984209081518,0.0474788606845058,-0.051941648280934,-0.280820917164216,4
B11,NC_035782.1_12650434,-0.136759212365882,0.059396642812054,0.1814239456021,0.0492337381127718,-0.576776218514149,4
B11,NC_035782.1_13812307,0.0127588098176333,0.0171976171976172,-0.0294254764843,-0.02791886476097,-1.95567300924193,3
B11,NC_035782.1_15515881,0.265803328343777,-0.0532940901786889,-0.0103299088921392,-0.0529899512156467,1.11080856765896,4
B11,NC_035782.1_16023357,-0.004295719644558,0.0290349157587809,0.0336901709140093,-0.0456707739660409,-0.713252974167305,4
B11,NC_035782.1_16550303,0.00336907783911332,0.00352301380907589,-0.0161290322580645,-0.0111920509140825,-0.431727585212709,4
B11,NC_035782.1_17452175,0.071401649601372,-0.0923060797753,-0.0147408168425093,0.0705105105105105,0.32690804850093,3
B11,NC_035782.1_17515837,-0.109751513918181,0.0026154401154401,0.00950900950900949,0.0653543153543154,-0.749597267320546,3
B11,NC_035782.1_17515838,-0.0262988960452729,0.108393719806763,0.00616030507334855,0.0518506410954923,-0.00842042475607792,3
B11,NC_035782.1_17515839,-0.104806568973236,0.00261544011544011,0.00706656706656705,0.0389990126832232,-0.728506057324542,3
B11,NC_035782.1_17515870,0.0143630393198086,-0.053796999351138,-0.0339063695253074,0.0171943491518963,0.0517932390959589,4
B11,NC_035782.1_18388300,-0.0268837345411815,-0.00809462734520717,-0.0366051069255386,0.133088955195462,-0.470363032529614,4
B11,NC_035782.1_18866038,0.0201144027651968,0.00251650205883615,-0.0388623072833599,0.0475611376927166,3.32431992723942,4
B11,NC_035782.1_19358071,-0.003730730712585,-0.0207560133287447,-0.0312179446278806,0.0374341229752065,-0.0317146305381407,4
B11,NC_035782.1_19358112,-0.00250960824672125,-0.000845340156369267,0.0210509673824221,-0.0380657807695328,-0.146341618109859,4
B11,NC_035782.1_19358139,-0.0408682678834475,0.00396985736004945,-0.0108686204616423,0.0117158884617321,-0.503880637290863,4
B11,NC_035782.1_20520642,0.0303213641016929,0.0417907511138706,-0.03038912146055,0.0398764412926975,0.593332148360431,4
B11,NC_035782.1_22249442,0.0373389694041868,-0.0072463768115942,-0.0072463768115942,-0.0334233870289013,3.55006786119457,3
B11,NC_035782.1_22882586,-0.00194572922432611,0.0133361064226424,-0.0522092157172436,-0.00389043742755474,-0.000804251306769394,4
B11,NC_035782.1_24626628,0.0347414575105475,-0.0530863645849627,-0.0133348272323428,0.0684394448369604,-0.201107317892406,4
B11,NC_035782.1_24626695,-0.0326014765721888,0.0276245059518359,0.0393624714357662,-0.0119488983871349,-0.122872317655242,4
B11,NC_035782.1_24963808,0.0116595293302166,0.00355798195382075,0.00350814625457802,0.00357752295551339,0.19347892236288,4
B11,NC_035782.1_26505858,0.0784351725438902,0.00196308860466322,-0.0229640614531511,-0.0304930098616402,0.544072751305396,4
B11,NC_035782.1_26506049,0.0607667664205678,0.0100747342045729,0.0532140699862594,0.00593079507013933,0.431395580104076,4
B11,NC_035782.1_28655651,0.00661667948474236,-0.000417127433908005,0.00663752288364183,0.00809970327598788,0.260439417305613,4
B11,NC_035782.1_28655671,-0.00201355131868415,-0.0104701872360263,0.0028570677008177,-0.00189330445257169,-0.811412703268814,4
B11,NC_035782.1_29101744,0.00981376191982398,0.0684699940486777,0.00886328850698931,0.0711630473285497,0.0414662860990469,4
B11,NC_035782.1_30247756,0.0776363563497855,0.0534005760716018,0.00690395875384951,-0.00800501871831363,0.277655706931069,4
B11,NC_035782.1_30247758,-0.0121799072890723,0.0756902996641831,0.0455139758465573,-0.00327901430842607,-0.153143652279852,4
B11,NC_035782.1_30247888,0.0938102823266323,-0.122874571664894,-0.0987343600246826,0.152636476426799,0.384349494271133,4
B11,NC_035782.1_30316305,0.261152958786599,-0.0468550172364103,-0.124427638009981,0.0797455045579577,1.26751367359459,4
B11,NC_035782.1_30340309,-0.0143416354798469,0.0181399117912748,0.0129479072568503,0.0557445200302343,-1.40923070480653,3
B11,NC_035782.1_30568691,0.00280882021161496,-0.023437634108476,-0.0299440085492551,0.0300840409502908,0.0138656427489606,4
B11,NC_035782.1_30568939,0.0442445652367615,-0.0263899636351302,0.00948797717500778,0.0379833530082635,0.547457409942671,4
B11,NC_035782.1_30571900,0.0556689502712833,-0.0119047619047619,0.0312433862433862,-0.0080952380952381,1.0657265560281,3
B11,NC_035782.1_31260835,-0.0135125151400959,0.0230497451584537,0.0139522581029766,0.0175639343309374,-0.141850304923587,4
B11,NC_035782.1_31313619,-0.327285058255455,0.123689710970334,0.248785753675323,0.0404259352881699,-1.67733287559094,3
B11,NC_035782.1_31789635,-0.0248428486143633,-0.0169895115968247,-0.0148868652564912,0.0784502786993646,-1.18279596297226,4
B11,NC_035782.1_31799823,0.0265226672232456,0.00449819965835582,-0.0104706569501734,0.0755052204656255,0.136878752859208,4
B11,NC_035782.1_31825054,0.01556003395719,0.0100134656298611,-0.00420109517688593,0.0161265918547472,-0.10815890673569,4
B11,NC_035782.1_31919328,0.0325589928294366,0.00974643229107627,-0.0134501897359331,0.0259092590867693,0.329131796404003,4
B11,NC_035782.1_32025520,0.0585000845120785,0.0866896991896992,0.00152274290205325,-0.0111111111111111,-0.0793393060548784,3
B11,NC_035782.1_32517164,0.109665024608634,0.00591279078121183,-0.027888579674294,0.0225042983021706,2.20080312466577,4
B11,NC_035782.1_32978205,0.176601502555476,0.000528208353727213,-0.0814612678475717,0.00381837406594491,1.39167030905833,4
B11,NC_035782.1_33542761,-0.0365732069321118,0.0970791085888476,0.00157563025210084,-0.00883577297709093,-0.379101511915722,4
B11,NC_035782.1_37436477,0.00854804321867855,0.0331503606799396,0.011228109085894,-0.0792133520074697,-0.24225968174163,4
B11,NC_035782.1_38378487,-0.0880429205464507,0.0682301220468979,0.0707527948691465,-0.0498158428525675,-0.828617040382729,4
B11,NC_035782.1_38378544,0.0665135953171347,-0.0256405220646924,-0.0582734058492274,0.0836568573270701,1.40955392985416,4
B11,NC_035782.1_38378547,-0.0184953707303269,0.0208625209763782,-0.0270784608097697,-0.00159047189265638,0.835410901707529,4
B11,NC_035782.1_38679062,-0.00300855578230053,0.0352980311605068,0.0305253646524679,-0.000769481006956609,-0.738578185408146,4
B11,NC_035782.1_38679741,-0.0861468834199882,-0.0120606700698234,0.00557851586077393,0.0192307692307692,-1.8051170077326,4
B11,NC_035782.1_38679817,0.0549504782139066,-0.103111975029341,-0.0554888374369259,0.078668782491871,0.333767628397041,4
B11,NC_035782.1_41060194,-0.0450356768689523,-0.0999519965992462,0.0318903445847949,0.0793867120982527,-0.214940058554062,4
B11,NC_035782.1_42172961,-0.0506038831479041,0.0150991055789817,0.0240550313692729,0.0188877422313955,-1.70200476110752,4
B11,NC_035782.1_45095324,0.0571424300456611,-0.00672244507559121,0.00890324415866211,0.00129233511586453,1.64888358803089,4
B11,NC_035782.1_45453332,-0.00865360391765432,0.0273312784693289,0.00450070751183828,0.0282793210218382,1.62781809800068,4
B11,NC_035782.1_45453335,-0.0110473949466671,0.0301925505050505,0.00982864357864358,0.0252459944270289,1.49374271303483,4
B11,NC_035782.1_45453585,0.00296903219755866,-0.0693505039328838,-0.0219041257160452,0.0244809057649348,0.0173544044676851,4
B11,NC_035782.1_45854300,0.0350611845633466,0.0197943919509486,-0.0183588492799019,0.0296085858585859,-0.403693733624306,4
B11,NC_035782.1_46614478,0.00317550419045669,-0.0200563001430167,-0.0121038208518242,0.0325331516029191,-0.00159847884169961,4
B11,NC_035782.1_47531124,-0.0395802933014443,0.0615220766470596,0.0320533000434216,0.0260441842333079,-0.577076552324877,4
B11,NC_035782.1_48033101,-0.00587766473754919,0.0290321484101596,0.015106420416125,-0.0771049755069593,-0.00837726706047851,4
B11,NC_035782.1_48033113,0.00946478554358028,0.0395544531163714,-0.00201890483125963,-0.0758852937532559,0.0467724706383411,4
B11,NC_035782.1_49284105,0.129797705774198,0.0116156289530902,-0.0217545943448636,0.0240612171962287,0.573462853256323,4
B11,NC_035782.1_49284129,0.148821899182055,-0.00608267643862748,-0.0843994128476887,0.0303289340814696,0.625665967461605,4
B11,NC_035782.1_49595662,0.0145089583211115,-0.0336230780976848,-0.0241889826245026,0.0316225481559784,0.0811933482324295,4
B11,NC_035782.1_49595680,-0.0384510567150018,-0.0279478757676432,0.0039165355033194,0.0256029684601113,-0.379280405509481,4
B11,NC_035782.1_49596815,-0.0804711138838608,0.0952293220363915,0.0247823990039694,-0.0254304782293397,-0.443275059293173,3
B11,NC_035782.1_49616323,0.0553928912823213,-0.00914763544482498,-0.0094739485982229,0.00478380194235045,0.22659513109734,4
B11,NC_035782.1_49616349,-0.0249558177253989,-0.081987888185182,0.0107876624256398,0.0374852544657903,-0.0904685477513122,4
B11,NC_035782.1_49616359,-0.273773541206642,0.117304332377862,0.105918965293965,-0.0616923585673586,-1.1133681352157,4
B11,NC_035782.1_49616384,-0.135895350456029,0.0345811712925848,0.0711802771177771,-0.0108531746031746,-0.561871481410974,4
B11,NC_035782.1_49616413,-0.176332297419518,0.0336752642114976,0.0596942551412028,0.0679484981810563,-0.769277888016805,4
B11,NC_035782.1_49622041,-0.230193565395381,0.123135468867176,0.148804624223832,-0.0655416737733811,-1.63928399168994,4
B11,NC_035782.1_49721198,0.084389325110222,-0.0353028686430775,0.0164969657063464,0.0305755441094784,1.29881084597622,4
B11,NC_035782.1_50474107,0.00395752177633964,-0.0216967357948309,0.00637992632488183,0.0183342920942431,0.786838445517694,4
B11,NC_035782.1_50474309,0.0265708184773849,0.0615764494020134,0.0468648085797168,0.0342194897814694,0.766830063726143,4
B11,NC_035782.1_50884549,-0.0257579762086357,-0.00534217034116795,-0.0601019087912749,0.0564161394754819,-0.143166426424516,4
B11,NC_035782.1_51017442,0.0758694063669823,-0.0362533624607928,-0.0270372154840369,0.0501973547107522,1.66655814234995,4
B11,NC_035782.1_51061117,0.0136642365847009,-0.0443231047978121,-0.0317459069634031,0.0480503795721187,0.387628504125144,4
B11,NC_035782.1_51088696,-0.0580431077082756,0.0593089740464445,0.100812944782089,-0.0478068857276431,-0.274612381427434,4
B11,NC_035782.1_51261530,0.0660145551170269,0.0292233876155279,-0.0257294628965331,0.023650985818056,0.665671106969675,4
B11,NC_035782.1_51930663,0.224766289997386,-0.105673750237704,-0.0383712693393691,0.135186153052007,1.01935326984803,4
B11,NC_035782.1_51930668,0.240772660949224,-0.0768311762777879,-0.0300987497377571,-0.0108620640149389,1.0630274137607,3
B11,NC_035782.1_52113277,-0.141559653255077,0.0308375947910832,0.0544284419284419,0.12024087024087,-1.07496677784042,4
B11,NC_035782.1_52124941,-0.0121594994006259,0.0682176297234622,0.00498036613453617,-0.0506952263580047,-0.0396720813332684,4
B11,NC_035782.1_52295254,0.0282727716750773,0.0527017941290487,-0.0429794440344084,-0.044673534673832,0.17950420118163,4
B11,NC_035782.1_52470602,0.0557677929094583,-0.0156739811912226,0.0194873091313581,0.00480441597383127,3.79803170581343,4
B11,NC_035782.1_52777030,0.0331586984706415,-0.0149361663936202,0.0449875896274722,-0.109790197080738,-0.877431452763353,4
B11,NC_035782.1_53009372,0.0973660562271892,-0.0487176354111838,-0.117403877484523,0.0180908547844032,0.460229668921058,3
B11,NC_035782.1_53239121,0.00439238731982695,-0.063238103100367,-0.0363536175913275,-0.0189193217369045,0.0178677034862152,4
B11,NC_035782.1_53239354,0.0249975789978598,-0.0145359417870928,-0.0677299211259409,0.0388692915961111,0.333449408006702,4
B11,NC_035782.1_53240314,0.0379302196899764,-0.0266922316546625,-0.0345111079446127,0.0321083834606162,0.348412464798191,4
B11,NC_035782.1_53240467,0.00982004536336138,-0.00595789905056453,0.0263363800205253,-0.0657044823626142,0.0870302448909935,4
B11,NC_035782.1_53240729,0.032438751546226,-0.017585138129811,0.0409115089478189,0.027088446344268,0.193780521456469,4
B11,NC_035782.1_53241999,0.0017905294862324,0.0226600990057907,0.00440913672541116,0.0126508202337,0.114348158822459,4
B11,NC_035782.1_53242069,-0.0296690373869385,0.0513268887569465,-0.00575221166354171,-0.00407885765028622,0.83093281007374,4
B11,NC_035782.1_53404865,0.0203404868967118,0.0249494641161308,-0.0205555555555556,0.0119348659003831,1.85552608889465,4
B11,NC_035782.1_53805411,-0.0591472945150406,0.0672619083957835,0.0761430090377459,0.0176069909622541,-0.220853180435315,4
B11,NC_035782.1_53805416,-0.0813091240298263,0.0698768367977218,0.0919287031079245,0.00602177764782912,-0.419463261024216,4
B11,NC_035782.1_53813582,-0.019048778917464,0.0324127884034337,0.0395120696772433,-0.00119866739325273,-0.600081085170419,4
B11,NC_035782.1_53814996,0.0339008401380086,0.053097713388802,0.0217334653069549,0.043363243539754,0.226988630317597,4
B11,NC_035782.1_53914169,0.0441049038505057,-0.0651192127700234,-0.010002443380103,-0.00837779242034561,0.210899229205944,4
B11,NC_035782.1_53917287,0.125969111459825,-0.0622319264897345,-0.0232688842888084,0.120779082383942,0.643592525594957,4
B11,NC_035782.1_54048810,0.0360892664715333,-0.00134679967232502,0.00223899905890566,0.00374360878622771,0.714929448348304,4
B11,NC_035782.1_54305299,0.0590047484791949,-0.0185503693724373,0.0170437845277312,0.0880786358842142,1.55678265452434,4
B11,NC_035782.1_54487556,0.0177331239367503,-0.0213813026969094,-0.026806653981691,0.0327932642706269,0.275096667403351,4
B11,NC_035782.1_54788505,0.14047964147619,0.0263612638125382,0.00625772213004912,-0.0380655010629939,0.237168399247104,3
B11,NC_035782.1_55861259,-0.151901008821387,0.0609051011485189,0.048379420226186,0.0211552750181392,-0.73316650518417,4
B11,NC_035782.1_56718227,-0.0376330633422359,-0.0861017586684481,-0.0670570712812092,0.0812606837606838,-0.147313314266057,4
B11,NC_035782.1_57103028,0.082728306176582,-0.0466707717569786,0.0555500821018062,0.116908866995074,0.397893235740783,3
B11,NC_035782.1_58196359,0.13574891527589,-0.0831929357237263,-0.106400975438367,0.0410356832272663,0.584020628483059,4
B11,NC_035782.1_58677480,0.0744069128884029,0.0218920518262623,-0.023442981647316,-0.00930175639477965,1.51175583683457,4
B11,NC_035782.1_59169397,-0.000679552831904767,-0.0344993871651467,0.010348556821935,0.0264288486482622,1.71066161428757,4
B11,NC_035782.1_59294783,0.0686776267177302,0.0594349226714149,0.00232999287151789,0.0173281267866018,0.297715644442653,4
B11,NC_035782.1_61292582,0.0404572041508191,0.00843484422840694,0.0100719605641562,-0.0405758608540431,0.211763108697875,4
B11,NC_035782.1_61292824,0.071651316183911,0.0173114315963877,-0.0407904163453521,0.0798142016207948,0.355668178017532,4
B11,NC_035782.1_61293962,0.0944675341018972,-0.0506692239114557,-0.0146810849434405,0.0273626285460367,0.439853321844744,4
B11,NC_035782.1_61294148,0.0962764692602796,-0.000430453204382758,-0.0362427134095978,0.0873636667248497,0.373658682646796,4
B11,NC_035782.1_61294562,0.0693695528007583,0.00802145504741653,-0.0207558702503825,-0.0284486659826489,0.295114563710205,4
B11,NC_035782.1_61304690,-0.00826040735313203,0.0667751320498253,-0.0154663440533506,-0.0226717893472931,-0.0919457859183593,4
B11,NC_035782.1_61714858,0.0230458723161419,0.0343651229556443,-0.0224158940061813,-0.00592681258549932,0.399895335696692,4
B11,NC_035782.1_61715005,0.0347190842881857,0.00263381068227927,-0.00232120145730211,0.00238048396616172,1.52492385886549,4
B11,NC_035782.1_62205481,-0.119816195164964,0.0258800287356322,0.147974291597517,-0.00965406719717064,-1.66032005261764,4
B11,NC_035782.1_63385233,0.0407110214164397,0.0335698605269809,0.0747009641580846,-0.21726774696877,0.19636358565352,4
B11,NC_035782.1_63385247,0.064119073790413,0.00653700957371771,0.033205497366151,-0.18832742516953,0.323048387289943,4
B11,NC_035782.1_64451246,-0.0146087879141358,0.0458908626941944,0.0320582856967238,0.0357336037863421,-0.713596511044039,4
B11,NC_035782.1_64885926,-0.0799755210207129,0.0978772946984154,-0.0692778656787945,0.0318159068159068,-0.289302067193949,4
B11,NC_035782.1_64886034,0.0554926019001649,0.00894644644644646,0.0160541186171438,0.0329861111111111,0.366768526044217,4
B11,NC_035782.1_64889142,-0.0477708637756576,0.0779995447532586,0.0539856258081706,-0.101348972981764,-0.624182183816617,4
B11,NC_035782.1_65428478,0.0393467620527914,0.00330756871129542,0.0907267808778943,0.0154284121675426,-0.678122377173137,4
B11,NC_035782.1_67287407,0.0619773733763712,0.00244138555402278,0.0201095527330595,0.0486712305159277,0.273748699897747,4
B11,NC_035782.1_67400566,0.0713660561144125,-0.0112801807122219,-0.0218366110499851,0.0582567493614839,0.37401527973539,4
B11,NC_035782.1_67502714,-0.0203159275992797,-0.0126790553619822,-0.0344947735191638,0.0166473093302362,-0.326476431807766,2
B11,NC_035782.1_67503497,0.038323153960798,0.0161091036698146,0.0093221454654802,-0.0105739729508603,1.88437436003201,4
B11,NC_035782.1_67503849,0.0223520252317574,-0.0121581859356487,0.00658574998968604,-0.0197018657773442,1.21145043280678,4
B11,NC_035782.1_67503988,-0.035187671582737,-0.00405420528258605,0.0171615249073786,0.0124055784417308,-1.42822014632479,4
B11,NC_035782.1_67504195,0.0805371083939438,3.45555033397088e-05,-0.0267078488236454,0.102900370684318,0.338102816943319,4
B11,NC_035782.1_67568695,0.018770362428899,-0.059077380952381,-0.00634920634920635,0.0128111471861472,1.44855299683434,3
B11,NC_035782.1_67816491,0.0903545966114024,-0.0616646900857427,0.0515938836991469,0.093003721424774,0.510196724492467,3
B11,NC_035782.1_68639810,-0.0508388434416732,0.0830709720852946,0.0159441084692838,-0.0870354910664988,-1.75571108996642,3
B11,NC_035782.1_68641094,0.0424749893672977,0.0429040138536099,0.0139991496934296,0.0547466422466423,0.2493776467983,4
B11,NC_035782.1_68702210,0.120432178547325,-0.00811671880750828,-0.0649752772773513,0.0677302360792859,1.41686609934877,4
B11,NC_035782.1_69900349,-0.0270283892319432,0.0170940170940171,0.0546955624355005,-0.0680272108843537,-1.44691499190019,3
B11,NC_035782.1_70197207,-0.170200415942933,0.140570355892426,0.132364532055699,-0.0849620962522197,-0.78549834674203,4
B11,NC_035782.1_70690936,0.201230901893312,-0.141931216931217,-0.143063642894851,0.0353456039626252,0.908195205761149,4
B11,NC_035782.1_71468428,0.0849700171186783,-0.0200902033185987,0.00530603364070877,0.0446947323610684,1.87797484095913,4
B11,NC_035782.1_73460834,0.00105900712851346,0.0159108853577048,-0.0447632713287362,0.133756267579797,-0.104540558336254,4
B11,NC_035783.1_1381704,-0.109476020810951,0.173260097954684,0.0975735880468622,-0.108042864141138,-0.502069402235497,4
B11,NC_035783.1_1489526,0.0478916579772428,-0.00177715400541488,-0.0052172197707912,0.0230767419962335,2.95288546781065,4
B11,NC_035783.1_1732230,0.0308310091239347,-0.0202791827023091,-0.0230016828865934,0.0151881130142,1.51928424513106,4
B11,NC_035783.1_1732663,0.0781547529764724,-0.0912104365027607,-0.0360532692674836,0.0695278298936836,0.458181578687763,4
B11,NC_035783.1_3307795,-0.0174667865246939,0.0528790087588554,0.00741071157921436,-0.0175888089720951,-0.106266781515445,4
B11,NC_035783.1_3808851,0.00474894482143877,-0.02028910504216,-0.000708298648672168,-0.010470746104161,-0.354344466337345,4
B11,NC_035783.1_4767360,0.00920248753585608,0.0391713657728114,-0.00313713555449207,-0.0224508377018519,0.000979359396200974,4
B11,NC_035783.1_5914854,-0.0323584925440885,0.00411597476450958,0.0840744526791039,0.0475631467675531,-0.0876207145563793,3
B11,NC_035783.1_5914857,-0.000995788519909603,-0.0142884777031119,0.0707010494815373,0.0489855545876887,0.171881245924032,3
B11,NC_035783.1_8785734,0.0407566501368589,0.00576067900955465,-0.00620548769901477,0.0260597404148373,2.14989358088066,4
B11,NC_035783.1_8785808,0.0388616520464827,-0.000820098532980235,-0.021120439958196,0.0503920387374817,0.268020309432607,4
B11,NC_035783.1_8799934,0.0203086242341353,-0.029877213429845,-0.00336155429223465,0.0277489274032539,2.57132367590246,4
B11,NC_035783.1_8800083,0.0480161425044184,-0.0339074476036249,-0.044677600245114,0.0310365318209512,0.356161091871891,4
B11,NC_035783.1_8800089,-0.0373770903785733,-0.0128457890085797,0.0312303829252982,-0.0205914870093975,-1.43166360263228,4
B11,NC_035783.1_10536993,-0.122661226683868,0.0346662109820005,0.0194002836244215,-0.0736920599725478,-1.75445936435082,4
B11,NC_035783.1_10572445,0.16161479148955,-0.118380398445409,-0.104592852805238,0.0743331423478482,1.39132452716077,4
B11,NC_035783.1_11137100,-0.019412299962183,0.030919268603298,-2.04731470606987e-05,-0.0146873041193912,-1.85555519549276,4
B11,NC_035783.1_13118258,0.013446238322981,0.0123179402010487,0.00701734588814852,0.0260192406482044,1.74654449701194,4
B11,NC_035783.1_13448949,0.0115097702444188,0.017262281556419,0.00426306988806989,0.0204055642633229,-0.26405177050301,4
B11,NC_035783.1_13630929,0.00789185851685852,0.00438933251433251,-0.00594466219466219,0.0273301818113139,-1.02297416222478,4
B11,NC_035783.1_13696438,0.0179246851066369,0.00806885301180436,0.0596569087534555,0.0179205024289433,0.112954684213923,4
B11,NC_035783.1_14123997,-0.0650741628344421,0.0530660377358491,0.0230078982009653,-0.0297817240103589,-1.21585977477183,4
B11,NC_035783.1_14126152,0.0198670790995274,-0.015164716113258,-0.0216688224628334,0.0210054507468301,0.647241102129742,4
B11,NC_035783.1_14127246,-0.0554275908867735,-0.0176946715638219,0.0327316047486876,-0.00802040359090839,0.123291901370617,4
B11,NC_035783.1_16287622,-0.0678104575163399,0.0562836673130791,0.0456349206349206,-0.0061116419812072,-4.18230119360411,3
B11,NC_035783.1_17229812,0.0835243340496205,-0.0465495289024701,-0.114427540306154,0.00190677443998127,0.61258725490075,4
B11,NC_035783.1_17229849,0.0364776759645855,-0.0140183057482903,0.00464338149548647,-0.0206461287482337,0.267211563122147,4
B11,NC_035783.1_17229863,0.0324455349155155,-0.0188033504834856,-0.053248304552986,-0.0281999828008074,0.0940486702680649,4
B11,NC_035783.1_17230384,0.0507614252893135,-0.0127049073857585,-0.0950057920336803,0.0226859287798233,0.0503724614272826,4
B11,NC_035783.1_18683241,0.0542566045989477,-0.0431340184755134,-0.0270048669039114,0.0298695113787695,0.41272826830465,4
B11,NC_035783.1_18835662,0.0759797888859885,-0.0102608336759569,0.00999231067070316,0.0510852828586151,0.310226284344912,4
B11,NC_035783.1_19550350,0.139773848280001,-0.0213658572994149,-0.0786093559841955,-0.0105714722619685,0.730789033977855,4
B11,NC_035783.1_19814036,0.203001165419589,0.0195812807881773,-0.0534293932579165,-0.0147101688390255,1.0088419387379,3
B11,NC_035783.1_19841780,0.0750160198646322,-0.0857142857142857,-0.0254515599343186,0.0512265512265512,2.130072689824,3
B11,NC_035783.1_20018616,0.0863606470224935,-0.0394634082134082,-0.0931378158964366,0.00985140985140985,2.91776649252367,3
B11,NC_035783.1_20043057,0.0441694863507688,-0.0460718253053466,-0.0225762631880541,0.0318186874304783,1.8447628552774,4
B11,NC_035783.1_20052557,0.017863181851911,-0.0183280718383193,0.0554149923683145,0.0485023865490644,0.597619109940855,3
B11,NC_035783.1_20482835,-0.0392457855373456,-0.00324594889812281,-0.00868983957219251,0.0573593073593074,-1.61812974332565,4
B11,NC_035783.1_21008765,0.11896876053358,-0.0920529477358846,-0.0877187979436855,0.0952797798961482,1.76250298396135,4
B11,NC_035783.1_21034639,0.0273232980814117,-0.00854959695476937,0.0534290126708991,0.00747051343666146,0.155944088862514,4
B11,NC_035783.1_22530501,0.0174555805800975,-0.118273529103217,-0.123553485510982,0.102221914264597,0.293455952671382,4
B11,NC_035783.1_22600831,-0.0498824720614561,-0.0583880858830149,0.0160466707205838,0.0547727272727273,-0.199376738363243,4
B11,NC_035783.1_23137779,-0.0178949700702068,0.0238841995448378,0.0177822633364887,-0.00373373678796218,-0.200128366389126,4
B11,NC_035783.1_23139207,0.00681936455152063,0.0399185740449706,0.00925431476418319,0.0444862155388471,0.859519887444278,4
B11,NC_035783.1_23565352,-0.0545859060331271,0.054357516140427,0.0725357597879714,-0.0755631580893867,-0.238262943317643,4
B11,NC_035783.1_24465454,-0.00296202233042401,0.00610020877084926,0.00132488479262673,-0.0165898617511521,-0.117557801295574,4
B11,NC_035783.1_25285436,-0.16490535812125,0.0325462580897364,0.0924399674399674,-0.0345695970695971,-4.04339800461506,4
B11,NC_035783.1_26877323,-0.0242479137345946,-0.0698058102136573,-0.0101655238551047,0.0377759640601298,-0.201004226913093,4
B11,NC_035783.1_27390097,0.0854000693079755,-0.0538132898593539,0.0509419446685825,-0.0126529477196885,0.36830579985526,4
B11,NC_035783.1_27390138,0.0310758707232726,0.0224959580009951,-0.0042000792000792,-0.0238324175824176,0.154425921686169,4
B11,NC_035783.1_27526759,0.00514978673338558,0.0234897624541088,0.0134354892419409,0.0177832919768404,-0.521672141347381,4
B11,NC_035783.1_27815822,-0.118213950839992,-0.0647040690576768,-0.062230002787068,0.105842941383559,-0.513208468698035,3
B11,NC_035783.1_28271776,0.0698863429314733,0.0189480943111222,-0.00389165352400646,0.0122419341957157,1.44512642835017,4
B11,NC_035783.1_28344874,0.00764207242689263,-0.0210436318810837,0.0265727896875438,-0.0129364260511802,-1.26694287411254,4
B11,NC_035783.1_28573496,-0.0347847180506731,-0.0258520390633895,0.0268770105524299,-0.0186528204932644,-1.22254911665596,4
B11,NC_035783.1_28679770,-0.0178605977052934,0.0016878032169982,-0.0192470356627865,0.0164370464624157,-0.19073058895708,4
B11,NC_035783.1_28787445,-0.058628399454186,0.0259436834128053,0.0796906240440124,-0.0230315782388283,-0.382824296081567,4
B11,NC_035783.1_28787605,-0.0401686117609774,-0.0182528217777452,-0.0408900171905015,0.0912684882276009,-0.216829668553822,4
B11,NC_035783.1_28787612,0.0747481168523576,-0.0159416219948169,0.010925389543264,0.0109978028500452,0.77847807287369,4
B11,NC_035783.1_29118307,0.227816156326017,-0.133753167394451,-0.138634489454986,0.0972393476700399,1.30652366790962,4
B11,NC_035783.1_29118374,-0.0367553971087746,0.0065863945047515,0.016468253968254,-0.00357142857142857,-3.37125560483968,4
B11,NC_035783.1_29118538,-0.00212924691190628,0.0489059712038745,0.00118833148558758,0.0227646531100478,-0.201724214749014,4
B11,NC_035783.1_30269978,0.14664506861961,-0.0491639343684538,-0.00456883821386046,0.117656167756974,0.737108889712732,4
B11,NC_035783.1_30270014,0.070537768519648,-0.0922466245531008,-0.0585104052237673,0.0995156962290583,0.227489807343055,4
B11,NC_035783.1_30669191,0.0227443494494571,0.0059783384699755,0.0126718699960078,-0.060494969698779,0.514062779067237,4
B11,NC_035783.1_30669197,0.0177557630768572,0.0156001856076019,0.00924778432009885,-0.0529993408042189,0.280232862476027,4
B11,NC_035783.1_32175548,0.0180796678345173,-0.0113689554607736,-0.0217875762230601,0.0295639496896024,0.220280370805499,4
B11,NC_035783.1_32177087,-0.000391689467305955,0.010712853719541,0.0446244131050749,0.014215238581969,0.0345831161860547,4
B11,NC_035783.1_33271602,0.00119919684571766,-0.0229108446020211,-0.0265634279039946,-0.0056127151715387,-0.0222953168579845,4
B11,NC_035783.1_34267856,0.0494603095271334,0.034029992567252,0.0354622459505854,-0.0332228810603418,-0.750183716304387,4
B11,NC_035783.1_34994267,0.0646468950810241,0.0155783948194663,-0.0418972316490699,0.0778288398692811,0.676115465513728,4
B11,NC_035783.1_35080555,0.0271031261104245,-0.00446428571428571,-0.00181878306878307,0.0243055555555556,2.02101251074171,4
B11,NC_035783.1_35141127,-0.127055564013563,0.0657546557824617,-0.0184258543126826,0.070875380847575,-0.614241186701649,4
B11,NC_035783.1_35781706,0.109925066481245,-0.0769620910957255,-0.134448544972565,0.0772604626713756,3.67637679462096,4
B11,NC_035783.1_36116477,-0.00507238841774151,-0.0270768633540373,-0.0136241215917349,0.0307971014492754,0.290103292497249,4
B11,NC_035783.1_36454573,0.00110790307336645,0.0228618810708363,0.00762255762255762,0.0142857142857143,-0.00383872213472647,4
B11,NC_035783.1_37002839,-0.0840335604654758,0.00740027175177092,0.0379077278693647,0.0262822322604931,-0.46306784679312,4
B11,NC_035783.1_37503121,0.0943838162793985,-0.053412126563398,-0.0791734357646404,0.0472918579431294,2.04270729139332,4
B11,NC_035783.1_40639791,0.0583368111554386,-0.0242459020645295,-0.0342491205236303,0.0434588650274925,1.08146851598731,3
B11,NC_035783.1_40639825,0.0659834120244329,-0.00252592709753306,0.0224087826711155,0.0150102923258007,2.41311355693659,4
B11,NC_035783.1_40716754,0.0376344352990637,0.0590589426529429,0.0423180216283665,-0.0441134484237932,0.201253823399902,4
B11,NC_035783.1_41296211,0.000837687211001742,0.0409145180817007,0.00764647568492586,0.0175656047366574,1.16412089208798,4
B11,NC_035783.1_41424284,-0.0443112283798756,-0.0405473718013053,0.00320784958549507,0.053778123098152,-1.38587374336107,4
B11,NC_035783.1_42334704,0.0712675227686289,-0.0576132326178382,-0.0455037975292003,0.00772492825383049,1.78252535127775,4
B11,NC_035783.1_42334807,-0.0498664542860683,0.0495409959421754,0.0494682326431011,-0.0679378986664009,-0.225134935196564,4
B11,NC_035783.1_42335722,-0.0268688232514079,-0.00886527687998276,0.00503371391629853,0.0302108257291245,-0.926708285324759,4
B11,NC_035783.1_42335796,0.0492613115571612,-0.0149856555133867,-0.0121547721279321,0.0225672310778914,2.55307429448299,4
B11,NC_035783.1_42341430,-0.0092498170719077,0.0377893804654626,0.0422724785767467,-0.00508214517202045,-0.366209297226317,4
B11,NC_035783.1_42341580,-0.0508951641073861,0.0306686791238678,0.0126410171344129,-0.00726280340883784,-1.04018995720327,4
B11,NC_035783.1_42342229,0.0192958650834291,0.0303693459090157,-0.0072987104491834,0.0158585377776393,0.193070584184953,4
B11,NC_035783.1_42345489,0.0987172357562201,0.0115954972359871,0.0318171192995877,-0.0119430431869292,0.560438922453735,4
B11,NC_035783.1_42347598,0.0362853016985975,-0.0224134382875117,0.0206543510566887,0.00735280254672894,0.488746813573013,4
B11,NC_035783.1_42521135,-0.0211759374394408,0.00617845918679311,-0.0438303375247466,0.0262251886156254,-0.0838217308629397,4
B11,NC_035783.1_42713278,-0.0865875231273102,0.0988260829785598,0.0550085351590033,-0.0629738682370261,-0.351105015470114,4
B11,NC_035783.1_43063628,0.00166446470597561,0.0224477897609027,0.00348959028445643,0.00380376150747986,-0.186989655482508,4
B11,NC_035783.1_43517138,-0.0200317225824154,-0.0195199185868728,0.0469785635511442,0.0673163082437276,0.259502640030768,3
B11,NC_035783.1_43713490,0.0665730600619218,-0.0221686229308181,-0.0691010987063619,0.0288299663299663,2.55553382673967,4
B11,NC_035783.1_44995869,0.112029498709065,-0.101161228477405,-0.102994987468672,0.040952380952381,2.12471886642029,3
B11,NC_035783.1_44995919,0.0291557744295894,-0.0714487659285666,-0.0734824434824435,0.0275076659451659,0.265138633870309,3
B11,NC_035783.1_46365481,0.0109735023292355,0.0189293658901428,0.00283477363810126,0.00707723051226989,0.170513251690268,4
B11,NC_035783.1_46369932,-0.128854028353403,0.114375646076479,0.233862433862434,-0.0453326077824875,-0.812044655224507,3
B11,NC_035783.1_46372984,-0.0139020305110167,0.021555538286493,0.0279241967106146,-0.0277395737345675,-0.892123022463717,4
B11,NC_035783.1_46373095,-0.0850353717812666,0.011978267814453,-0.0443204208464693,0.0221712980394518,-0.418247455189448,4
B11,NC_035783.1_46373158,0.0888922431742158,0.0313467405225101,-0.0189597793714317,0.0114551530518792,0.926060702352196,4
B11,NC_035783.1_46373176,-0.016122100500801,0.00379563972570461,-0.0193439569925139,0.0530492898913952,-1.67678701538258,4
B11,NC_035783.1_46373201,0.124557611865588,-0.113168242221948,-0.112555790203068,0.0951817166382922,0.515794849748626,3
B11,NC_035783.1_49372961,0.0599178511459074,-0.0212810757362946,-0.0948948354743427,0.0573307691059286,0.476844000142372,4
B11,NC_035783.1_49373273,0.0756449431084827,-0.0691447486684548,-0.0349974123745202,0.0498895816784542,0.39705616156981,4
B11,NC_035783.1_49881397,0.0661935873110761,0.0266868982164683,0.00438720757976047,0.0123001186917443,0.463404480625192,4
B11,NC_035783.1_49912963,-0.0336481001295889,0.0243201881377711,0.030502608982623,-0.0439854513558066,-0.262210713193055,4
B11,NC_035783.1_49913403,0.0127473651554851,0.0128941939286767,-0.00652751911005762,-0.00798974303365976,-0.568222966777526,4
B11,NC_035783.1_49914795,0.0111687496415727,-0.0361171904929173,0.0649222488038278,-0.0069677033492823,-0.140143812463592,4
B11,NC_035783.1_50322456,-0.0428416821268606,0.0217385993753674,-0.00182717047470127,0.0439897589025336,-0.214140276553912,4
B11,NC_035783.1_50322462,-0.0553376991310117,0.0615939212570802,0.0166689797042317,-0.0109093974475564,-0.297274121913514,4
B11,NC_035783.1_50322903,0.0287092079472893,-0.0709413108028469,-0.0238467711503956,0.0318755911567992,1.3794905713763,4
B11,NC_035783.1_50930434,0.0167613920271431,0.00225005957206937,0.0336628863760387,0.00189639305420847,0.284622395253983,4
B11,NC_035783.1_52272053,0.0582338970588352,0.00665549841566672,-0.0142195767195767,0.0300925925925926,0.798360670820335,4
B11,NC_035783.1_52362704,0.110262376711769,0.0356651564100111,0.0337952211133778,-0.0207312973933614,0.457147425397013,4
B11,NC_035783.1_53415755,-0.005227557667616,0.104039270790724,-0.027889941653194,-0.0530229827459337,-0.0201246319740904,4
B11,NC_035783.1_53477115,-0.0933312406939473,0.156699495136313,0.0750166467176513,-0.00960065818785198,-0.519912583803191,4
B11,NC_035783.1_55151282,0.159495528356108,-0.0181460772909567,-0.0526455877398139,0.018446681095575,1.5576558371871,4
B11,NC_035783.1_55565612,-0.21177912487123,0.103511904761905,0.0574750955672008,-0.0821654351395731,-4.18436578251861,3
B11,NC_035783.1_55872214,0.0131026589122998,0.00938200318589195,-0.00433191873452606,0.0339268447578498,1.03617274176671,4
B11,NC_035783.1_56121636,0.0657085344924816,-0.078304186026878,-0.0891245812635101,0.104372695559396,0.476169214256558,4
B11,NC_035783.1_57038822,0.227887174097297,-0.0317720653734922,-0.129537063533227,0.0985085087546724,1.26937800296308,4
B11,NC_035783.1_57408772,0.0827820188763085,-0.0547844895744314,-0.0935231637639252,0.0360300937708553,0.360743386468032,4
B11,NC_035783.1_57841545,0.00803568762453272,0.0239410096823533,0.000949741315594975,0.0174787294384572,0.692938355739866,4
B11,NC_035783.1_57841575,0.00571847979624121,0.0313354795359439,0.00697459374242057,-0.00100026852846402,-0.186152123345421,4
B11,NC_035783.1_58525962,0.135763353547812,-0.0650793650793651,-0.192914653784219,0.110579196217494,0.920330814490778,3
B11,NC_035784.1_925103,-0.0237580713774432,0.0174321256573615,0.0477857381439699,0.0988724816849817,-0.101998335789551,4
B11,NC_035784.1_1006159,-0.0579400092012976,0.0255948352722546,0.0688937922535517,-0.0721076885762794,-1.14164556901915,3
B11,NC_035784.1_1548481,0.0734972599085502,0.0264908702408702,0.0292083677970775,-0.00667735042735043,2.77500658649313,3
B11,NC_035784.1_1548575,-0.135392088435925,0.126586759138477,0.101202404558253,-0.101988636363636,-0.93006568053257,4
B11,NC_035784.1_1884244,-0.0489369957246826,0.00580031624127108,0.00787025923599898,0.0026948544892271,-2.96883185903956,4
B11,NC_035784.1_2379758,-0.0270031674901465,0.018060031366483,0.0483045616110132,0.0182494924430408,-1.40529290641937,4
B11,NC_035784.1_2577783,0.0339494371272968,-0.000566397904077714,0.0101159887549756,-0.0150556136215383,0.418142782691861,4
B11,NC_035784.1_2577832,0.0581823718768599,-0.0340979554214848,0.0373132513376416,0.0270950594121326,0.980824182889734,3
B11,NC_035784.1_2577915,0.0441769310233273,-0.00896921268507403,-0.00869497508305648,0.0234375,0.360033403537227,4
B11,NC_035784.1_2789575,0.0322934415085766,0.0147065824673119,0.00252222271856241,0.0109835296215116,-0.454052206792624,4
B11,NC_035784.1_2789865,-0.134486507895069,0.0797329222915489,0.117443174525385,0.0206642304919582,-0.557458423705821,4
B11,NC_035784.1_3179672,0.0466136008620732,0.0243081118728269,-0.0119550855459241,-0.0544171727395412,0.40985402115939,4
B11,NC_035784.1_3208261,0.104932048302907,0.0388872709000438,-0.095696746483604,0.107738671299792,0.521073182864963,4
B11,NC_035784.1_3208454,-0.0270813433259176,0.0906732828103796,0.106680422305422,-0.0709415584415585,-0.415532834148769,4
B11,NC_035784.1_3590040,-0.0516136778159126,0.0612136879770808,0.0318327636061626,0.00868236191896906,-0.948935092296253,4
B11,NC_035784.1_3590041,-0.0434104902298371,0.053194053975304,0.0218746065156446,-0.0225688374125874,-0.906602195732811,4
B11,NC_035784.1_3893648,-0.0535681126979131,0.0590718817230464,0.0561106794555782,-0.0390356537868025,-0.265100251272956,4
B11,NC_035784.1_3893666,0.011927507564876,0.0692755278683118,0.0103773601906523,0.0150362587574494,0.895281963751259,4
B11,NC_035784.1_3893677,-0.0294638490893984,0.0646895444466727,0.0157413220405988,0.0296722524801185,-0.403402382772352,4
B11,NC_035784.1_4396804,0.0101494671515842,0.00350599920317893,0.0680766061306499,0.0474521908392662,0.0255929396396439,4
B11,NC_035784.1_4398274,-0.0578438295701758,0.0306145782889969,0.0131668824542043,-0.194374492048911,-0.282135070856083,3
B11,NC_035784.1_5652660,-0.0214006004063766,-0.0264633635866197,-0.0217921425232084,0.0726681985907968,-0.203385667365983,4
B11,NC_035784.1_6893376,-0.0636268487932497,0.0435473310941173,0.0545903856418792,-0.0565226569096538,-0.378910400635923,4
B11,NC_035784.1_6897306,-0.0143664949560389,0.0228299478299478,-0.0743961313065874,0.0699765417231171,-0.201746164951889,4
B11,NC_035784.1_7344693,0.0593630732743352,0.0317160142872287,-0.0469985399820305,0.0673875603563104,0.355487454794595,4
B11,NC_035784.1_7863388,0.101542727823908,0.0136125175376011,-0.015250878154104,0.0700352143291888,0.418219784882401,4
B11,NC_035784.1_8482483,0.157422030932455,-0.127160268573931,-0.117917305344949,0.0765105468134441,0.911660722391898,4
B11,NC_035784.1_8483835,0.0732228809021155,-0.0205289398026844,-0.0218070146586194,0.114460187264492,0.426783068028931,4
B11,NC_035784.1_8616236,0.0109208070373696,0.0653589470215251,0.0207869134422807,-0.0183118002859807,2.26188502881359,3
B11,NC_035784.1_8764215,-0.00503202242973805,0.0505020738208421,0.0293991138591865,0.0928714880625783,-1.55810040205026,4
B11,NC_035784.1_10925092,0.0474965495783495,-0.0175227376168236,0.012092151675485,0.0496377380205064,1.07877046997434,3
B11,NC_035784.1_12078516,-0.037668719735091,-0.0528582696937794,-0.0318467897356849,0.0863047905873429,0.120104811924777,4
B11,NC_035784.1_12080107,0.0394998521081951,0.0279755527670954,0.00384172992868645,0.0260582010582011,0.669004806164366,4
B11,NC_035784.1_12387269,0.208351630483523,-0.0271403896469271,-0.101923164266917,0.110292812051717,0.929823212279367,4
B11,NC_035784.1_12387344,0.0253789425747406,-0.0965264492261062,0.0141346869760373,-0.0238719353155973,0.0651816178022361,4
B11,NC_035784.1_12414997,0.0617533637653776,-0.0368746207292255,-0.0628376950413564,0.073598776203381,0.416788718027261,4
B11,NC_035784.1_12414998,0.0881948457475019,-0.0208476237496381,-0.0402914179343465,0.0550845023015188,1.85388735788134,4
B11,NC_035784.1_12681743,0.0226254284444509,-0.0157219792718859,-0.0625411665236564,-0.0362054507337526,0.248514390521658,4
B11,NC_035784.1_12681792,0.0278288764445664,0.0058929443852684,0.00685078632055396,-0.0910611065773858,0.198131728654869,4
B11,NC_035784.1_13206981,0.238406038406038,0.0578563411896745,-0.086025086025086,0.101661779081134,1.18098551728396,3
B11,NC_035784.1_13437511,0.0281340386015633,-0.0567775452108662,-0.0387517978150035,0.0987347070626186,0.124775320865382,4
B11,NC_035784.1_13968828,-0.0154177330432103,0.0634734860708013,0.059191933532981,0.0397628758305989,-0.065113733183381,4
B11,NC_035784.1_13969211,-0.0454580532582426,-0.00978687220225427,0.0370999434500869,0.00360656718519604,-0.518882984914093,4
B11,NC_035784.1_14813825,0.0268025568527165,0.0784906856498284,0.0469103678406004,0.0657951517234135,0.0551116855657697,3
B11,NC_035784.1_15263852,-0.00112117139731382,0.0447929169543972,-0.020642937309604,-0.0260942760942761,-0.138704276382617,3
B11,NC_035784.1_15263911,-0.0454310190929263,-0.00963099358996049,0.0145162211339486,-0.0020079061559844,0.161390797742981,3
B11,NC_035784.1_15264003,0.0534109976925882,-0.0739814157497084,-0.0722911571672599,0.0312750367628416,0.260707811624812,4
B11,NC_035784.1_16308085,-0.0586620380533232,0.0169432419432419,-0.0128730583142348,0.05254329004329,-0.363684181847271,4
B11,NC_035784.1_16551498,0.105312321761551,-0.0417420639807102,-0.0144238817687935,-0.0131340052981844,0.529140746751583,4
B11,NC_035784.1_16553689,-0.0423180868462817,-0.000445807355200147,0.00749513518272284,0.0143452380952381,-0.509708286848075,4
B11,NC_035784.1_16598697,0.0543847041277012,-0.0710606240596338,-0.117618571925721,0.0525559748061875,0.477162534683724,4
B11,NC_035784.1_18765295,0.135533221077571,0.00651910978564722,-0.054306107627688,-0.00146402361991413,0.850253735462666,4
B11,NC_035784.1_21091299,-0.101576842894794,-0.0466258565385553,0.000894253069300507,0.0550610008271299,-0.192267954354835,4
B11,NC_035784.1_21690473,-0.0199361971775766,-0.0366737697584774,-0.0406784661282412,0.00821376898963104,-0.13565534424623,4
B11,NC_035784.1_21690645,0.0742431979410527,-0.0510232712613665,-0.206604938271605,0.0770282186948854,0.416731613463219,3
B11,NC_035784.1_23281601,0.0258847725170674,-0.0415540515584395,-0.0194923223746172,0.04411396441247,0.316845055161085,4
B11,NC_035784.1_23438944,-0.0037060383469958,0.0103219696969697,0.015530303030303,0.0166666666666667,-0.0939708043942502,4
B11,NC_035784.1_23453487,0.166521858554158,-0.101999059621342,0.035227978543196,-0.00629940711462451,0.800765556387755,4
B11,NC_035784.1_25206221,0.0962809483809698,-0.030825667362718,-0.0306646840379974,0.0462011901850493,0.365641219751564,4
B11,NC_035784.1_25587026,0.029014944201715,-0.0128631058863617,-0.00186612402963905,0.0162442396313364,2.82546986312902,4
B11,NC_035784.1_25587359,0.0493023445366193,0.00827686353600988,-0.0148493867243867,0.036656746031746,3.08405402466826,4
B11,NC_035784.1_27720019,-0.0287179302570372,-0.0264889382925753,-0.0288257984576518,-0.00764457952132993,-1.16958298612738,4
B11,NC_035784.1_27818098,0.108518784147942,-0.0147265659588402,-0.0557370272220512,0.0990467635918003,0.46898419772568,4
B11,NC_035784.1_28065131,0.075937736718217,0.0503288526949241,-0.0163035547626065,-0.00752195720945721,0.483324748085035,4
B11,NC_035784.1_28065132,0.0628053044173207,0.054889758546387,-0.0297246561373369,-0.0377366182204892,0.388254719639684,4
B11,NC_035784.1_28584969,0.0277994540488294,-0.00296379587983786,-0.00661375661375661,0.0895206766917293,0.0345810785351118,3
B11,NC_035784.1_29462602,-0.0317730325227871,0.031371087928465,0.0349364791288566,-0.0478603603603604,-1.95244849316423,4
B11,NC_035784.1_31115400,-0.207781451569369,-0.00753364578969416,0.0674745810205628,0.0108148893360161,-0.877010938502325,3
B11,NC_035784.1_32631109,0.147319494079076,-0.0618693907718298,-0.120199631959214,0.0820727533007737,2.31179444169619,4
B11,NC_035784.1_32769358,0.0215792953116066,0.0302672955974843,0,-0.0357142857142857,1.10275344667371,4
B11,NC_035784.1_33738595,-0.120564080181795,0.0593067702402741,0.00678637396987782,0.105357019423516,-0.573346226180557,3
B11,NC_035784.1_33796581,-0.0842795482450655,0.0504002379002379,0.0802873563218391,-0.0347222222222222,-5.17401704418702,4
B11,NC_035784.1_33796582,-0.105610056834097,-0.010498109167281,0.0656400102134552,0.0178833684249753,0.558902912299895,3
B11,NC_035784.1_33866949,-0.209283161396937,0.0948704911730716,0.00436738985652029,0.0749595332204028,-1.80335584026854,3
B11,NC_035784.1_37718390,-0.181775055916049,0.0872885239295167,0.110738079106982,-0.103497225448445,-1.54399381447958,3
B11,NC_035784.1_37718554,0.117958673096439,-0.0525396014273668,-0.112525226383922,0.0646250941087898,1.78289408633286,4
B11,NC_035784.1_38263340,0.0138277807598088,-0.0108988208074517,0.0140006835940537,-0.0779474610356963,0.299196823344589,4
B11,NC_035784.1_38672323,-0.112404059481277,0.0679303040700214,0.0239821453056747,-0.0345022624434389,-4.8549890878403,4
B11,NC_035784.1_39585835,0.206228820954515,-0.126526106284128,-0.213203463203463,0.106423827314238,1.25868332814777,4
B11,NC_035784.1_39585870,0.290014044369543,0.0156798419933417,-0.146678066536411,-0.0415046910478596,1.36842920861451,3
B11,NC_035784.1_39745091,0.0529560011416467,0.0998083250238423,-0.00702791952791953,-0.0504847067347068,1.3892330176456,4
B11,NC_035784.1_39796840,0.00421945750609543,0.0907646499780121,0.0217117293625914,0.0378222145463525,0.0545376733166584,4
B11,NC_035784.1_39838050,0.00432450485208216,0.0758313324966454,0.0274510523542854,-0.03793450709982,0.0864177872909894,4
B11,NC_035784.1_39838056,0.118399903220922,0.0483361785897213,-0.00717338263051813,0.0523200025363055,0.490280003716298,4
B11,NC_035784.1_39838064,0.0615679253856835,0.0511356726062608,0.035518603809045,-0.0593437411334783,0.272901860220907,4
B11,NC_035784.1_39838072,-0.0102624316340925,0.060455760113866,0.0716599222248971,0.034705190853771,-0.0446881714808611,4
B11,NC_035784.1_40332414,-0.0108213021006912,0.0400888179605643,0.0306727735425428,-0.0068423641858177,-0.0485858011031004,4
B11,NC_035784.1_41169645,0.0106075250732806,0.00939006942489915,-0.0734581105169341,0.0494117647058824,2.20150437775955,3
B11,NC_035784.1_41169706,-0.119857917494366,-0.00842253786194839,0.0658842378565895,0.0514146357871608,-0.658692133204529,4
B11,NC_035784.1_41459425,0.0403385288062489,-0.0153878343082073,0.0270303610820852,0.0308438155136268,-0.944747115162643,4
B11,NC_035784.1_41459841,0.062073069452011,0.0252099104549895,0.0210864655374479,-0.00639570835274396,0.925406495753977,4
B11,NC_035784.1_42706092,0.0384261266822978,-0.0622945245158995,-0.0628637105437282,0.051318914759802,0.48699341467867,4
B11,NC_035784.1_42815897,0.0883235669467921,-0.0256589815413345,-0.00312865564893962,-0.034527972027972,2.80369757138359,4
B11,NC_035784.1_42950208,-0.0385673801259993,0.0540764438501717,0.0096115195213259,-0.0964083418420229,-0.185211088821317,4
B11,NC_035784.1_42950264,-0.0712702711828662,0.0498464605193672,0.0856175440064683,-0.0652806324212547,-0.289114596044232,4
B11,NC_035784.1_42950329,0.0564819154211954,-0.0469499701674864,-0.0289926139074278,0.00929756483516728,0.931698452766686,4
B11,NC_035784.1_43241478,0.043080864070194,0.0114259291204263,-0.0150841001786497,0.0181492342782665,3.1511541678786,4
B11,NC_035784.1_45591203,0.0162590790408713,-0.00829094174264497,-0.0399390317328231,0.0116642129800025,0.981343128840481,4
B11,NC_035784.1_45596306,-0.0348949951714691,0.0136047954000614,0.0486239200984624,-0.0133942192437616,-0.486777148344287,4
B11,NC_035784.1_46098398,0.121537395489481,-0.0405905861855519,-0.0533909069285906,0.00873220188151538,1.36629675319341,4
B11,NC_035784.1_46174068,-0.010049572251322,0.00925925925925926,0.0246749931267429,-0.0298032407407407,-0.941236956704272,4
B11,NC_035784.1_47298121,-0.0211033975099311,0.00443673084326442,0.0422954238743712,0.0101014546094638,-2.79939208349673,4
B11,NC_035784.1_48115301,0.0295687324440554,0.0136062771471177,-0.0201163693491783,0.104530338804131,0.323854647414371,4
B11,NC_035784.1_48916924,0.0524308933245293,-0.0146807315796863,0.0112693212973443,0.0145120406215216,2.53556571819709,4
B11,NC_035784.1_49011725,0.0430896717661424,-0.0164433551198257,-0.0115644490644491,0.0301363863863864,1.77489650086437,4
B11,NC_035784.1_49066839,0.047247480607424,-0.0858678428737691,-0.0503693406473257,0.0444230415607827,0.192455276102096,4
B11,NC_035784.1_49070069,0.0382943732652231,0.0148001169434793,0.0116698800193073,-0.0100486196412526,-0.608041860164974,4
B11,NC_035784.1_50794530,0.0644058583034168,0.0542338532638927,0.0232934569070409,0.0855750979106242,0.310629980000409,4
B11,NC_035784.1_50794881,0.175979512859034,-0.0527342460125479,-0.0622514139755519,0.00437525437525437,0.848962168997299,3
B11,NC_035784.1_51491431,-0.000262975503002649,-0.000395178396959371,0.0416238348346337,0.023400492048223,-0.0792925964699089,4
B11,NC_035784.1_52837552,0.113123802479559,-0.0721838431542474,-0.111454217304976,0.0571012709092713,0.805602373406709,4
B11,NC_035784.1_52837566,0.025336644021475,0.00973840174753416,0.026163855330522,-0.0540373707040374,0.19025092981946,4
B11,NC_035784.1_52838237,0.0696749948736957,-0.0570957009092602,-0.0289648033126294,0.0683887043189369,0.561553777890563,3
B11,NC_035784.1_53424297,0.0567287950949377,-0.0212214587214587,-0.00805490177609993,0.013519843941804,3.18995005351215,4
B11,NC_035784.1_53424306,-0.000294172794982721,-0.0153276005742799,-0.00304935594309408,0.00995702467096259,0.75962480105207,4
B11,NC_035784.1_53630692,0.0337644822493105,0.0753261380898759,-0.00194419598489366,-0.0562822997416021,0.253913307220857,4
B11,NC_035784.1_53630697,-0.0263685257468549,-0.00379057887077133,0.00295313881520778,-0.0226602450187275,0.807071412150683,3
B11,NC_035784.1_54016669,0.191174863267887,-0.0426892999473645,-0.0484681984681985,0.0633375173061081,2.99616047091857,3
B11,NC_035784.1_54273058,0.103811956165339,0.0129983408206949,-0.0573654582605989,0.0434882666891663,3.38785805429308,3
B11,NC_035784.1_54987702,-0.0286965452902028,0.0109987392203037,-0.00735551907109407,0.00702724202870317,-0.265198232180216,4
B11,NC_035784.1_54988175,0.0571059483551108,-0.0595476825167698,-0.017808339552037,0.0765675500969619,0.54455977567779,4
B11,NC_035784.1_57171513,-0.0291445802185464,0.00147898232970355,-0.00546608647615928,0.0460898068904981,0.542188188167249,4
B11,NC_035784.1_57362946,0.114064410804598,-0.0259974718308052,0.0333382789372083,0.0273560342991641,0.586041089710219,3
B11,NC_035784.1_58067141,0.114333632958731,-0.0644371405534259,-0.00884606728290847,0.124083919250516,0.595900704111663,4
B11,NC_035784.1_58762117,0.0130202661554658,0.0398055097635304,0.0575909341428003,-0.0475581536962611,0.00202803091204412,4
B11,NC_035784.1_58870400,0.0137924028723794,-0.0106506315745446,0.00977474679275067,0.000388641473844837,1.32017894352087,4
B11,NC_035784.1_59652784,0.0336552963718,0.01011522907976,-0.00294024614676788,0.0252616747181965,2.85327566524372,4
B11,NC_035784.1_59849167,-0.0265044382762916,0.0765981639950173,0.107903202857471,0.0300871345078662,-0.106760934436896,4
B11,NC_035784.1_61186565,-0.0149865376455205,0.0253579275808049,0.0257482269366215,-0.0231784404013178,-0.972399883315965,4
B11,NC_035784.1_61699177,-0.0279892322157698,0.00951733852326028,0.086848936574967,-0.0411893123827342,-0.116081893651171,4
B11,NC_035784.1_61699187,-0.0626452302108716,0.0215873015873016,-0.0272319990798252,0.026118209747242,-0.253690407897803,2
B11,NC_035784.1_62988426,0.0270370617805814,0.0158718477391629,-0.0171723252086576,0.0515172801778598,0.192504365311059,4
B11,NC_035784.1_64768732,0.0483742345946882,0.00971543449054693,0.0412434391304531,0.0396607702642185,2.01889648813023,2
B11,NC_035784.1_65249871,0.0465969758871355,0.0383747122495198,-0.0526631204683666,0.0783024936349602,0.214364979024572,4
B11,NC_035784.1_65625554,0.0782635400806008,-0.0544899374411696,-0.049968220338983,0.0041161616161616,0.352328428173259,4
B11,NC_035784.1_65625619,0.0937370370134648,-0.0641268266875684,0.0328904203705296,0.0518307757885763,0.410258944008159,4
B11,NC_035784.1_66326187,0.0313927001454489,-0.00308104842082191,0.00659652576535769,0.0201517891391309,0.399629189292637,4
B11,NC_035784.1_66391819,-0.0376140285649886,-0.00277777777777778,0.0589370145221209,-0.033061821219716,-1.32586390522819,4
B11,NC_035784.1_66391874,0.0742789350835439,-0.0182161040713672,-0.00758120233739428,0.0476281888739444,1.82511209327456,4
B11,NC_035784.1_67147524,-0.151998390073103,0.0098193473193473,0.0657017365350699,-0.0835965186574943,-1.07261243460337,3
B11,NC_035784.1_67509328,-0.0107943657420131,-0.0206724892754305,-0.0257487866862867,0.0122014613293683,-0.564371924730695,4
B11,NC_035784.1_67509348,0.00301699569617907,0.0467381654142052,-0.0166133221657269,0.0492703077321952,0.117640395034589,4
B11,NC_035784.1_67597301,0.0466614597415296,-0.00756077256077257,-0.0132304575473232,-0.00833850585688821,0.408825229248218,4
B11,NC_035784.1_67597353,0.0294237261970248,-0.00244743090162938,-0.049528449851293,-0.014993233479472,0.151987913657508,4
B11,NC_035784.1_67597570,0.0158447655392625,0.0161992746761112,0.00298453393212794,0.0117305081313826,0.0690142151420939,4
B11,NC_035784.1_67597583,-0.00298741810237869,0.0474022731453303,-0.00628410725049386,-0.0450175089580716,0.0100131013762008,4
B11,NC_035784.1_67597619,0.0503609414241357,-0.00580070684825053,-0.0147859149260307,0.00828788049924843,0.516018829659427,4
B11,NC_035784.1_67698571,-0.0220369966114188,0.0660165910094097,0.00444182609184567,-0.0462050923039085,-0.152974759726757,4
B11,NC_035784.1_67698931,-0.198210165940651,0.136099288045347,0.111287899855058,-0.0660679374389052,-1.09356489139955,3
B11,NC_035784.1_67699244,0.0243370908045117,-0.0216726081739029,-0.016348939606766,0.00756097687569502,0.975345529999375,4
B11,NC_035784.1_67699296,-0.0610737282155998,0.0161399680239468,0.0201608031621258,0.00138061043301521,-0.435541482275881,4
B11,NC_035784.1_67699301,-0.0248201526354272,0.0328834835691909,0.0223737186273823,-0.00288161569054997,-0.278523861128122,4
B11,NC_035784.1_67822409,0.174340338031691,-0.113844554732266,-0.12635987160411,0.0055190428041793,0.75264562547554,4
B11,NC_035784.1_68037048,0.0172268704513482,0.0444307581444209,0.010540327212396,0.0458949162320755,0.133891964363372,4
B11,NC_035784.1_68037054,0.234862890118982,-0.0232024199951831,0.026167233973956,-0.0918545891464449,0.964994257978498,4
B11,NC_035784.1_68037149,-0.0391864988309997,0.0262010027245381,-0.00346491262294394,0.0103105268840824,-2.27816911862358,4
B11,NC_035784.1_68037535,0.186295926754582,-0.0376012747637207,-0.0613347404916663,0.119981242266614,0.79102384375894,4
B11,NC_035784.1_69433683,-0.0390401864487231,0.138183414745915,0.11800554910311,-0.12122113997114,-0.178080202769546,3
B11,NC_035784.1_69663460,0.036355897948995,0.0310255012755003,-0.0343281421174095,0.045594026770391,0.277087891675117,4
B11,NC_035784.1_71692701,0.0610863142565778,-0.0200683915170422,0.0206922273485304,0.0669589955847562,0.54736275886018,4
B11,NC_035784.1_72519441,-0.0148664619106414,-0.0323297637148179,-0.0121293884547741,0.113687762599991,1.16357782739756,3
B11,NC_035784.1_75256049,0.0599314551103065,0.0527554000017922,-0.0249443841124656,0.0170742849110971,0.313451986598403,4
B11,NC_035784.1_75557197,0.100269124084795,-0.00754750713178585,-0.0209204320268244,0.0388184731934732,0.480561376363802,4
B11,NC_035784.1_75702438,0.0507542747949841,-0.0258824858102403,0.01631166497171,0.0680395291429164,0.227742581543794,4
B11,NC_035784.1_75925966,-0.0391984094693911,0.103194417301804,0.0319955283169301,0.00972893385684083,-1.23107486402778,4
B11,NC_035784.1_75948339,0.0146402709387055,0.0196417067351836,0.0127127528077661,0.0727385082031964,0.105429840549491,4
B11,NC_035784.1_75948475,0.0489746394937562,-0.0168642485598358,-0.00872696147518033,0.0209148161552951,1.78674059375249,4
B11,NC_035784.1_76733562,0.0239647011897065,0.0346207287843317,0.0268085139293774,0.0158312122926094,0.0460108755229527,4
B11,NC_035784.1_78251457,0.0368496125362147,0.0210851033948665,-0.00758750612022754,-0.0449393756002026,1.12322818280234,4
B11,NC_035784.1_78256630,-0.0185823475661246,0.0222034853668485,0.0590186547636176,0.0772471683924494,-0.157627047248857,4
B11,NC_035784.1_78636151,0.0328226378916475,0.0373796624415065,-0.00223649538866929,0.0491864295125165,0.266476218736585,3
B11,NC_035784.1_79527094,0.0657879579798193,0.0320625358332402,0.0195527343079692,-0.0303155840744493,0.216221274976877,4
B11,NC_035784.1_79538908,0.0462233038823598,-0.0309702805214913,-0.0409900119931855,0.0449916968064768,0.332336914345379,4
B11,NC_035784.1_79541066,0.160699995598679,-0.108301584910871,-0.0860930836474315,0.00486111111111112,0.667174150615277,4
B11,NC_035784.1_79542196,0.153339162066339,-0.0387630877341667,-0.0198351511429728,0.0979233216027053,0.652766834675767,3
B11,NC_035784.1_79544008,0.0746508313076999,0.000831048918356069,0.0353394732927563,-0.0012336453868712,-0.144365045861628,4
B11,NC_035784.1_79544022,0.0854376408854385,-0.0352565599761812,0.00312351225075011,0.0395987940630798,1.00944738863757,4
B11,NC_035784.1_79826179,-0.00393487608999428,0.0478318630372659,0.0554002572029138,0.0726561491805394,-0.156972525394814,4
B11,NC_035784.1_79848217,-0.0126042345526644,-0.00676663505610874,0.0279563213333226,-0.0501129718234981,-0.281011277973011,4
B11,NC_035784.1_80973209,0.161572767822768,-0.0185757185757186,-0.00140837419932249,0.0208484418930666,3.82884318119557,3
B11,NC_035784.1_82088053,-0.1601797116767,0.0607059366594471,0.0829172133162706,-0.165384250474383,-0.777916598267448,3
B11,NC_035784.1_82422859,0.116721493801895,-0.0458803258145363,-0.15104802345682,0.0287723892373851,0.493335839706619,4
B11,NC_035784.1_85436729,0.144969857606032,0.0295901399022574,-0.00331219168428471,-0.0452357881136951,0.946995006104147,4
B11,NC_035784.1_87006779,0.0931566771600787,-0.0541174024030998,0.00959264009505251,0.112433331969029,0.565438342018495,4
B11,NC_035784.1_87634025,0.00729892368857093,-0.0389905924069329,-0.0115890231700738,0.0204188804972126,0.0754708113162813,4
B11,NC_035784.1_87863728,0.00919931429542792,0.0436606543705481,0.0130118278636449,-0.00961390604788681,0.0383067288880568,4
B11,NC_035784.1_89036640,0.0877431670516393,-0.105832814068108,-0.0265231378649788,0.121760415878063,0.388973573881535,4
B11,NC_035784.1_89368235,-0.0500163529871987,0.0956101370622799,0.0640766159812852,-0.0302166185437613,-0.234322478114647,4
B11,NC_035784.1_90811587,0.0158361672484198,0.113099127799832,0.0167352301280873,-0.00751376376376374,0.0791295432003598,3
B11,NC_035784.1_91528875,0.125433025395028,-0.0376263740020856,-0.0584706098288441,0.0388680319555896,3.29106970176372,4
B11,NC_035784.1_92291641,0.121839278116791,0.0068452380952381,0.0144279331779332,0.0246323529411765,1.2034701619657,3
B11,NC_035784.1_92293340,0.0417448418879516,-0.0450644103562613,-0.0370815388870514,0.067680736129614,0.247122381074639,4
B11,NC_035784.1_93218081,-0.0207402235139976,0.0208104395604396,0.0481077705549537,-0.00156695156695157,-0.205834355524587,4
B11,NC_035784.1_94836839,-0.0340720404088435,0.025452103435248,-0.0203387127724015,-0.016901970166877,0.129964202625118,4
B11,NC_035784.1_94837079,0.00563137121701485,0.0549087958229472,0.0330258446360262,0.0175560233449167,1.66892189716459,4
B11,NC_035784.1_94837569,0.156766148210576,-0.00340824425137731,-0.0525088861264014,0.0516613341340761,0.732638453049832,4
B11,NC_035784.1_96544995,0.0609164442019725,-0.0621207843118598,0.0208638511899381,-0.0459932507758595,3.59886409787823,4
B11,NC_035784.1_96548925,0.114181358845782,-0.0508095662507427,-0.0338414488516948,0.0300778622167999,3.04897297075193,4
B11,NC_035784.1_97090029,0.105129815344394,0.0748971392078246,0.0068015089807853,-0.0151609492481203,0.453320889601382,4
B11,NC_035784.1_97478301,0.0384938813528099,0.0220896028343977,-0.00863095238095238,-0.00130980130980131,1.54773176952598,3
B11,NC_035784.1_97935590,0.0302587199439415,-0.04462481154918,-0.00930827321085539,0.0213345996196843,0.340286444204992,4
B11,NC_035784.1_98298543,-0.00173432824087116,-0.00816958888685151,0.00437105089459917,-0.00215206778594701,0.819969010204594,4
B11,NC_035784.1_98298723,0.0829677419496352,-0.0114187359398087,-0.0114647804302977,-0.00829504775649681,3.12478065661144,3
B11,NC_035784.1_98299010,-0.0122848410056563,-0.0822600576932058,-0.0169436541719151,-0.0292164357381748,-0.0736704445831439,4
B11,NC_035784.1_98432224,0.0383861086869823,0.00248399571654601,-0.0150505258825027,-0.0253294010571639,2.95468720251388,4
B11,NC_035784.1_98529045,0.0185685237711571,0.00945877980761701,-0.00470934373550653,-0.0230951434439807,-1.25019037618687,4
B11,NC_035785.1_630445,0.023746957538076,-0.013888326585695,-0.0379876373626374,0.0311161387631976,2.53647200302822,4
B11,NC_035785.1_630568,0.0244464112885166,0.0455503484399253,0.0463594050060216,0.00829274079123901,0.199904778206575,2
B11,NC_035785.1_897188,0.057176250456273,0.0133204457635404,0.0429547707705942,0.0819245635079302,0.297130070632831,4
B11,NC_035785.1_2292261,-0.0334560884089269,0.0253090489593275,-0.0436722872031776,0.0165439136599726,-0.00651598699958689,4
B11,NC_035785.1_3922785,0.0621603291533297,0.038558282397859,-0.0172060209631289,-0.0598320619733206,0.300402910748982,4
B11,NC_035785.1_3954027,0.0238170087329951,0.0142998304319807,0.0121254062215682,0.0377327200528142,1.39487184518139,4
B11,NC_035785.1_3955693,0.0754932229228224,-0.00650970643930594,0.0223536632328873,0.0460987177194937,2.17711579462631,4
B11,NC_035785.1_3955695,0.0934879743164333,-0.0120979398013988,-0.0231541634165847,0.0665895622376218,2.85081123188681,4
B11,NC_035785.1_5041174,0.0347034420716892,-0.0250151349870688,-0.0371484354320153,0.0395843328679127,0.711385503477205,4
B11,NC_035785.1_5331751,0.0731109789090879,0.00925763425763425,-0.0212411877383827,-0.109216684216684,-0.443083366511707,3
B11,NC_035785.1_8296098,0.0347548071718794,-0.0194847740593759,-0.0663194744467078,0.0156313906007292,1.2802795401839,4
B11,NC_035785.1_9305508,0.0163390620338631,-0.0266697994987469,-0.00123985568465671,0.000657894736842104,1.73900371786592,4
B11,NC_035785.1_10010397,0.0791490962010101,-0.00791248031857509,-0.0304822550652584,0.0433351640434769,0.514869503290828,4
B11,NC_035785.1_10010609,-0.00472985844054699,0.0286684325974294,0.0182082748043824,0.0122322667968735,0.117418216561088,4
B11,NC_035785.1_10010611,-0.00672067983604157,0.0293342529044608,0.0202055773570592,0.0121338786956321,0.0914526669418438,4
B11,NC_035785.1_10010618,-0.00553156769485257,0.0266661904871319,0.0220831499842075,0.010872899305658,0.0893902577461119,4
B11,NC_035785.1_10010624,-0.00478431511556143,0.022985416709695,0.0203646439932881,0.012962043938663,0.0433419457155458,4
B11,NC_035785.1_10010788,0.0279260896741642,0.0218337994641492,-0.00346383083612486,0.016422506502601,-0.177650083584617,4
B11,NC_035785.1_14316002,0.0560736416919317,-0.0156374044896696,0.0101527153490381,0.0320315930137087,0.285353471599197,4
B11,NC_035785.1_15563453,0.110857718952115,-0.080109896538468,-0.0789188881294145,0.00811688311688311,2.1779785310813,4
B11,NC_035785.1_15621453,0.0902303937790044,0.00978699686338628,-0.0441205388946986,0.0288022185618433,0.93405471339924,4
B11,NC_035785.1_15621457,0.00734269426902927,0.0041600070745234,0.0366226903919651,-0.0177692112443683,-0.0347525159115564,4
B11,NC_035785.1_15920633,0.0256000340454525,-0.0188729953319139,0.00226898459410069,0.0278603440339365,1.71878476142197,4
B11,NC_035785.1_16015901,-0.0141114742468742,0.0449277621790772,-0.0138306786180143,-0.0233741905541835,-0.0896663497166091,4
B11,NC_035785.1_16042958,-0.0253024740753686,0.0392856922911469,0.0108593862323307,-0.0242904700759056,-0.199471823899628,4
B11,NC_035785.1_16043096,0.024334987082713,-0.0101172783934303,-0.0310063407766027,0.0360613340615246,0.345955696455357,4
B11,NC_035785.1_16116217,0.0271768181042375,0.0273141186299081,0.0564461725550435,-0.120927287581699,0.212750809830083,3
B11,NC_035785.1_16435934,0.0189642616803904,0.0202826002485631,-0.0745467002052117,0.0465470869533678,2.85636155603609,4
B11,NC_035785.1_17291451,0.0243889457623518,-0.00289565917472561,-0.057132122859025,0.0334578804347826,1.89312761444671,4
B11,NC_035785.1_17357747,0.139541229768823,-0.0288885464961551,-0.0657549857549858,0.061575803307552,2.32649288868003,3
B11,NC_035785.1_17429236,-0.0237856843012624,0.0194581440622972,0.0328879462707671,-0.00311594202898551,-1.83540329636334,4
B11,NC_035785.1_17759266,0.105305719572171,0.00597286078563598,0.0580904752723417,0.00133530426213353,0.438078699045647,4
B11,NC_035785.1_18055883,0.0660547907826975,-0.0582570380588635,-0.0461632840546319,0.0135319901734999,0.689798839938205,4
B11,NC_035785.1_18057656,0.019488144753663,0.00770476404042668,0.0354367282556036,-0.0230087517828349,0.0796927250036855,4
B11,NC_035785.1_18057751,0.00562713346230287,0.0218324832416719,0.0489190348085225,0.0193002430174107,0.964053160409892,4
B11,NC_035785.1_18097035,0.0283987095751802,-0.0517631229395935,-0.021218487394958,0.0529645191409897,1.09410082938718,4
B11,NC_035785.1_18097098,-0.0788675569785015,0.00654137529137529,0.00338715338715339,0.0377237092176117,-3.3618152708682,3
B11,NC_035785.1_18151629,-0.047688271243464,0.0750560233269735,0.0731295359052712,0.0546875,-1.47264312741587,4
B11,NC_035785.1_18177113,0.0243364913814215,0.0104852003270525,0.00533560656332829,0.13023615799299,0.135659966833415,4
B11,NC_035785.1_19418239,-0.0727359375801906,0.0596367415438129,0.0619533285971172,0.0472356245197296,-1.6855225356376,3
B11,NC_035785.1_19418280,0.0378513070893002,-0.091662018453139,-0.143712542513099,0.063701226309922,0.483754420722746,3
B11,NC_035785.1_19418468,0.046822497370689,-0.0166390270867883,-0.0091181422063775,0.015162037037037,1.90027631003751,4
B11,NC_035785.1_19891149,-0.0124501046877533,-0.0308602833494245,-0.00279498270739493,0.0171304178912875,-0.386275184337002,4
B11,NC_035785.1_19891318,0.0689213627127823,-0.0345019342359768,-0.0288201160541586,0.02745968071485,5.75923930263661,4
B11,NC_035785.1_21344942,0.0177791504442448,0.00525325696316262,-0.000748727163821503,-0.0113959756785558,0.408490395411059,4
B11,NC_035785.1_21620143,0.0647908807677063,-0.0958394284948891,-0.0612264282902456,0.0895005653657526,0.914618272287023,4
B11,NC_035785.1_21620424,0.099522547858971,0.00440306621617362,0.0192735028336315,0.025875687338442,0.532090513220577,4
B11,NC_035785.1_21667813,-0.004069484488981,0.0201125461112622,0.0381718639415684,0.0268884092098378,0.19571345096937,4
B11,NC_035785.1_23438436,0.00448094619352996,-0.00616005182000401,-0.0185324162976316,0.0261539290960211,0.683899610040279,4
B11,NC_035785.1_23438440,0.00135653108403887,-0.0158887750971674,-0.00409899468053974,0.0265846268644478,-1.25280447803897,4
B11,NC_035785.1_23438599,-0.0156718846628195,-0.00412155193870242,0.00989082020336378,0.0174009900990099,-0.36134258816524,4
B11,NC_035785.1_23438633,-0.0181946377052829,-0.00347878766265135,-0.0251554388751731,0.0152963963592367,-0.077273389038259,4
B11,NC_035785.1_26977195,0.0726316744727243,-0.0235641187235595,-0.00557206561644248,-0.0118739906085384,-0.220563897114754,4
B11,NC_035785.1_29817077,0.0432824514384927,-0.0111194027678693,0.00988350594643882,0.0697497439439422,0.213510675147866,4
B11,NC_035785.1_30482030,0.115717712004926,-0.0407360844418279,0.0984440117510419,0.0493447026885264,0.573990262510697,3
B11,NC_035785.1_31440331,0.072716626164902,0.0284807104660046,0.00709890365062778,0.0388397522018212,0.340966152186969,3
B11,NC_035785.1_31898327,0.0262228170204838,0.0939867433922503,0.0313717875593958,0.0013752587281999,0.0283886644270646,4
B11,NC_035785.1_31900186,0.0805942142149039,0.0423879640474468,0.0167875874125874,0.041955376940133,2.16739908777747,3
B11,NC_035785.1_32466654,-0.0446829225179155,0.00129746053182152,0.091808024391442,-0.111158118741536,-0.264206254937877,4
B11,NC_035785.1_32509620,0.106537377473237,-0.0448906535662829,0.00439417466591381,-0.0228494339456412,0.877810720069317,4
B11,NC_035785.1_32568170,-0.0962948879539126,0.0736738120845405,0.103883321346557,0.04653246996997,-0.536307856225772,4
B11,NC_035785.1_32568188,0.103272533424593,-0.0732082138428888,-0.0811639994887749,0.0637260174166464,2.78215279645674,4
B11,NC_035785.1_32580734,0.109263638281495,-0.00927969365469365,-0.0516099328599329,0.016217824967825,4.31029461537519,4
B11,NC_035785.1_33087320,0.0170013159143594,-0.089762321012321,-0.0110764235764236,-0.0166117484665872,0.107430835808567,3
B11,NC_035785.1_33209301,-0.105551032475033,0.0365662043880242,0.0294739591615126,-0.0382818013866401,-0.44326793743894,4
B11,NC_035785.1_33355289,0.00359240890724053,-0.0625875442856743,-0.0363944172502989,0.0791749966000272,-0.0988593714198775,4
B11,NC_035785.1_34998223,0.138881057663348,-0.0641056422569028,-0.0745793748690181,0.0392568915116247,0.567625381376125,3
B11,NC_035785.1_35361994,0.032645949364584,-0.00455868890784141,-0.013232571909213,0.0235592882109276,0.695787996146306,4
B11,NC_035785.1_36616437,0.00903824946968169,0.0307264606660929,0.0431777204089577,-0.00349307555189909,-0.343444402565885,4
B11,NC_035785.1_37129674,-0.230151931509493,0.151742801771872,0.182824941753468,-0.123126619242646,-1.21920857719573,4
B11,NC_035785.1_37197424,-0.105929291192588,0.112546213524254,0.193771956312791,-0.0412388564112702,-0.444579511793687,3
B11,NC_035785.1_40813117,-0.0129787093160388,0.0199299288282339,0.00992992882823391,0.0331003742020691,-2.06832661440628,4
B11,NC_035785.1_40814328,-0.0136720466625548,0.0385151791909151,0.0390393921796361,0.0387429378531074,-0.129510943657385,4
B11,NC_035785.1_40814417,-0.0130910892785208,0.00243349290663869,0.0285947712418301,0.0441325014854427,-0.934788329324635,4
B11,NC_035785.1_41726355,-0.0305810356594544,0.0858622065118183,-0.01193552553381,-0.0219039548782511,-0.339608149209343,4
B11,NC_035785.1_41887866,0.0184347728427074,-0.00760835913312694,0.0069001185003507,0.013640105164873,1.22819098330437,4
B11,NC_035785.1_41888315,0.0586743347723936,-0.103245662600381,-0.0853355536415428,0.117669396269503,0.353093620320988,4
B11,NC_035785.1_42154837,-0.00127736909990026,-0.00387845142498806,-0.00386402158272753,-0.000127539586494809,-0.164023876940002,4
B11,NC_035785.1_42154862,0.00272992043688266,-0.00502107447112447,-0.0091761798001753,0.0126948818329336,-0.0736451064049015,4
B11,NC_035785.1_42465494,0.0481829815727169,0.0180360795646371,-0.0140111684084536,-0.0576057158835812,0.206436569321903,4
B11,NC_035785.1_42887232,0.0101967923525069,-0.0566599843329403,-0.0386043386043386,0.0524238524238524,2.2028446136815,3
B11,NC_035786.1_765266,-0.00350735132914239,0.0222959104362133,0.0152960802417324,0.00168516731016731,-1.25785771757578,4
B11,NC_035786.1_1597848,0.0476922682202855,-0.0233516483516484,-0.0392133907758908,0.0233516483516484,0.87549340022451,4
B11,NC_035786.1_1597969,0.00449545908570943,-0.00306898738059996,-0.0131384318250444,0.0119372306238432,0.572787982475802,4
B11,NC_035786.1_5273214,-0.0631544510292636,0.121973428869981,-0.0445151941403816,-0.0294600598860234,-1.9429312625149,3
B11,NC_035786.1_5935569,0.0182426168940939,0.030440961040965,0.0172259943986804,0.00201295828204196,0.674856545079171,4
B11,NC_035786.1_10111871,-0.022595227907094,-0.0393774635185639,0.00479742462611322,0.00760945347535661,-0.199763517174141,3
B11,NC_035786.1_10115705,0.0676300403172431,-0.00150021188019814,-0.0463462058333349,0.101683163848864,0.428718426370421,4
B11,NC_035786.1_13814910,0.0416174248628184,0.0283844353912427,0.0156791693572683,0.0753259961497948,0.239426958897843,4
B11,NC_035786.1_15586029,0.0194917087401518,-0.0317272690735382,-0.0142857142857143,0.020002276867031,0.448516864614047,4
B11,NC_035786.1_15586035,0.0458968456184034,-0.0433380685155533,-0.0822346194194934,0.0499174087155832,0.0850401375309643,4
B11,NC_035786.1_15586041,0.0385952494190361,-0.0292057285990634,-0.0801819514502862,0.0994869520052868,0.18336485473288,4
B11,NC_035786.1_15586306,-0.0290054065054065,0.0199816395746628,0.137621986684487,-0.0684482461808043,-0.0910432034649085,4
B11,NC_035786.1_21103115,0.000967714578595645,0.0303217595971391,0.0253894982310542,0.0365299240160505,-0.948559477726703,4
B11,NC_035786.1_25806147,-0.0569082990383967,0.0715781500530781,0.0887063028664024,0.020771690337577,-0.294229278715532,4
B11,NC_035786.1_28308817,0.0638536629739335,0.0137161694891917,-0.0123747895622896,0.0374032795907796,0.659022458531214,4
B11,NC_035786.1_28393598,0.00741733523158363,0.0206960145048827,0.00348906127478842,-0.00356974350641479,0.00783792127429828,4
B11,NC_035786.1_28393679,0.0574216567279368,0.00160245018286291,0.0132595764615409,0.000488716055098381,0.369364137365181,4
B11,NC_035786.1_29259557,0.0350883277455526,-0.00363365705324177,0.0396164323025474,-0.0189659605100782,0.200322900458873,4
B11,NC_035786.1_30592872,-0.00692184313862271,0.00201753691852702,-0.00290038908459961,-0.00399184149184149,-0.802202944191559,4
B11,NC_035786.1_33113482,0.00371523639889457,-0.00638435638435638,-0.0572390572390572,0.0142283045508852,0.923049697912056,3
B11,NC_035786.1_34473227,0.0679680106372717,-0.0554393162947587,-0.107060729927373,0.048404255319149,-0.717655988414645,4
B11,NC_035786.1_34652896,0.0302389614909362,0.0108734772978959,-0.0176887926887927,0.0236542443064182,1.36159989772071,4
B11,NC_035786.1_34673724,0.0449196820568184,0.00529524859289489,0.0131425193536995,-0.0470995533107335,0.168080162133942,4
B11,NC_035786.1_34673727,0.0579130420151274,0.000870250907015605,0.0177868903971845,-0.0720900628815446,0.270290493792755,4
B11,NC_035786.1_34673730,0.0584261698108415,0.0050843453728546,0.0243793574199136,-0.0442346721702402,0.278184297552551,4
B11,NC_035786.1_34674260,-0.0423375357585884,-0.00690488848383585,0.0179425837320574,0.00179425837320574,-2.8842492663335,4
B11,NC_035786.1_42414078,-0.0251219996317664,0.0733712203275377,0.0309875956664843,0.0641267154180147,-0.11337140564491,4
B11,NC_035786.1_42509509,-0.007335485013863,-0.039591511172955,-0.0372078425392862,-0.0549335556034049,-0.139269096997022,4
B11,NC_035786.1_42662557,0.117658227298458,-0.065405611268503,0.0483570114425419,-0.0726293854607747,0.861013992061547,3
B11,NC_035786.1_42662575,0.0614097279830267,-0.00224650746920101,0.148499863235916,-0.0757923236184106,0.191720814630337,3
B11,NC_035786.1_42935225,-0.02468148433332,0.0616426531607544,-0.0639798212892282,0.0578457251386907,-0.203981427020595,4
B11,NC_035786.1_47615777,0.0426073424862135,-0.0024512003192018,0.0202185931352598,0.0151701969462444,0.923430459436085,3
B11,NC_035786.1_47765915,0.10650436157907,0.0339755887165258,-0.0689828284180017,-0.0158515658515658,1.03125716195169,3
B11,NC_035786.1_51598120,0.0375116658768074,0.0158953849487217,-0.00898395868062198,0.0224974721941355,2.95107738178062,4
B11,NC_035786.1_52413113,0.0227071513581232,0.00971287991817864,0.0206023715785753,-0.0016953447142558,-1.03113938581922,4
B11,NC_035786.1_55140873,0.00331575758841547,-0.0127860167433142,-0.00383019769692774,0.00694821645353345,0.74804147191127,4
B11,NC_035786.1_55140975,0.0235823715766478,0.00119392807755496,0.00580720467278782,-0.0200728424077137,0.361188491626205,4
B11,NC_035786.1_56350539,-0.0222389059209711,-0.0117948717948718,0.00313390313390313,0.0111473272490222,0.189908864237585,4
B11,NC_035787.1_656764,-0.065929181421178,0.0847523246022577,0.0277248589289903,-0.0309213500081588,-0.388559083788227,4
B11,NC_035787.1_657217,0.0117741989859403,-0.00743038307340706,-0.0203603775668813,0.0306678925073085,0.691738852169505,4
B11,NC_035787.1_1134139,-0.0398177528259198,0.0420517030861858,0.0414322686413204,0.0518918398482293,-1.14195798694642,4
B11,NC_035787.1_6499970,0.0463823498431256,-0.0437141026066921,-0.0387034349057467,0.0391785074244752,1.23069009075277,4
B11,NC_035787.1_6500110,-0.0495901323684175,0.050119495570628,0.0720578761173833,-0.0281498751445132,-0.648665819354257,4
B11,NC_035787.1_6500246,0.0420246818212876,-0.0196495167136922,0.0121574944135506,0.00644925960143904,2.3965889354212,4
B11,NC_035787.1_8618571,0.219152410021505,-0.0828993616268712,-0.0205816064964979,0.0701604513430315,0.906201742318599,4
B11,NC_035787.1_8817228,-0.0333878761977465,0.00975872756859784,0.0747793922159435,-0.0193617706218513,-1.16665596165301,4
B11,NC_035787.1_8817378,0.0101772258941377,-0.0244235494235494,-0.0351295763060469,0.0139110889110889,-0.729437521535144,4
B11,NC_035787.1_8839718,0.0537408331689061,0.0357252994507313,0.0387513210284885,0.00348484848484849,0.327720937763031,4
B11,NC_035787.1_9922593,-0.0307268864954889,0.0170850169070414,0.0806375863676072,0.0141396423376401,-1.21257154111803,3
B11,NC_035787.1_9929496,0.110904388755108,-0.0367581208257438,0.0186322463768116,0.00235745614035088,3.52973049751723,4
B11,NC_035787.1_9944691,0.041979278291611,0.027587833438231,0.0188947972265943,0.0109559334797552,1.44218612380316,4
B11,NC_035787.1_10029399,0.0757425535397921,-0.0141517138256269,0.00315704654764963,0.0315591212330343,1.56696015062192,4
B11,NC_035787.1_14247357,-0.0079180377064111,0.0646460876024146,-0.0099088238004616,0.027968021389074,-0.737251452093012,4
B11,NC_035787.1_14263970,0.0109217510941387,-0.0735065827264409,-0.0371224273185057,0.0751534730701397,0.066457970403276,3
B11,NC_035787.1_14421885,0.0164408693584961,-0.00580955622718295,-0.0317717996289425,0.0304081632653061,0.47972344610886,4
B11,NC_035787.1_18372881,0.0158108898248147,0.000162862519905419,0.0231824091643826,0.00794912559618442,0.284334228698407,4
B11,NC_035787.1_18405662,-0.025846242256207,-0.00670486154357122,0.0449454808676408,0.030514385353095,-0.506857779160635,3
B11,NC_035787.1_19782671,0.0248430102674908,0.00794466342149732,0.0437009989674313,0.0364019966961143,0.203294924679801,4
B11,NC_035787.1_19901194,0.0222781782333669,0.00393518518518519,0.00775462962962963,0.00405092592592593,1.28649701513022,4
B11,NC_035787.1_19901357,-0.014816114297223,-0.025045872518967,0.0135928082106558,0.0105012047493251,-0.0903536023156121,4
B11,NC_035787.1_20481623,-0.115600003585994,0.0122680475699052,0.121286774227951,0.0348622782446312,-0.47126341855693,3
B11,NC_035787.1_22191159,0.00770874499335509,-0.00329138178125277,0.0263492328410897,0.0322738339834414,-1.08082406137089,4
B11,NC_035787.1_22191171,0.00822366527898845,0.0109153589588926,0.0276757535559821,0.0278606449114509,-0.252463239131846,4
B11,NC_035787.1_22191192,0.105724161209219,0.0159501819452477,-0.0477890324512378,0.0469090547424624,2.22656331239861,4
B11,NC_035787.1_22191223,-0.0268465280597717,-0.0452378259939542,-0.0261633852744242,0.0439100993446677,-0.114165118764967,4
B11,NC_035787.1_22191623,0.0871395936112455,0.00240445255925133,-0.043442393635718,0.0814952209854462,0.526375192138883,2
B11,NC_035787.1_22192058,-0.0409520885088416,0.0264729658038557,0.0269782189137028,-0.0373900293255132,-1.66565927592173,4
B11,NC_035787.1_22234992,-0.000612734426169968,0.0127567583271919,0.0211347025852941,0.0107097729881767,-0.102929629498931,4
B11,NC_035787.1_24922158,0.0495349554387646,-0.00953147883836094,0.00414842806390105,0.0425827892132463,2.561069323509,4
B11,NC_035787.1_25026187,-0.0459349689113856,0.0197316186562558,0.00793420371893866,0.0644169948681227,0.0670404345211099,4
B11,NC_035787.1_28205674,0.136822384298211,-0.0323926415501118,0.0398008911166806,0.209920634920635,0.607683991190181,3
B11,NC_035787.1_28410679,0.0112003201185628,0.0628221434324749,0.0342087631826169,-0.00908385210707554,0.0916090261371907,4
B11,NC_035787.1_28411252,-0.0858567557286452,0.0343651238011283,0.0299603814880184,0.00619131427024204,-2.00561067138839,4
B11,NC_035787.1_28700408,0.0645584662186502,-0.0285305995952475,-0.0991899113893111,0.0613826606958962,0.591030719105181,3
B11,NC_035787.1_32664294,0.0887451797615137,0.0286971728782073,-0.0502684203342098,0.0398358585858586,0.33938334205429,3
B11,NC_035787.1_33641473,0.0268154066135806,-0.0930612555956659,0.00667328903190172,0.0273909971076553,0.456043609845485,4
B11,NC_035787.1_34516526,-0.124285331806263,0.0989510807667438,0.142292442005966,-0.108410468163797,-0.585206242754618,4
B11,NC_035787.1_35488282,-0.0173280505614097,0.0472865949839634,0.0446628481167955,-0.0389941113238327,-1.38571884045426,4
B11,NC_035787.1_36181065,-0.00214624850252129,-0.0152739644258111,-0.0176394394615775,0.0263621703228626,-1.58873517575915,4
B11,NC_035787.1_36181066,-0.000307971942972518,-0.0172559754311776,-0.0154220668974954,0.0171930317738575,-1.44245105205374,4
B11,NC_035787.1_36181128,-0.0475398619207121,0.0153647728419323,0.0140254885877097,-0.00209337806168792,-2.27721927637296,4
B11,NC_035787.1_36181201,-0.170137461271182,0.131115890999612,0.183934065184065,-0.158547008547009,-0.738137700926891,3
B11,NC_035787.1_39430869,-0.0130515397970247,0.0548788661715176,0.0194746048149183,-0.0512179327171895,-0.833689497885447,4
B11,NC_035787.1_39969345,-0.0245364875095708,0.00238335743770526,0.00576339401573962,0.0847342376109243,-1.24105662674512,4
B11,NC_035787.1_40967775,-0.0282017208148049,0.013312693498452,-0.0183792815371763,0.0304824561403509,-2.05760340664982,4
B11,NC_035787.1_42756239,-0.0120645708089719,-0.0209291864258568,0.00581849866216443,-0.00440251572327044,0.597218662454491,4
B11,NC_035787.1_43893514,-0.0219788376716028,-0.0122491035048678,0.0218562886519949,0.0337159886230687,-1.31341300265752,4
B11,NC_035787.1_45439801,0.0251417273077486,-0.0125307862924313,-0.0801143839548067,0.0310804713492643,0.093171600087688,4
B11,NC_035787.1_47014917,-0.0314417591486603,-0.0159119288300277,-0.00794585119181893,0.0192418468628146,-1.11891968815196,4
B11,NC_035787.1_48307626,0.0709483219171108,-0.0277445819842308,2.61141335546472e-05,0.165378571821403,0.513121838228105,4
B11,NC_035787.1_48307692,-0.0153594623407167,0.0607311953041235,-0.00103687625874341,-0.0341402997995802,-0.79502994492253,4
B11,NC_035787.1_50099374,-0.00544156386419599,-0.00990379602911768,0.0252629930622578,0.0151426860520521,0.0228546281554779,4
B11,NC_035787.1_51049876,0.0160856391188364,-0.053097786328352,-0.0264765860729752,0.0354625202301422,0.189948106995514,4
B11,NC_035787.1_51050663,0.0155999733836358,0.00110896196002579,0.028389362584825,-0.00300462249614792,-1.14796490930312,4
B11,NC_035787.1_51481967,0.018324301383172,-0.0530200523801149,-0.0672156792723934,0.0182476991166016,0.203618673008121,4
B11,NC_035787.1_51482234,0.00904334566087584,-0.0319982298511211,-0.0105044108011863,-0.0332449760170847,0.0943499953811898,4
B11,NC_035787.1_52765537,-0.104364786192191,-0.0346323238157809,0.0669387141690883,-0.0396891396891397,-0.808494982845707,4
B11,NC_035787.1_54211729,0.102135363294784,0.0118633540372671,-0.0725089403350273,0.0179354745850909,0.454206767974066,3
B11,NC_035787.1_54211763,0.0429377256465898,-0.0212325215806364,0.01918714757911,0.0696848675025825,1.40773992096636,4
B11,NC_035787.1_54230605,0.0676454846977235,-0.00669312169312169,-0.00564093314093314,0.00239718614718615,2.50119178860124,4
B11,NC_035787.1_54243623,0.0377805720561733,-0.034513977886176,-0.0589782737854623,0.0182350118098751,0.161389992993589,4
B11,NC_035787.1_55250870,0.0413342758317293,-0.029786556036556,-0.053124194068343,-0.00923317021143108,0.951780083163007,4
B11,NC_035787.1_55267555,0.037797501205394,0.00211255483369426,0.00697740262957654,-0.0166358814057024,2.26888610064938,4
B11,NC_035787.1_55268196,0.0534890834810604,-0.0180806436823767,0.00392228029423151,0.0194904181184669,2.31630833932579,4
B11,NC_035787.1_56563170,0.0559387691331364,-0.0519649738234802,-0.0479942670663058,0.0231031197063806,0.801394852027154,4
B11,NC_035787.1_56563174,0.00519150915986815,-0.00400343761535622,0.00514349679501485,-0.0125888242894057,0.765254994396628,4
B11,NC_035787.1_56569899,-0.0406070984480759,-0.000825719944733938,0.0209897219745535,-0.023859649122807,-1.80620050811715,4
B11,NC_035787.1_57619676,-0.0173380841179754,0.0504065264158432,-0.105220573077716,-0.0127684407096172,-0.178699487335491,4
B11,NC_035787.1_57636089,0.148731501593611,-0.0568837658847801,-0.153117532088921,0.134483793517407,0.603867479518897,4
B11,NC_035787.1_57636115,0.187385028869032,-0.0667728723851654,-0.0582988580205578,0.0782369407711405,1.10212107857173,4
B11,NC_035787.1_59144810,-0.0257845548720457,0.0215891525731951,0.0612165184376138,0.0128917378917379,-2.06038578882208,4
B11,NC_035787.1_59150603,-0.0175115010062985,0.020006049730462,0.0320184426229508,0.00866634569090034,-1.21454708250447,4
B11,NC_035787.1_59770808,0.0239333165809742,-0.00809453227931489,0.00015212071836508,0.02477487135506,1.96572109287113,4
B11,NC_035787.1_60213897,0.00162487151083912,-0.00526838346960107,0.0125955031292497,0.0255356061854891,0.168684121686353,4
B11,NC_035787.1_60213898,-0.0316142820945931,0.0189037948352805,0.0428984592968263,0.00091792174690403,-0.190803254199867,4
B11,NC_035787.1_60548118,0.0542194632036499,0.0210201612381022,0.0182777541734302,0.0161854185876149,0.85775640198755,4
B11,NC_035787.1_60548849,0.20212498604025,-0.131413597230689,-0.107709391119977,0.132313836525793,1.25035639264325,3
B11,NC_035787.1_61830084,0.0426282874083955,0.0173599604312251,0.018462964662741,0.0502322930468155,1.17625019914042,4
B11,NC_035787.1_62935357,-0.00495322462186071,-0.0474760140746569,-0.0369453666537189,0.030241935483871,0.0465309606859234,4
B11,NC_035787.1_63139123,-0.138614993688793,-0.0202330375717472,0.0274884568269623,-0.0139047044427071,-1.1629691027754,4
B11,NC_035787.1_64195530,0.0990993485636188,0.0520192977079597,-0.0981484035055463,-0.0078656462585034,0.389025874784965,4
B11,NC_035787.1_64196345,0.00864523772452651,-0.0782963541176335,0.000720750983325844,0.0417411456132721,0.0637334224511918,4
B11,NC_035787.1_64196374,0.0282899783453413,-0.0677732058756646,-0.0233383673547141,0.0675080741118477,0.134688552464456,4
B11,NC_035787.1_64196407,-0.00300859222326626,-0.0164231992731856,-0.0235095530976651,0.0109169457256587,-0.0912047238702602,4
B11,NC_035787.1_64196513,0.0169310179398566,-0.0528681337354981,0.0634745570903829,0.0844126643262502,0.012889674573813,4
B11,NC_035787.1_64363721,0.0156721423787382,-0.00958926907202769,0.0197704197704198,0.0138996138996139,1.83508399096996,4
B11,NC_035787.1_64894638,0.00704004905952664,0.0108145142796567,0.0336526572201014,0.0823117797162025,-0.0337184058076429,4
B11,NC_035787.1_70567754,-0.0246819707292106,0.0456301366311478,0.00146062685569286,-0.0439290803796125,-0.523082930197011,4
B11,NC_035787.1_72489835,0.166339768269116,-0.0384556053306053,-0.0914502265045743,0.0756893569393569,2.35867068589715,4
B11,NC_035787.1_72558830,0.0594355779349219,-0.0903704126867703,-0.0448578699497817,0.0491550718648115,0.263457731484214,4
B11,NC_035787.1_72558932,-0.0177368462512775,-0.0101587301587302,-0.0514585404054095,0.127337113707272,-0.0303801516457239,3
B11,NC_035787.1_72575913,-0.00153028229067215,0.0283432059059213,0.00423546308552539,-0.019798671503691,0.00459836595252272,4
B11,NC_035787.1_75073430,0.016073889920531,0.0172257866357245,0.0101214574898785,0.00961538461538462,1.71203685265593,4
B11,NC_035787.1_75073433,-0.00912981036139459,0.0346536712511091,0.0261051829268293,-0.0078125,-1.61529364086959,4
B11,NC_035787.1_75074263,0.0515932229932939,0.0616050976099181,0.0570471156467221,0.0184737176866112,0.325679759600047,4
B11,NC_035788.1_590413,0.0576827298331611,0.0529363371364806,0.0438095238095238,-0.0835948773448773,-0.407607472095631,3
B11,NC_035788.1_1888013,0.00314549634873091,0.0328828286253414,-0.00140955118914213,-0.0445046986571379,1.64043953181015,4
B11,NC_035788.1_2002055,0.213127090346269,-0.263238079322638,-0.133604821456622,0.193351715686275,0.939925571466521,4
B11,NC_035788.1_2002059,-0.0914798703638028,0.13883615434573,0.150372775372775,-0.0422246660149886,-0.43485268917887,4
B11,NC_035788.1_2003144,0.000612312833706746,0.0985960194130644,0.0784242244472789,-0.150298166278264,0.0904153029575669,4
B11,NC_035788.1_2003150,0.0274925140022487,0.0833946078431372,0.0372756704032964,-0.11186974789916,0.185802332209994,4
B11,NC_035788.1_3970028,-0.110422614645551,-0.00542078681833434,-0.0748526297534788,0.0922767314328996,-0.459148798178505,4
B11,NC_035788.1_4834595,-0.0274578005905484,-0.00933665534338729,-0.0224906568033519,0.0398231134614244,0.923312999911701,4
B11,NC_035788.1_7098929,0.154455842944699,-0.105449006888591,-0.150187984737257,0.120848450491308,0.934161198362402,4
B11,NC_035788.1_12056720,-0.0760024292140042,0.062280578898226,0.0575014530659692,0.0125,-2.60016983780445,4
B11,NC_035788.1_12087462,0.062820899257527,0.0388307812573765,-0.0351896232224657,0.0402969147419758,1.39782121787758,4
B11,NC_035788.1_12147829,0.072107075257775,0.0649773676021467,0.0777815715069915,-0.0961309304813505,0.313628985628675,4
B11,NC_035788.1_12147830,0.213756704706857,-0.145591950651849,-0.100861258215321,0.0847474871254894,0.879167348808051,4
B11,NC_035788.1_15813895,0.0543646955371878,-0.00300367892581007,-0.0129882885931273,0.0413338975838976,0.626844783738325,4
B11,NC_035788.1_17567028,-0.0830243601485016,0.0310088200509165,0.0123590203292688,-0.0428984510138233,-1.29811472207878,4
B11,NC_035788.1_18784244,0.0227399298541833,0.00442634287861001,-0.00521188267862501,-0.0149242149256391,0.561418663875607,4
B11,NC_035788.1_18784479,-0.0455741516003779,0.02602129331384,0.120926549883394,0.0807568779927044,-0.232346661203506,4
B11,NC_035788.1_18830593,-0.00473569952492782,-0.0385244342190875,0.00265421326594983,0.0260521627380964,0.12974192521848,4
B11,NC_035788.1_18830594,-0.0176741050350462,-0.021876106419235,-0.0123382481994612,0.0057978004770828,-0.101639357149497,4
B11,NC_035788.1_18925578,0.0400902347827647,-0.0188654855909609,-0.0819745368437654,0.035218253968254,2.17752892837823,4
B11,NC_035788.1_19041106,-0.0221260128832996,-0.0465458787206953,-0.0280270606640619,0.0354678292161466,-0.08008860111566,4
B11,NC_035788.1_19041220,0.137781180728347,-0.0400385170596389,-0.0350624161425678,0.0252516604397515,0.599515488990945,4
B11,NC_035788.1_19041701,-0.121010841024007,0.0562604983373441,-0.0148059412374469,-0.0424698149769886,-0.535597492441299,4
B11,NC_035788.1_26615364,0.188998021987152,-0.0675102192493497,-0.0134326634326634,0.0598290598290598,1.06931238974248,3
B11,NC_035788.1_28900353,-0.0013315406030864,-0.101205070612891,0.044968239821181,0.0478030593958014,0.0280866728725554,3
B11,NC_035788.1_30305388,-0.0950321386507257,0.0557529250554746,0.0810389935389935,-0.0982056138306138,-0.586346052608977,3
B11,NC_035788.1_30305590,0.0103718148987803,0.050988446072533,0.031134613244133,0.0631150479437717,0.0627308237814878,4
B11,NC_035788.1_30305602,0.0508984796509508,0.0479538408825258,-0.0107940948437976,0.0308314356372424,0.22487910471574,4
B11,NC_035788.1_31477309,-0.00561444942472429,-0.0882713648182704,-0.142947874682789,0.183694669090207,-0.196831728489531,4
B11,NC_035788.1_31477330,-0.0287623999707801,-0.0642307707934079,-0.154817321883261,0.0998172514619883,-0.291022842917864,4
B11,NC_035788.1_35154111,-0.0407472420867385,0.0787719334447631,0.0475499631751738,0.00533443637589239,-0.812038828539523,3
B11,NC_035788.1_36642552,0.0665248480632162,0.00273190869354055,-0.011067101584343,-0.00244641192917055,3.18570828889542,4
B11,NC_035788.1_36884749,-0.0714998771878536,-0.00919007255622411,0.0298543052456715,0.0589043766137485,-0.766874275811469,4
B11,NC_035788.1_36960406,0.1212960840448,-0.165429308297297,-0.0669434001670844,0.102196345643521,1.10817442574758,3
B11,NC_035788.1_36960749,-0.0871290113172182,0.0626829947042713,0.103670157051728,-0.0946873139144729,-0.811841262824081,4
B11,NC_035788.1_36960786,0.129979378251036,0.027256002641634,0.0425762425045065,0.00213263284953015,0.527697582270656,3
B11,NC_035788.1_40488544,0.017489609631006,0.0367887626319647,-0.0192557981926922,0.0337471352177235,-0.0166497420296188,4
B11,NC_035788.1_40497598,0.0518760209787186,0.00841877689774361,-0.00966258685536786,0.0193060815463309,0.860631700222097,4
B11,NC_035788.1_40539104,-0.0198291850409341,0.0373902711336417,0.0439491328896955,0.0403385833107977,-0.288356374881293,3
B11,NC_035788.1_41317693,0.0177446635179448,0.0124532559141608,0.0322021329620979,-0.00810214505246379,-0.526075581774039,4
B11,NC_035788.1_43536069,0.00282128352509295,-0.0237421334581578,-0.0159848407419637,0.00678811046965205,2.94007994127332,4
B11,NC_035788.1_46325364,0.00970874032436746,-0.0137286389091395,-0.0267272951857456,0.00114121459966502,0.0965364092360421,4
B11,NC_035788.1_46379793,0.0805991762460937,0.0155381842004772,-0.0287800213321564,0.0873427062106307,0.450894466677055,3
B11,NC_035788.1_46381431,0.167024393039115,-0.0223569804785568,-0.0342747822653103,0.0672087018008664,0.810810125968056,4
B11,NC_035788.1_47644283,0.06537388024622,-0.0363229745774937,0.0316115186297699,0.0914901034637877,0.743471327186946,4
B11,NC_035788.1_47922343,0.00947944691856717,-0.00327307843043084,0.00183104739193171,0.0134617902314812,1.60469910606109,4
B11,NC_035788.1_47932213,-0.00553944466686474,0.00325136635739103,0.023692089448392,-0.0200074716618834,-0.75735063285727,4
B11,NC_035788.1_47934877,-0.00136395884947542,0.00990606057202792,0.00537379754216315,0.0147425338054821,-0.669755135835278,4
B11,NC_035788.1_47946178,-0.0540110439936127,0.0184728163697872,0.0587323845136345,0.010974352076047,-0.773905792642097,4
B11,NC_035788.1_48360648,0.0516382807303523,0.0313419117647059,0.00202472293265132,0.0117460119641077,2.75568266233408,3
B11,NC_035788.1_51358365,0.0482407931018991,-0.0855112087306356,-0.0441808478877445,0.0602272727272727,0.25104643080138,4
B11,NC_035788.1_51358423,0.0168537755079062,-0.033492922563594,-0.0250097740272597,0.0186507257941936,0.0691830618957259,4
B11,NC_035788.1_51358554,-0.0877748990386676,-0.0391975368403019,0.0278941381660729,0.0477975073531588,-0.511563383969338,4
B11,NC_035788.1_51978213,-0.0441668964365031,0.030796004842615,0.0380411255411255,-0.0863095238095238,-2.24044944709628,4
B11,NC_035788.1_52170267,-0.0116693534340593,0.0213167013167013,0.00404634581105169,-0.0283333333333333,-2.03105945272965,3
B11,NC_035788.1_53147481,-0.325019415906124,0.0531674465884992,0.0950117668818677,0.0665874171594995,-1.32868934911681,4
B11,NC_035788.1_54209813,-0.00872030485166751,0.0100078276346671,0.0153941080265034,0.023652909250851,-0.686675777934961,4
B11,NC_035788.1_54209832,0.0491260720393566,-0.0468056272890663,-0.0497767861639404,0.0459354169838041,0.579518122677838,4
B11,NC_035788.1_56152259,0.062687679582352,0.0695308474098762,0.0147518221817299,-0.052782129801073,0.333272790934098,4
B11,NC_035788.1_56428112,0.0407261246097811,0.0197776876009898,-0.0105103730895208,0.0596779728225228,0.300155390499207,4
B11,NC_035788.1_56428146,0.119517196561173,-0.112242808309962,-0.116273926306355,0.116463925126206,0.527255257513274,4
B11,NC_035788.1_56545153,-0.0667009041754719,0.0121743086469935,0.0824004228302385,-0.0121602802461709,-0.81548721653815,4
B11,NC_035788.1_56585377,0.0147020871486004,0.0335589465989859,0.0298043311357252,0.0451490425637395,0.0260293359637858,4
B11,NC_035788.1_56586292,0.08140705556842,-0.0815372670807453,0.0869620811287478,0.0900482625482626,0.349922252554991,3
B11,NC_035788.1_59020877,0.105579018621065,-0.0578714528182613,0.01134041996504,0.0653277499087048,0.913873897420675,3
B11,NC_035788.1_60476810,-0.0179192103027001,0.0574175824175824,0.0951221748218411,0.0596190971190971,-0.0773048902399799,4
B11,NC_035788.1_64850625,0.0261368261368261,0.0185185185185185,-0.042009842009842,0.0029868578255675,1.38498972801285,3
B11,NC_035788.1_68038738,-0.00176049055891237,-0.00473272211077089,-0.0140317101597589,0.0232482343762832,1.28574662700275,4
B11,NC_035788.1_68105839,0.0315156235451376,-0.00447194039582424,0.0358234380708805,-0.0271148459383753,0.129668907114735,4
B11,NC_035788.1_68131625,0.0246528238708386,0.00640908285596173,0.0175978827866477,0.0198485539948955,-0.452976129179554,4
B11,NC_035788.1_68131632,-0.0581672260613767,0.0682969132019334,0.0560443984357028,0.00400143334925944,-0.57819286137727,4
B11,NC_035788.1_70924603,-0.0765192906067229,0.0300341289509152,0.0111035567220236,-0.0331116038433112,-0.552653736018503,4
B11,NC_035788.1_76680482,0.0225941124447564,0.0276610644257703,0.0371634299652876,-0.0125398996808026,0.143164445826455,4
B11,NC_035788.1_78312431,0.00728715728715729,-0.0120948495948496,-0.0136363636363636,0.0305855161787365,0.859939261507101,4
B11,NC_035788.1_79256133,-0.0758124160371887,0.0391667359768227,0.0978421409214092,-0.00139372822299652,-3.93205731434264,3
B11,NC_035788.1_79804652,-0.0102540345182058,0.0118740844764821,0.0218774875000532,0.0182777880564918,-1.08851887844471,4
B11,NC_035788.1_79883268,0.0538979004976713,-0.0325135270910532,-0.0340889384367645,0.0441639896159028,2.5586024674103,4
B11,NC_035788.1_79884902,-0.063578859836562,0.0487972553762028,0.0578245631437121,0.0107426726279185,-2.60452313190747,4
B11,NC_035788.1_80116339,-0.0662112518838948,0.0410778124837574,-0.0126640384325791,0.0183905758525028,-0.862678857387882,4
B11,NC_035788.1_80117358,-0.0836604117726064,0.000156423034330009,0.00601316866483701,0.0389849126830927,-2.90839479148092,4
B11,NC_035788.1_81095602,-0.238205572127614,0.289453783941884,0.28856620524668,-0.0930329106280193,-0.9932207543479,4
B11,NC_035788.1_81095716,0.0815453480273333,-0.00766769897712173,-0.045494994871717,0.0550408667450263,0.757972307863345,4
B11,NC_035788.1_81799739,-0.143346268957756,0.0337161193488285,0.0304303038787611,-0.0391513895007684,-1.0633955969203,4
B11,NC_035788.1_81956690,0.00285804685035491,0.000162974280621342,-0.00401471984805317,0.0497916666666667,-0.0854873346032598,3
B11,NC_035788.1_82160876,0.155865518794101,-0.0496525820979236,-0.0940754884047694,-0.00322283930400606,0.771568101878029,4
B11,NC_035788.1_82443959,-0.00219050106420394,-0.0017037418027517,-0.00528718845232053,0.00635540216584995,-0.602660636305748,4
B11,NC_035788.1_84284988,-0.00585066659870681,0.0224951811767228,0.0159724182253884,0.0478030919786932,-1.39867288044305,4
B11,NC_035788.1_84762081,-0.121659286844817,0.0568389238449722,0.101286279347227,-0.0345130813953488,-4.01009127607056,4
B11,NC_035788.1_85712527,-0.00169150868200792,-0.00109621285571361,-0.0150199503666483,0.0169956782207406,-0.0401368494439847,4
B11,NC_035788.1_87830169,-0.0596862402791241,0.0296472573847324,-0.0187795745297815,-0.0207341897760127,-1.33960497558742,4
B11,NC_035788.1_89818998,-0.0946061077458536,0.171139971139971,0.172906403940887,-0.0705357142857143,-2.09152276595943,3
B11,NC_035788.1_89922247,0.0630330335014112,-0.019138830139316,-0.0274554807101063,0.00977489926045911,4.25045275521161,4
B11,NC_035788.1_90340179,0.0650448081638487,-0.0189405524538262,-0.0185481562208301,0.000548024893394077,6.37287605193932,4
B11,NC_035788.1_90548435,-0.0435881196527501,-0.00263341274376454,-0.027479101520047,0.0664119406551988,-0.204384177011416,4
B11,NC_035788.1_90767745,0.176788107780171,-0.0835956535840081,0.00852627136031164,0.073047012692592,0.769694190427695,4
B11,NC_035788.1_91924660,0.160815528557464,-0.00245775729646695,-0.136123211435757,0.0390394088669951,3.55243232662452,2
B11,NC_035788.1_95265450,0.0610921462955828,-0.0327439886043248,0.00810621106597983,-0.00730903563317899,1.03430953001129,4
B11,NC_035788.1_99435188,-0.0147753666206284,0.00649502745793627,0.0370089803509214,-0.0199635258054669,-2.22284087760503,4
B11,NC_035788.1_101622915,-0.0588892188705289,-0.0275336435134184,0.0309022809495896,-0.00847844582414158,-0.275873691890853,4
B11,NC_035788.1_101622925,-0.00808130879371631,0.00474019517525459,0.0429207016251964,-0.0640872686874495,-0.0388710082306621,4
B11,NC_035788.1_101622928,0.139324853135862,-0.110895840968531,-0.11375745697392,0.0620653848730488,0.843534941249807,4
B11,NC_035788.1_101623029,0.0106918578055717,0.0235863040523219,-0.00459224894482324,0.0190576006456842,0.134739740896695,4
B11,NC_035788.1_101628362,-0.0179817018934174,0.0602352234753551,0.134992459945978,-0.161354006008611,-0.114527870238795,4
B11,NC_035789.1_377648,0.0191743699775909,0.0778613523573201,-0.0226484519537258,0.106763263618102,0.0378640072538142,4
B11,NC_035789.1_630251,0.0277960526315789,-0.0402960526315789,-0.0402960526315789,0.0564250848896435,-0.454433738907829,4
B11,NC_035789.1_630374,0.0237482079238293,-0.0357145603852118,-0.0330051574893523,-0.00810286965980134,1.18937004728949,4
B11,NC_035789.1_1615340,0.00959950175912782,0.0217354093171626,-0.0058081703781383,0.00290697674418605,1.72535539388576,4
B11,NC_035789.1_1689785,-0.0607213704027194,0.0696266940623842,0.0467230357922241,-0.0423367241633495,-1.61535704965456,4
B11,NC_035789.1_1766915,0.0380659161037921,-0.0242360113243027,-0.0515985119387456,0.0312689053107172,1.36285551772399,4
B11,NC_035789.1_3447110,0.134535313959135,-0.0300701717790513,0.00780409253220729,0.0428706570347437,0.985652473942951,4
B11,NC_035789.1_3491718,0.00368920772977961,0.00451555693119021,-0.0268879264486762,0.00259562342256105,0.787076708077989,4
B11,NC_035789.1_3579039,0.0588829956409763,-0.0196793300653595,-0.00403315797863861,0.0274918300653595,2.53832991199871,4
B11,NC_035789.1_3579045,0.079111401392302,-0.0197102604997342,-0.0210991493886231,0.0164156868563233,4.34539809427765,4
B11,NC_035789.1_3612147,0.00359613501545095,-0.000626939858755791,0.0124461670973299,-0.0232558139534884,-0.486578432164223,4
B11,NC_035789.1_4360473,0.117129782082485,-0.016099670733538,-0.0528366673970053,0.124322684616929,1.06757562824638,4
B11,NC_035789.1_4362543,-0.011656803966513,0.016508311933158,0.0184872057035197,0.0945483438363799,-0.0483005277430009,4
B11,NC_035789.1_4362657,0.0152106295611114,-0.0230586288141668,-0.049067377010415,0.0821662226092606,0.0818356541613393,4
B11,NC_035789.1_4362705,-0.0370801136150023,0.052652269732322,0.0654320625476458,-0.0138561523722924,-0.200273184538664,4
B11,NC_035789.1_4362852,0.0631620053247815,-0.057703436818973,0.0235257795334411,0.0969384676037544,0.287907958008776,4
B11,NC_035789.1_4489140,-0.0788813277289814,0.0700339395017266,0.05495761523,-0.00826484439929818,-0.867591158711762,3
B11,NC_035789.1_5380590,0.0324539575681979,-0.00427147916036249,-0.0201916148818289,0.0230826888903225,2.31972854876587,4
B11,NC_035789.1_6800575,-0.0934118251058633,-0.00744093529020001,0.0548835131400514,-0.075165520753756,-0.754152198871208,4
B11,NC_035789.1_8466020,-0.133697602251184,-0.0335403681117868,0.0476606303061928,0.0469748268292644,-0.59974732415745,4
B11,NC_035789.1_8880247,0.0687222101080347,-0.029614793266971,-0.0612876470150536,0.0276342985519226,2.81053825626341,4
B11,NC_035789.1_8880749,0.0430458771547751,0.0256595239940865,0.024540244160021,0.0396249098207923,0.174732535144314,4
B11,NC_035789.1_8880775,0.0321997172147185,0.0351156406424831,0.0364790316934905,0.103178685894555,0.285781130511262,4
B11,NC_035789.1_9441238,0.00629896511132293,0.0568952291072996,0.00221762638455592,-0.0370604424565525,0.0289086639733929,4
B11,NC_035789.1_9441876,-0.0226892073013435,0.0399702673151747,0.00413871367649635,0.00729599335906311,-0.10567322977021,4
B11,NC_035789.1_11335602,0.0531221864329074,0.0142305942068552,-0.0838129755109987,0.0188327743378053,0.398348614333716,4
B11,NC_035789.1_14293734,-0.0375711306760751,0.0369330297419216,0.0515589590434792,-0.0608094426024734,-0.385209815036363,4
B11,NC_035789.1_16956256,0.0101079422703065,0.0936432783720779,0.0404100486754509,-0.0551801636179796,1.04061110928455,4
B11,NC_035789.1_23107929,-0.0500823405155314,0.0786775076452073,0.00104089655923609,0.112990894609613,-0.214766012824258,4
B11,NC_035789.1_23176319,0.0902290964079389,-0.0137139956992898,-0.0222986392341231,0.0195406445406445,4.43261604592154,4
B11,NC_035789.1_30016976,0.0206051377563005,0.0435606060606061,0.0241279069767442,-0.01875,-0.587745537970779,4
B11,NC_035789.1_31017699,-0.0156049218209368,0.015049439683586,0.0115078630897317,0.00324324324324324,-0.408612363356937,4
B11,NC_035789.1_31050632,-0.00165583192042595,0.0070562185708126,0.0117986557825971,0.0367361427522014,-0.0360207644292693,4
B11,NC_035789.1_31063899,0.0597848660193245,0.0131780917495203,-0.0105580693815988,0.00474833808167142,2.09574640716228,3
B11,NC_035789.1_31183988,0.116081829660729,-0.105828179362832,-0.138133102788275,0.163089929394277,0.519522910888299,4
B11,NC_035789.1_32641557,-0.0693546334442872,-0.0673840454918404,0.00200645856923293,0.0830176487975563,-0.337195105707345,4
B12,NC_035780.1_242942,0.0500418962072195,-0.00775215908988187,-0.000795322689313413,0.0855732123173984,0.326144720487984,4
B12,NC_035780.1_416630,-0.0103161352843284,0.075048026024943,0.0452606143641458,-0.098084884999302,0.00228805908022375,4
B12,NC_035780.1_574241,0.000271894924968083,-0.018083807119994,-0.0213188392067702,0.0668258897443086,0.971280509729672,4
B12,NC_035780.1_722952,0.0393322901970385,0.0189472111278605,0.0247535056000232,0.0390633539388507,0.18596513495317,4
B12,NC_035780.1_722997,-0.0126662218382304,-0.0178655666635731,-0.00792411334885592,0.00517619174550205,-0.0885698112627965,4
B12,NC_035780.1_904338,0.0727074942560268,0.0335145142165185,-0.0633037504163939,0.0771112483555404,0.505604358815424,4
B12,NC_035780.1_939001,0.0352940155874986,-0.03927860708739,0.0633847923578347,0.0839079822616408,0.308583452253961,4
B12,NC_035780.1_2173819,-0.0237486897049367,0.0320158662943391,0.0318928225413188,0.00114546853268657,-0.399916885967097,4
B12,NC_035780.1_2654159,0.123631407562743,-0.127269947841756,-0.0520532910378177,0.12321047008547,2.76201242030225,4
B12,NC_035780.1_2919366,0.0581869261441556,-0.0123814648916288,-0.010711352515421,-0.0638967958198441,0.421384173788109,4
B12,NC_035780.1_3673218,-0.0750664623893233,0.0113964321671089,0.0810715806370755,-0.0462751272348796,-0.600334894519329,4
B12,NC_035780.1_6169102,0.0547519460721612,0.00483749596973363,-0.0342920894998547,0.00397828261514203,0.341364010502458,4
B12,NC_035780.1_6169608,0.00777706731187026,-0.0142956510624533,-0.0168180108771365,0.0240942490844477,0.0530472689704518,4
B12,NC_035780.1_6373267,-0.0041603351453388,-0.0562040218492577,0.0192199005163176,-0.00746496912695227,2.36988502451635,4
B12,NC_035780.1_7037971,-0.0115086960243382,-0.00735824661894967,-0.00552717254683367,0.0277246992848016,-0.0691972891140152,4
B12,NC_035780.1_7037972,0.0342778369168265,-0.0134385744705624,0.002913769882344,0.0586541052645787,0.172324990860752,4
B12,NC_035780.1_8051153,0.0591993321947297,-0.00702878216782556,-0.0143695074306944,0.1053139062342,0.270588006788632,4
B12,NC_035780.1_8059859,0.0141380706966069,0.0670328869007037,0.0411930552757795,-0.00563812700766003,0.0658752753186752,4
B12,NC_035780.1_8087434,0.0953844062993497,-0.0582160770484433,0.0116267353336319,0.0962053571428571,0.689365754296738,4
B12,NC_035780.1_8090681,0.120634138877473,-0.00142790015654923,-0.0162824672240987,0.0549639585891809,0.671076929425176,4
B12,NC_035780.1_8154371,0.0496833632556521,-0.00289314205452943,-0.00720970432893655,0.0422389844995987,0.841440204385549,4
B12,NC_035780.1_8154410,0.12340625351397,-0.0452762020781907,-0.0387654910686407,0.0470509137241421,0.677079486386009,4
B12,NC_035780.1_8155168,0.114209782291981,0.0154801845473487,-0.0354767289940162,0.0517333380038298,0.50913399972293,4
B12,NC_035780.1_8155543,0.00741184381316613,-0.00744310572068882,0.036839840583974,0.0382193066335239,0.0188681450011966,4
B12,NC_035780.1_8219007,0.00432913477286654,-0.0329885753249283,-0.00121589433688471,-0.0131978653530378,-0.0596128521817638,4
B12,NC_035780.1_8549206,-0.0342419644960178,0.0270480139653737,0.0320943661815372,0.048356510141636,-0.16626862272467,4
B12,NC_035780.1_8699244,0.0245042479489415,0.00981100893009006,0.0755277510410205,0.0212326219842043,0.0862556845041548,4
B12,NC_035780.1_8742896,0.0958538412871019,-0.022882974817038,0.0148997239912602,0.0253402126371195,0.405053302399887,4
B12,NC_035780.1_8915880,0.0136065768128661,-0.00388455371634079,-0.0400556423419992,0.0286274018244161,0.352485388662518,4
B12,NC_035780.1_9535980,-0.0376700352094093,0.0221341163377454,0.0831437870718871,0.0539616192438773,-0.297328306963623,4
B12,NC_035780.1_11145045,0.0495837741036655,-0.00982549884482584,-0.0210740410247359,0.0172236438038778,1.16944265088987,4
B12,NC_035780.1_11153650,0.0120045256974959,0.000389088687425855,0.0638236572728506,0.0172041196871418,0.0965967575003485,4
B12,NC_035780.1_11323428,0.0227420444753289,0.00505995576750294,0.00773056588382603,0.0139293437486209,0.504434884058797,4
B12,NC_035780.1_11456907,-0.00172660722750028,-0.0105769048494381,-0.00196842878507035,0.0188172927724886,0.0902861739465154,4
B12,NC_035780.1_11460694,0.0240903490961803,-0.0331099266130745,0.0157948978929297,-0.0340294089389298,-0.0356465508516354,4
B12,NC_035780.1_11460721,-0.0913225305898668,0.0409077990295533,0.0122466575023385,0.0351809920483167,-0.413190786137764,4
B12,NC_035780.1_11460778,0.0854750776362968,-0.0601230801252574,-0.0578087462361705,0.0572583360267184,0.616312073237023,4
B12,NC_035780.1_11542240,-0.0246538867042981,0.0796420176622305,0.026089680926062,0.0236361249889091,-0.42624991551558,4
B12,NC_035780.1_13060561,-0.000415114022024363,-0.0246427781519482,-0.0202401890507376,0.00501852897906723,-0.0350999645988985,4
B12,NC_035780.1_13164394,-0.0131656305580604,0.0123967887417255,0.0189302602150951,-0.0160624098124098,-0.240812599810376,4
B12,NC_035780.1_14433594,0.0968507284387904,0.0982168498338027,0.0565035726800433,-0.047605580693816,0.402537997697463,4
B12,NC_035780.1_14694387,0.0774854004895492,-0.00479817787891623,0.014228437250203,0.025204718692387,0.902406941553469,4
B12,NC_035780.1_14698791,0.00359047851053352,-0.0310816185688816,-0.00876751075321704,0.0203109223434218,-0.0207687484345257,4
B12,NC_035780.1_14698999,-0.00412163786894054,-0.00254038909033009,-0.0357604499048909,0.0443363612960994,-1.39553237559647,4
B12,NC_035780.1_15499443,-0.0568497577386076,0.102072005297812,0.164805459302742,0.0113819176319176,-0.369966634275955,3
B12,NC_035780.1_15720403,-0.0232272225082809,-0.00996569913579454,0.00343199978403352,0.00215337569003406,-0.219680900928592,4
B12,NC_035780.1_16187099,0.0300230700106449,-0.0435591351604799,-0.00756429273206748,0.0143383954940852,0.787888339106913,4
B12,NC_035780.1_16504638,0.0392247505483657,-0.0153180635409922,0.0125713438184834,0.0525610082131821,1.45939072463386,4
B12,NC_035780.1_17667152,-0.003457439509703,0.00616428750176027,0.0223079025083535,0.00463405971082765,-0.0836261183680325,4
B12,NC_035780.1_17667463,0.0353156870676647,-0.0234448823059653,0.0132212248126736,-0.0344247303911792,0.706990493133769,4
B12,NC_035780.1_17667995,0.00711627620148283,-0.0206356108028479,-0.0321031917186327,0.0273713954284174,-0.40926746621689,4
B12,NC_035780.1_17684340,0.041528885171496,-0.00931318085434237,-0.0196704630655491,0.0459539781082706,3.73383771762262,4
B12,NC_035780.1_18447492,0.0827660860395642,0.00960660536615759,0.0162233812295198,0.079003463426838,0.377957052513773,4
B12,NC_035780.1_19319176,0.0111996526499205,-0.00391569792170306,-0.0362663770249153,-0.0174917347442953,0.0663854089993144,4
B12,NC_035780.1_19376247,0.035329954441771,-0.0254895259026485,-0.0405389655862345,0.0362532513005202,2.22060375887938,4
B12,NC_035780.1_19595212,-0.00615408703827057,0.0171561573347288,0.0126554575332771,-0.027785409035409,-0.272460970968039,4
B12,NC_035780.1_19671795,-0.0142853830453603,0.0802065067537426,0.0174617481957424,0.083954069058987,-0.0675555906413415,4
B12,NC_035780.1_19946760,0.10271743787242,0.00116622056456308,-0.0541053929083833,0.0655869345055901,0.659368880023023,4
B12,NC_035780.1_19976031,-0.0108422319231536,-0.0180864267453993,0.00182938241804429,0.00791098786375687,-0.538665409479168,4
B12,NC_035780.1_20636191,-0.0148538652024248,0.0136128588903642,0.0206329665243041,-0.0166563371512338,-1.650687603596,4
B12,NC_035780.1_20748489,-0.0324404817569789,-0.0245917444388818,0.0139947960968536,0.00141055090734673,-0.193055997608,4
B12,NC_035780.1_21952643,-0.0554733125344401,0.0257593784559169,0.0194945846455999,-0.00718552119112534,-4.99430414059706,4
B12,NC_035780.1_21958832,0.0266451314479626,0.0157337859309548,0.0113756613756614,0.00170807453416149,1.22637275450819,4
B12,NC_035780.1_22005285,0.174863638883537,-0.0399676770366426,-0.0243624579944247,0.0527298850574713,1.17726905325436,4
B12,NC_035780.1_22010323,-0.0247937277760618,0.0376092141764538,0.00618218259727694,0.00782051282051282,-1.01710433137634,4
B12,NC_035780.1_22030105,0.0287168468599825,0.0441017530404898,0.0517679352500781,0.0292088863517435,-0.898464817831657,4
B12,NC_035780.1_22276346,-0.0370367935009814,0.0537485241133652,0.0599582619934797,-0.0668542554098592,-0.15704532819161,4
B12,NC_035780.1_22392376,0.00616292564415398,0.0238199147606813,0.0150508296288347,0.0244107744107744,-1.52147529402351,4
B12,NC_035780.1_22398500,-0.0528325354956575,0.0164952450234708,-0.00751625869320674,0.0344695813445813,-0.796048922345648,4
B12,NC_035780.1_23167913,0.0969911536833127,0.000337181459855417,-0.0130183220829315,0.0429252782193959,1.90570213612894,4
B12,NC_035780.1_23575652,0.00827913559547061,0.0656475345811996,-0.0176737733013038,0.0328252884528189,1.41354313206986,4
B12,NC_035780.1_23818494,0.107739065228634,-0.0274087807705902,0.0739713366867625,0.0274495542502575,0.746546872225073,4
B12,NC_035780.1_24078909,0.0823495884580183,0.00256650941882482,0.00764670626430923,-0.0104380913204443,1.16888974567091,4
B12,NC_035780.1_24078931,-0.00225957937594766,0.055379263745632,-0.0118659420289855,0.0120183810533758,0.122137989540732,4
B12,NC_035780.1_24088750,-0.00989091612850472,-0.00492484478186252,0.00245890140312169,0.00608776394325865,-1.14638934029278,4
B12,NC_035780.1_24089934,0.0321086742110422,0.00170984662976583,-0.00639020464147029,0.00563079827644313,0.986752217013152,4
B12,NC_035780.1_24494373,0.0301201610912564,-0.0104442351653305,0.0155831777155307,-0.0258251413773056,1.33102150482209,4
B12,NC_035780.1_24637827,0.0228329626193614,-0.00643589922704866,0.00413889811424423,0.00181131487297751,3.05912546998996,4
B12,NC_035780.1_24752700,0.014591973910864,0.00956659187494428,0.00245606565502114,0.0110432330827068,0.177286880476597,4
B12,NC_035780.1_24756549,-0.0023045136386052,0.0175215078919843,0.0352054262328492,0.00741887502947902,-0.0766888018573616,4
B12,NC_035780.1_24797292,0.13369070196239,0.0269937872804611,-0.0698269640622367,0.104799863791234,0.539128943220041,4
B12,NC_035780.1_24807218,-0.018056377596243,0.0539369376196184,0.0885368245680297,0.0210570551845052,-0.0621510811063184,4
B12,NC_035780.1_24826351,0.0580447921307947,0.0132377598762683,-0.0302488768612378,0.0611920541014674,0.560443258159367,4
B12,NC_035780.1_24826489,0.0647974536228829,-0.0534478726514588,-0.0510726583164198,0.0345976095976096,1.33543726501732,4
B12,NC_035780.1_25192127,-0.0117189008944169,0.00490882428621181,-0.037496204597252,0.0494528087044534,0.22393608931182,4
B12,NC_035780.1_25202948,0.00194849203535199,0.0480579555285682,0.0232055358517777,-0.000625465471361105,0.0742086479508015,4
B12,NC_035780.1_25203176,0.00102864230265023,-0.0236219717337035,-0.0373837141998379,0.0328387397809587,0.0730347483545968,4
B12,NC_035780.1_25301154,0.000258156737176552,0.012232247042258,0.0138502748769759,0.0161586856965008,1.4247170315747,4
B12,NC_035780.1_25934158,-0.101843537170601,0.0423964239521979,0.0824992750246702,-0.0217640988371142,-2.15511464773516,4
B12,NC_035780.1_25957311,-0.0304310572473136,-0.00663296568627451,0.0230449537674602,0.00220588235294118,-2.45040333609804,4
B12,NC_035780.1_26063315,0.0171931167724174,-0.0405000644536422,-0.0156448432303119,0.0603174603174603,0.221117110090076,4
B12,NC_035780.1_26157226,0.0426678235272225,-0.0206045434190026,0.0202569845662483,0.0205157568309082,0.746526448735381,4
B12,NC_035780.1_26242776,0.0552393359557232,-0.0133540889835565,-0.0178750316710115,0.0449730946395071,0.511059475839917,4
B12,NC_035780.1_26242948,-0.0147003312407256,0.00238109104464713,-0.0147190578817734,0.0167488809411341,-1.07651746600271,4
B12,NC_035780.1_26370867,0.0059222792633189,0.0136150932203564,0.0288696795487967,0.0522547492059687,-0.0475603624884281,3
B12,NC_035780.1_26403392,0.0248006899285031,0.00066984411314038,0.0124842972972242,0.0358243349657845,0.164670343611103,4
B12,NC_035780.1_26403406,0.011522454003147,0.0133111210147555,0.0174324139090595,0.0302846203960893,0.0851354955556708,4
B12,NC_035780.1_26587849,-0.0277976595244066,0.0441590054164475,0.0351703733646821,0.0429470676681428,-0.250725486401375,4
B12,NC_035780.1_26641245,-0.0429038582677916,0.0287121567159391,0.00415545704409356,0.00326937507955562,-1.53578408210247,4
B12,NC_035780.1_26641443,0.0757198689350473,-0.0213795868126367,-0.00540877536897021,0.0738850830779891,0.38817355076844,4
B12,NC_035780.1_26886056,-0.00395057911010072,-0.00641129890945038,0.0276304939335413,0.0245476407938761,-0.154400947543336,4
B12,NC_035780.1_27795173,-0.0485460581610933,-0.0165424888924722,-0.0415786709113753,0.0465711836299272,-0.21256600343207,4
B12,NC_035780.1_27798619,0.056351523915597,-0.0352873877048708,-0.0680412849037558,0.027278765014832,0.235323694806442,4
B12,NC_035780.1_27798629,-0.0411017635550146,0.0451732035536798,-0.0251198793177416,-0.0044616646649779,-0.184209378919824,4
B12,NC_035780.1_27798655,-0.0113229164899768,0.0182623671128739,-0.0579601089429043,-0.0072312353935036,-0.0667109004174062,4
B12,NC_035780.1_27798656,-0.0113418084448408,0.0200893982054845,-0.0601492896630005,0.0299336425529411,-0.0685659099972247,4
B12,NC_035780.1_27833517,0.0819668070719161,-0.0168605265118442,0.000531995167067218,0.0473896270083716,0.547321702982673,4
B12,NC_035780.1_27851034,-0.0338485463935658,0.0666146715796746,0.0180131889183613,0.0511363636363636,-0.330043969632837,4
B12,NC_035780.1_27851427,0.0744155283262568,0.0192503841484305,0.0426873371726313,0.0385761039785808,0.247561388344076,3
B12,NC_035780.1_27851446,-0.0270734104555701,-0.0161880452296661,-0.00564698255044556,0.0351157776442407,-0.0432297554856652,4
B12,NC_035780.1_27854732,-0.102086421030189,0.0482114505341774,-0.00720434175898782,-0.0325810252977436,-0.913270968842346,4
B12,NC_035780.1_29904291,-0.010573940505229,0.00378657044705017,0.0270157212325552,-0.0170783498614159,1.03887017207608,4
B12,NC_035780.1_30519224,0.104606928062391,0.00360770017020017,-0.0371981642808878,0.111337736337736,0.551624905825909,4
B12,NC_035780.1_30691871,0.0186479140959445,0.0521396285092412,0.05004932396697,-0.0054603076663931,0.0805603001570349,4
B12,NC_035780.1_30691883,-0.0392893916952239,0.0708349419348714,0.0422757960222321,0.0265772605484445,-0.344297134796899,4
B12,NC_035780.1_30691886,0.0020927400750075,0.0784084436992937,0.0571570118172014,0.00749882266279417,-0.00398437594001576,4
B12,NC_035780.1_30691894,0.0305093748606776,0.00739313765461661,-0.000670752400906149,-0.0346734224689984,0.474834026547343,4
B12,NC_035780.1_30850154,0.157786925819448,-0.0803783614759225,0.00488607948547293,0.0813577460079386,0.93259708208905,4
B12,NC_035780.1_31246565,0.0427537117880231,-0.0160276315805089,-0.0748627293819519,0.0629709162145871,0.168589177534966,4
B12,NC_035780.1_31273658,-0.00918204226375211,-0.00153379836386359,-0.0108024787745458,0.0171458426618357,-0.00206002582591125,4
B12,NC_035780.1_31325492,0.0113587302725117,0.0628814348037866,-0.0189928378966368,0.0754968210688531,0.0568987949468156,4
B12,NC_035780.1_31672604,-0.0324600982737593,0.0236881684491979,0.0464154411764706,-0.0276654411764706,-4.89082726917646,4
B12,NC_035780.1_32273330,0.0501685754484381,-0.0570922309885942,-0.0431960167419023,0.0823199883059038,0.233754367422917,4
B12,NC_035780.1_32363479,-0.0201123121983217,0.0395344848439351,0.0386503920658718,-0.0493099667271628,-0.137776042570732,4
B12,NC_035780.1_32363950,0.0398397875078931,-0.0213200313571156,-0.00482243903715482,0.0156692509780743,0.797620121994123,4
B12,NC_035780.1_32399018,0.0735800237175219,-0.0099815071551428,-0.00100845191535238,0.0431041079992008,0.794766845917142,4
B12,NC_035780.1_32399475,0.0494738726788099,-0.000878611224005958,0.0129255194626735,0.0523527568922306,0.461581469217596,4
B12,NC_035780.1_33139683,0.0904074455182479,-0.0316306977336389,0.0176142421778095,0.0328285155704511,2.55208144840344,4
B12,NC_035780.1_33460432,0.0232588087500603,-0.0546801478382757,-0.0617112545696334,0.0612780156152184,0.0945798371194633,4
B12,NC_035780.1_33460446,0.0185720511158623,0.0112548597228452,0.0170516731567229,0.101361744754767,0.0886163299668173,4
B12,NC_035780.1_33525853,0.065424153804464,-0.0308207548680323,-0.104855456666978,-0.0597712465368864,0.536863158693955,4
B12,NC_035780.1_33922584,0.00438423499510553,-0.0317736205651651,-0.0367324381301364,0.0805286397284869,-0.0255056512667604,4
B12,NC_035780.1_37363574,0.0339768140987653,-0.0140882789663277,-0.0454169904169904,0.0178427128427128,1.22871681344167,4
B12,NC_035780.1_38284214,0.00404438667335509,0.0353356925144533,0.0233167341828823,0.018723265209455,-0.00429531904565139,4
B12,NC_035780.1_39347026,-0.0818000949425501,0.0774975752112122,0.0953509756511507,0.0824002302330476,-0.458836152766008,4
B12,NC_035780.1_39816950,0.0222468509987717,-0.0246003790139447,0.022930757703994,0.00472727626982946,0.437543306408081,4
B12,NC_035780.1_41731535,0.0247439930277807,-0.0282888194023652,-0.0166810192787768,0.0315826982975145,1.09008022646545,4
B12,NC_035780.1_42733221,0.0125966021813651,0.00742686599497312,0.0111310165535709,-0.0503797484870925,0.189606311663033,4
B12,NC_035780.1_43048576,0.00145506073472702,0.038812287947389,-0.00722567148891835,0.0915688512307365,0.00727640813558267,4
B12,NC_035780.1_46684551,-0.00930313074446052,0.0219502872335288,0.0184258118933514,0.0271251445031933,0.330691769692937,4
B12,NC_035780.1_46792233,0.0703612120432051,0.0212149708995798,-0.0136670221074132,0.135482498297889,0.534435724761736,4
B12,NC_035780.1_47055026,0.0606830032759507,-0.108000616969052,-0.0554865098982922,0.0454865580339964,0.260951044270705,4
B12,NC_035780.1_47116571,-0.0985930201715457,0.0884524248628577,0.0718715906406921,0.0693837445823543,-0.400792341981764,4
B12,NC_035780.1_47246171,0.0563185031076597,0.0647139743578591,-0.0439749557596425,0.0585853453700321,0.911178708499941,4
B12,NC_035780.1_47246176,0.0105997241222416,0.0896745932026474,-0.0241866780986655,0.0707018744515881,0.515585201624749,4
B12,NC_035780.1_47304766,0.03630987978368,0.0579755710042851,-0.0550646645564136,0.0996211734964842,0.14143244052899,4
B12,NC_035780.1_47304864,-0.125116299050286,-0.0338359317966312,0.018332495090987,0.118684524072195,-0.578169248331488,4
B12,NC_035780.1_47394431,-0.00437201867588542,-0.0219054018886712,-0.0262116386714838,-0.00345507511593586,-0.00939803494502574,4
B12,NC_035780.1_47493464,0.0971168535062717,0.0391222844067119,0.0153300736233803,0.0300325571129015,0.640460224538205,4
B12,NC_035780.1_48529141,0.0275481419336455,-0.00692136069812466,0.0520254508257818,0.0931260139497035,0.116561483339118,4
B12,NC_035780.1_48531640,0.0381269591456649,0.0642612377192762,-0.0345529915297357,0.041994851994852,3.03440561123913,4
B12,NC_035780.1_48998762,-0.0187715935710618,0.0176819080120967,0.0120663650075415,0.0258012820512821,-0.121523721448652,4
B12,NC_035780.1_49947770,0.0589020363536269,0.00318710111943195,-0.0402453933068,-0.0255406166602444,0.873075784253675,4
B12,NC_035780.1_49952164,0.134418625154628,-0.0953658793313966,-0.160136863918844,0.138034188034188,1.05662063058295,3
B12,NC_035780.1_53792133,0.0271277688154162,0.00166735715836168,0.0234009979137415,0.0843138005250805,0.0999702196866112,4
B12,NC_035780.1_54843111,0.00871018751425037,-0.0195447701911167,0.115654101995565,0.0617651657285804,0.0845356158442246,4
B12,NC_035780.1_55027801,0.0396241567005883,-0.0459112959112959,-0.0396049613688929,0.0322199730094467,1.48115465089814,4
B12,NC_035780.1_55038317,0.0318670761396534,0.0104178978263551,-0.0159750249099757,0.0463095921269413,0.544272473800502,4
B12,NC_035780.1_55038356,0.0221901407407215,-0.0209766677373492,-0.0391679415273503,0.0559690399722844,0.130980467993012,4
B12,NC_035780.1_55377631,-0.0580976745401851,-0.0471527731170046,0.0704920092970564,-0.00606528614044979,-0.388030883610493,4
B12,NC_035780.1_55395085,0.302302329644848,-0.0271810127880665,-0.0391871198881118,-0.0693211195525183,1.25173807607444,4
B12,NC_035780.1_55646379,0.0417907334491609,-0.0102205007193131,0.022926999760918,0.0696541298455281,0.610253451252966,4
B12,NC_035780.1_55857939,0.101904846414914,0.00835409518549053,-0.0468450993450993,0.139327801827802,1.54085456165035,4
B12,NC_035780.1_56153939,0.104253494731319,0.0233994651691664,-0.0296040618664024,0.0850349210791479,0.460432223804918,4
B12,NC_035780.1_56155386,0.0885786277995964,-0.0566068389620219,0.00984375920037686,0.119716815029315,0.452497767065341,4
B12,NC_035780.1_56649256,0.210434494698175,-0.0631739189928845,-0.0703982510718678,0.0620478325470306,1.36528924133958,4
B12,NC_035780.1_56886492,-0.0448226751529856,0.0238751226353826,0.0636864876025302,0.028046375628995,-2.07806714309507,4
B12,NC_035780.1_56913564,0.127192184881213,0.0473136145056226,-0.0737452317954561,-0.0902317657832364,1.02927326966563,4
B12,NC_035780.1_57800352,-0.0736200959930455,0.0947990006813536,0.0469127274718046,0.0802009993186464,-0.400381923593943,4
B12,NC_035780.1_58094343,0.0616998566638059,-0.035242879228476,0.0347999114597994,0.085427289876334,0.272103193217306,4
B12,NC_035780.1_58165876,-0.0369345219826566,0.0401898332097265,0.0366450011354827,0.0816233971329156,-0.154422359478628,4
B12,NC_035780.1_58181306,0.11217881491206,-0.0138327460482414,0.00115862788058965,0.122339423808951,0.472879030669049,4
B12,NC_035780.1_58257160,-0.07938795134157,0.0507600913663743,0.0601589386376073,0.000779555529943066,-0.622318609049492,4
B12,NC_035780.1_58257163,-0.0615893777946876,0.0394568902976168,0.0821617553705735,0.00799672003380355,-0.462573810217708,4
B12,NC_035780.1_58257352,0.0198050066069595,0.00568966832852875,0.00870314982548406,0.0386435626882332,1.88057742371617,4
B12,NC_035780.1_58941069,-0.0143563011625162,0.0393021814696876,0.0306946916368987,0.00232870497968063,0.498038219768555,4
B12,NC_035780.1_59718304,0.187820473423581,-0.0787824157579001,-0.0317618876746916,0.116110402494331,0.767511591339047,4
B12,NC_035780.1_59723468,0.183947396875906,-0.127075935927988,-0.0118759012579009,0.0810434576267627,0.955888117577866,4
B12,NC_035780.1_60058147,0.109753133912148,-0.0135290057165057,-0.0580861908641567,0.0975539569810983,3.95431223752969,4
B12,NC_035780.1_60058210,0.0489292221520323,0.0604075018973275,0.012446957949638,0.034017901328479,0.570108162814711,3
B12,NC_035780.1_60414429,-0.0241826862536475,0.000437975007690116,-0.0170758375916692,-0.00628966621613681,-1.12642412927881,4
B12,NC_035780.1_60632893,0.0678845912580405,0.0215035105374862,0.0211870377945429,0.0194191085101329,1.68917664562746,4
B12,NC_035780.1_60632924,0.0214404482213356,0.0528007518796993,0.0306433952039712,0.0630705753746067,0.0798681775840392,4
B12,NC_035780.1_60632944,0.0409177304423119,0.0336522230324709,0.0619746187196043,0.0676190652634117,0.149005751460172,4
B12,NC_035780.1_60853968,-0.0205321636861258,0.0609779939242249,0.0353914461856015,0.0451052106782388,-0.0867003835681861,4
B12,NC_035780.1_60854878,-0.00528682875465461,-0.00440368421955265,-0.0165412056569306,0.0337885494963617,-1.09485981397262,4
B12,NC_035780.1_60854931,-0.00896753647956764,0.00770479150688624,-0.00861821819379508,0.000371159244907855,-0.183745321169627,4
B12,NC_035780.1_61153984,0.119645029607606,-0.0654061101764798,-0.0160828994358676,0.0564312161034627,3.29484553792647,4
B12,NC_035780.1_61304992,-0.00177770680506628,0.00513479302343707,0.00183278123481502,-0.0219766260162602,-0.473512737982321,4
B12,NC_035780.1_61305139,-0.00973544426331134,0.0193613153814559,0.0154799320063726,0.0171086454658643,-1.86579823915691,4
B12,NC_035780.1_61554597,-0.0687078036549504,0.0620487306149071,0.0587970265561729,0.0182689482961222,-2.06394028434104,4
B12,NC_035780.1_62581100,0.0272037017140169,-0.0105012105323591,0.0507886028445239,0.0401704891255975,0.231747775992007,4
B12,NC_035780.1_62581105,0.0304568633584609,-0.0132347781880643,0.0434381991076891,0.0569891043784011,0.143310209311781,4
B12,NC_035780.1_62761973,-0.0767612382495819,0.0902010006901311,0.102416868656264,0.07125,-0.498777937801569,4
B12,NC_035780.1_62762020,-0.129564031836001,0.154088268053785,0.0517195607712849,0.0348545133027892,-0.790993976112237,4
B12,NC_035780.1_62762307,0.0433342969739144,0.0115299551646785,-0.00351271587326354,0.0628332785008807,0.606193677210666,4
B12,NC_035780.1_62777643,-0.166236725278863,0.124985296860953,0.0742870199161491,-0.0753384473916272,-0.749623715197331,4
B12,NC_035781.1_643640,0.0245383533242531,0.00106716010453617,0.00937384708936433,0.0159603247965317,1.13237630594511,4
B12,NC_035781.1_851815,-0.0249524504191449,0.192019768635844,0.0758208343811642,-0.0747242604208131,-0.122202634644707,4
B12,NC_035781.1_1101269,0.0597231375921113,-0.0632249141954382,-0.0386915600614826,-0.00390419325624987,0.23304834227473,4
B12,NC_035781.1_1163009,-0.00316649900574421,0.0267382991540128,0.00828790661951292,0.020073858094761,0.127611292853624,4
B12,NC_035781.1_2013247,-0.00812707812132605,-0.00824574125718016,-0.00673908314128102,-0.00427377126233236,-0.0397273668344379,4
B12,NC_035781.1_2138236,0.0834804401347101,0.00810029697497728,0.00690724890365358,0.0434981684981685,0.972016643906265,4
B12,NC_035781.1_2381574,-0.0663427104474382,0.0428822029539087,-0.0108399055359592,0.0512643929245031,-2.45370936484675,4
B12,NC_035781.1_2532975,0.108442952107427,0.0118765443276876,-0.00223550293950795,0.0575158883669522,-0.0622914593330211,4
B12,NC_035781.1_2543661,-0.0107126444705485,0.0151201785265499,0.0438156409577716,-0.00149757712328305,-0.0345304934978223,4
B12,NC_035781.1_2543722,-0.0385469294098094,0.00151861005296716,0.0263803068548363,0.00065567657396743,-0.434578046768102,4
B12,NC_035781.1_2867560,0.0271130411006733,0.00323967432152587,-0.0144432521394525,0.0374605290463534,0.195150830175107,4
B12,NC_035781.1_2984378,0.0359278688170694,0.0712480571088566,-0.015292809042809,0.0797001096343202,1.22788050114263,4
B12,NC_035781.1_2984410,0.132117555954131,0.0213036755921006,-0.039405281405993,0.0436666450423566,1.94954576140558,4
B12,NC_035781.1_3196715,-0.0407686348647961,-0.0205800248138958,-0.0125912131346914,0.100721153846154,-1.22676232849552,4
B12,NC_035781.1_3257955,0.0392802757741716,-0.0685213689200877,-0.0132512742787782,0.0925144187339309,0.20770307802742,4
B12,NC_035781.1_3667502,0.11228146955841,0.0245261624575012,-0.0730712748352334,0.0288613058035023,0.635821579128534,4
B12,NC_035781.1_3667508,0.0995098363313524,0.0161007418577521,-0.0684343958830876,0.049695649892428,0.547286375121995,4
B12,NC_035781.1_3668206,0.2189714516044,-0.0500107403192781,-0.0666859060715797,0.0816365604744371,1.57573795534803,3
B12,NC_035781.1_4444153,-0.0615784565912443,0.117323798206151,0.116442761315052,-0.0199783139062076,0.998635785950497,3
B12,NC_035781.1_4872678,-0.169830942554655,0.122643586719325,0.0841405258411003,-0.0281504781037904,-0.77182204649002,4
B12,NC_035781.1_5115634,-0.0173393176302458,0.0454916487402023,0.0233060996702341,0.00517626659743344,-0.0727212550214804,4
B12,NC_035781.1_5115670,0.0342521662223247,-0.0505577940247407,-0.0329263343816134,-0.00478274457040345,0.232831363317673,4
B12,NC_035781.1_5179447,-0.0253203056854559,0.000960750364407313,-0.0342802546928076,0.0197568312580194,-0.148246979285266,4
B12,NC_035781.1_5386855,0.0827807368186238,0.00267598563860291,-0.0133999399805336,0.0575238090651346,0.382986085665493,4
B12,NC_035781.1_5872006,-0.0317624123564635,0.00951520290886315,0.031819129543567,-0.0124605496875694,-2.43840642143959,4
B12,NC_035781.1_7363331,0.00329007097128071,0.042389139965588,0.00123928272570733,-0.0303036316968206,0.117652536595384,4
B12,NC_035781.1_7363332,-0.0218465857129171,0.0335809778629282,0.0354414908494576,0.0117540759304902,-0.213502185329353,4
B12,NC_035781.1_7487179,-0.00449037700825628,-0.0173577085199809,-0.0513871883898924,0.0248518270777193,-0.0417092423146471,4
B12,NC_035781.1_7487923,0.145014664831383,0.012035914340907,-0.0411806446110288,0.133231679768682,0.654520943904136,4
B12,NC_035781.1_7487932,0.0418841697026919,0.0601828816783839,0.00915660671758232,0.0673340548340548,0.168672212614362,4
B12,NC_035781.1_7487941,0.0714830339371679,0.117596118529081,-0.0386720938973442,0.0163747193816347,0.404269807821939,4
B12,NC_035781.1_7913789,-0.017246088791401,0.0502581403564674,0.00262035045129252,0.0107552685489432,-0.451861836539852,4
B12,NC_035781.1_8634399,0.0567863456459695,0.00270336943198093,0.00439797130973601,0.117712842712843,0.24595713451008,4
B12,NC_035781.1_8731558,-0.0182977829090628,-0.00661560448738813,-0.0305385884319238,0.0508055227250209,-0.77943554382552,4
B12,NC_035781.1_8739654,0.177157479091779,-0.114773494853252,0.00507940675041999,0.0877875052842454,1.0671156236602,3
B12,NC_035781.1_8787364,-0.0155356360154316,0.10290534219841,0.027530218319692,-0.0234777873517923,-0.065592053784043,4
B12,NC_035781.1_8787457,-0.07886710551903,0.0608849447112789,0.0743590840055584,-0.0214318437216667,-0.440906570413106,4
B12,NC_035781.1_8802953,0.160334291861089,-0.0266754920838682,-0.0217888471177945,0.0513996388028896,3.32208046212879,4
B12,NC_035781.1_8803358,-0.218274694479935,0.358259774708704,0.331942622318259,-0.139188467870556,-0.837423588433631,4
B12,NC_035781.1_9144947,-0.00362673274698474,-0.0050612077209595,-0.00343649080711741,0.0195606712201703,-0.79722805647191,4
B12,NC_035781.1_9819932,-0.256750205038692,0.158323946568152,0.146446795380384,-0.117047281043105,-1.04416072702374,4
B12,NC_035781.1_9820220,0.0710820652531343,-0.0541563784349744,0.0261886132459504,-0.0231519744566235,1.2081537823236,4
B12,NC_035781.1_10989009,-0.033992502409849,0.00292269582460677,0.00411742828549967,0.0254042288673771,-1.14022016083038,4
B12,NC_035781.1_10992444,-0.0128831743561888,0.00563184686599625,-0.00838032801019255,0.0113779033270559,-0.670409963959194,4
B12,NC_035781.1_10992450,-0.021437441000687,0.0110342794744455,-0.00651206799995293,0.0192026806426669,-0.759629889478663,4
B12,NC_035781.1_10992459,-0.0141771451343925,0.00735000854413455,-0.0158430301378726,-0.0125675956977969,0.466238647956133,4
B12,NC_035781.1_11872545,0.0146935791654823,0.0120265423543412,0.00450960009904419,-0.0570143310311945,0.012610527095433,4
B12,NC_035781.1_11872598,-0.0112294643729253,-0.0190284036295241,0.0157242582490389,0.0391721715734874,-0.0584325654109897,4
B12,NC_035781.1_11878771,0.076925487243502,-0.0808572221305719,-0.0290842992491585,0.0519325125578981,0.332628442679149,4
B12,NC_035781.1_11961921,0.0687268027797959,0.0379412468947353,-0.036535679287545,0.000467563837129061,0.699902866539216,4
B12,NC_035781.1_13224181,0.015681707962566,-0.0852871920841792,-0.028575847872835,0.155217262014249,0.943334074217852,4
B12,NC_035781.1_13686183,-0.00657145387756688,-0.00340434692962638,-0.00928834998738398,0.00569566614855322,-0.744091126436317,4
B12,NC_035781.1_14213951,-0.00473350236526816,-0.00482737861256805,-0.00943745919412128,0.00998676342444608,0.415314622794581,4
B12,NC_035781.1_14272306,-0.0396243805895963,0.0620751247683573,0.0208430965141946,0.0150940949008623,-0.223996457226533,4
B12,NC_035781.1_14518764,-0.0288097583488174,0.0559527858629628,0.0264335394310729,0.0290520411488153,-0.284040866753416,4
B12,NC_035781.1_14678287,0.0848856748622932,-0.0979005603036493,-0.0658337375057629,0.0622506375991336,1.94284462994378,4
B12,NC_035781.1_14794176,-0.0558220198781341,0.0433814244897459,0.0374518711569418,0.0254286730960015,-0.372496389009032,4
B12,NC_035781.1_14795654,-0.0456906624826076,0.047851398248644,0.0264636208943721,-0.00969040194158029,-1.57085666124137,4
B12,NC_035781.1_15025276,0.0740244813477651,0.0400167004038642,0.0224628229996581,0.063084944946358,0.5659508576664,4
B12,NC_035781.1_15204165,0.0153902772798411,-0.00252133975029359,-0.0237650688756542,0.0619347351487756,0.315465192931543,4
B12,NC_035781.1_15204307,0.0205125956860328,-0.00604224264819108,-0.0968540334142222,0.00123722526120647,0.050303086458824,4
B12,NC_035781.1_15229480,0.0323132184266992,-0.0361447122123915,0.0537471815690761,0.0463409416897789,0.360709036136137,4
B12,NC_035781.1_15229552,0.00975929853903197,-0.0897533538013414,0.013053652607291,0.0521367521367521,0.264802803883592,4
B12,NC_035781.1_15355177,-0.140872155555314,0.096803385551339,0.0722588393009558,-0.0821875546538354,-0.585187904915203,4
B12,NC_035781.1_15455991,-0.0316146507660838,0.0321224874189324,0.0567796744915581,-0.135662411910881,-0.137989637673997,4
B12,NC_035781.1_15461707,-0.0161221675662537,0.0268744455110025,0.00958132196787897,0.00886273397617697,-0.571000909562263,4
B12,NC_035781.1_15461753,0.0643288118526175,-0.0806574511690128,-0.0773789700143363,0.0954943026801477,1.7066155193459,4
B12,NC_035781.1_15527898,-0.139700062081876,0.0706046788896085,0.00127026856124308,-0.0106428125650094,-0.577562535292091,4
B12,NC_035781.1_15534363,0.0386678830762988,-0.0479839759324137,-0.0253909628022926,0.0333564592452074,0.149721043660906,4
B12,NC_035781.1_15749611,-0.0282810293786228,0.0540078642437459,0.026184786483459,0.0225978000342407,-0.30931610687528,4
B12,NC_035781.1_15749616,-0.0387306040810134,0.0581917350096036,0.0357664609364733,0.00305868450631921,-0.342180481048882,4
B12,NC_035781.1_16007833,-0.194821868840913,0.0491699536534027,0.0539642047497999,0.0803739316239316,-0.833746030705421,4
B12,NC_035781.1_16030140,0.00840223728217888,0.0313730732853672,0.0236958840617377,0.0168885315226779,0.0588987030235808,4
B12,NC_035781.1_16030326,-0.0350919878543825,0.0271939804914295,0.0321202132505792,0.0520563486724942,-0.979924082412316,4
B12,NC_035781.1_16049812,0.0364021101492949,0.026713111391634,0.0438858412593461,0.000249565571042998,-0.455795828664916,4
B12,NC_035781.1_17461033,0.0504457578376721,0.00286854608099989,-0.00210697077674267,0.0352056647360924,0.478855981938485,4
B12,NC_035781.1_17461159,-0.0681787734314308,0.0463943507300418,0.0723776849771572,0.0192878385551807,-0.604790820536725,4
B12,NC_035781.1_17831321,0.00149716003413492,0.0145185903823424,0.00503824724291983,0.0108719985455364,1.36965501778691,4
B12,NC_035781.1_18119921,0.0200996359496494,0.0495098472992482,-0.00396855426381581,0.0293142808216132,1.13161760326498,4
B12,NC_035781.1_19675704,0.0850712791113879,-0.07464016072476,-0.0279717819648849,0.0425962211452063,0.395872121795671,4
B12,NC_035781.1_20342878,0.11972334212224,-0.0116574896224644,0.00281154512194191,0.0294300685030287,0.507069756323755,4
B12,NC_035781.1_20343021,0.0412403317486583,-0.0178745441826516,-0.0471662883075304,0.0190706902987212,2.8743218951189,4
B12,NC_035781.1_20509071,0.136284325074375,-0.0596115038240276,-0.0360269508696321,0.083874083349765,1.56759699560681,4
B12,NC_035781.1_20672156,0.0178549768295192,-0.005063979663522,0.011020636020636,0.0248220248220248,0.34490726692643,4
B12,NC_035781.1_22253237,0.0219846332911223,0.0220326793386196,0.0168763527393869,0.0483626777620853,0.321391141334225,4
B12,NC_035781.1_22767091,-0.0255742143072434,0.0478322773340118,0.0534512292030656,0.0389729107602333,-0.09384769414288,4
B12,NC_035781.1_22892689,0.0130750480002019,-0.000627201395831688,-0.0042995381520286,0.0141390492989531,0.912118263048634,4
B12,NC_035781.1_24186589,-0.0313212728720473,0.0325940578768707,0.0963269508275003,0.0543750566966635,-0.12363493075612,4
B12,NC_035781.1_24384198,0.0543191940784299,-0.00741480048752006,0.00944025309782909,0.0083902411688431,0.26243155096915,4
B12,NC_035781.1_24671946,0.00588413864243988,0.0715552822632573,0.0157032001871522,0.0845982142857143,0.0153950111238086,4
B12,NC_035781.1_25128626,0.00778981119800931,-0.0122129721880597,0.0260495823455315,-0.0463379705400982,-0.89058870333353,4
B12,NC_035781.1_25352616,0.184841556078115,-0.0463739217771476,-0.0414604840251392,0.0939903846153846,1.21164983851593,3
B12,NC_035781.1_25352908,-0.0616454229356226,-0.0125163931742373,0.00428190770019186,-0.00584243126616009,-0.351343458189053,4
B12,NC_035781.1_25352982,-0.00794072620696497,-0.00671644100774701,-0.0198199136220892,0.0351638289660045,-0.82600028773668,4
B12,NC_035781.1_25533148,0.078517193952522,0.085386722289553,-0.00915713531886246,-0.0124307636071952,0.363580370143468,4
B12,NC_035781.1_25533706,0.0645585522296128,0.0182994011077916,-0.0507082054359282,0.00834445371142618,0.251998973120347,4
B12,NC_035781.1_25533707,0.0675206812648691,0.0280489993198229,-0.0354316724035778,0.0258701969570092,0.26766087478638,4
B12,NC_035781.1_25939827,-0.0287561416623744,0.0473923368130361,0.0154214224525011,0.0362440363613806,-0.135387723782134,4
B12,NC_035781.1_25939836,-0.0192716340068216,0.0476348110575462,0.029834218338617,0.00796055387848547,-0.0931795841039999,4
B12,NC_035781.1_25939903,-0.0337302398587149,0.0518903953171177,0.0190779245740022,0.0100863317523477,-0.175495041988653,4
B12,NC_035781.1_25939929,-0.0438506342330549,0.0601253208974045,0.0329918595807878,0.00949063602559679,-0.245137355280837,4
B12,NC_035781.1_25939975,-0.0513056595367893,0.040766040396468,0.0280444476646624,0.0591967653586631,-0.264541849117872,4
B12,NC_035781.1_25940324,0.0144090040282323,0.023814642485915,0.0098814680961723,0.0789241711675509,0.0543178295563338,4
B12,NC_035781.1_26320012,0.0593226707681225,0.074486738374923,-0.013532518075421,0.0101408626654932,0.504140888963993,4
B12,NC_035781.1_26320137,0.215649544124512,-0.0659902867536366,-0.060455324138923,0.0818208041510195,1.15779804892818,4
B12,NC_035781.1_26327944,0.0228704345364459,-0.00704930338047748,0.0365018173758806,0.0686195382305253,0.105539965974313,4
B12,NC_035781.1_26327946,0.0609580557935899,-0.0436668400648741,0.0231647069611217,0.0464358245205979,0.476304452705312,4
B12,NC_035781.1_26673098,0.00826381949194158,0.0727159470228148,0.0862777848405019,-0.0177755994836005,0.0155051500626326,4
B12,NC_035781.1_27075959,0.218859484670072,-0.0494038835016925,-0.12278078951873,0.107812769496483,1.56619906656331,4
B12,NC_035781.1_28910495,0.0652308177527476,-0.0212979028768502,-0.0141818667037965,0.0369674185463659,2.14868953868022,3
B12,NC_035781.1_29316183,0.0570113204867253,-0.0130235645813153,0.047563904565389,0.123710239806447,0.235396902099138,3
B12,NC_035781.1_29482128,-0.0311603452195576,0.065411444225191,0.0572218630496875,0.00818737849507668,0.585720305966902,4
B12,NC_035781.1_29542955,-0.0254383136455209,0.0536789487803665,0.0543862620258438,0.0138650966842456,-0.0470487079010914,4
B12,NC_035781.1_29545113,-0.0541747934036313,0.0714620894409273,0.126781631010469,-0.000196549425387306,-0.277296719420166,4
B12,NC_035781.1_29743583,-0.0588536183120475,-0.055802770026908,-0.0196040407744149,0.0172508047508047,-0.297703475478464,4
B12,NC_035781.1_29914715,0.00183843582354074,-0.0193299608414423,-0.00762989717249959,0.00842083341545776,-0.309721365905853,4
B12,NC_035781.1_29914826,-0.0125602635062267,0.0178185489166162,0.00853302778936089,-0.0292755707207065,-1.15765026473846,4
B12,NC_035781.1_30154434,0.101010998095397,0.142209311007265,-0.00895558618704401,-0.038846170879419,0.468201951243332,4
B12,NC_035781.1_30190245,0.0327170079604018,-0.0101122583670983,-0.0793916390159627,0.0633733355252342,0.14549108412802,4
B12,NC_035781.1_30489645,0.0294427496122476,0.0256082226743771,0.018221799785167,-0.0264285714285714,0.42061657640788,4
B12,NC_035781.1_30627634,0.00730452193559471,-0.00718225563777125,-0.0279627570606307,0.107840490762807,-0.630278888311301,4
B12,NC_035781.1_30627702,0.0830664852909836,-0.0759142732436227,0.0266355964770817,-0.0339032742283516,0.517993482285929,4
B12,NC_035781.1_30772268,0.0081802294138514,0.0314592185043668,0.0809571151712961,0.0311755043897901,0.526273264821049,4
B12,NC_035781.1_30950978,-0.0182389205186482,0.0526802742352566,0.029696804175524,0.00479960532088549,-0.449849433580892,4
B12,NC_035781.1_30951624,0.0226830950106856,0.0460666851874086,0.0283564737403531,0.00655074109344859,0.119577387327267,4
B12,NC_035781.1_31008135,0.00720131567060335,0.00479341804862831,0.00283207749413094,0.0346159526178336,0.437832409014156,4
B12,NC_035781.1_31008139,0.0923133553807199,-0.0563353314158992,-0.0835350503142684,0.0466692926151774,0.577946525860777,4
B12,NC_035781.1_31008159,-0.0235810730229025,0.0180274987860174,0.0232919759708953,0.00750486089362146,-0.0824092920147162,4
B12,NC_035781.1_31085735,0.0280609070224514,-0.0188980659325167,0.00149964094267911,0.016465602383567,0.247792582240351,4
B12,NC_035781.1_31089476,0.10489994671295,0.0482020571533516,-0.0884755980299939,0.0812119397025057,0.743982110129338,4
B12,NC_035781.1_31254759,0.054792683371251,0.0501607675907608,-0.0405098857111241,0.0629189425541668,0.33285586202696,3
B12,NC_035781.1_31392425,-0.0098401432550938,0.0316112020156138,0.0675175336384786,0.0290507055212938,-0.146191642959638,4
B12,NC_035781.1_31398869,0.0311529628339973,0.0180426613616269,-0.0186789503599848,0.0781111847922193,-0.487737297890727,4
B12,NC_035781.1_33629056,-0.0135742801161127,0.00130506611488038,-0.0226442922096579,-0.00539207814069303,-0.264723381023963,4
B12,NC_035781.1_33651182,-0.0214389993542607,0.00861698530273841,-0.0155487620772947,0.0109191324476651,-0.506382625970391,4
B12,NC_035781.1_33681601,-0.0621551201974107,-0.0104531441228102,0.00128496281242275,0.036832157489215,-1.46540987193086,4
B12,NC_035781.1_33964112,0.318653208575644,0.0505077559521452,-0.28721539485809,0.0557594160225739,1.3075550696982,4
B12,NC_035781.1_35580716,-0.0464613662288081,0.021043771043771,0.000310509532642649,0.145991939095387,-1.9968213489248,3
B12,NC_035781.1_36409147,-0.115208465724882,-0.0210812249765738,0.0060341596388108,0.021980263112454,-1.77822700342372,4
B12,NC_035781.1_36942663,-0.0183584163331999,0.0626013355972365,0.0196638310131318,0.0265226852663569,-0.107914586164238,4
B12,NC_035781.1_36943105,-0.0140482863170937,-0.0121938411449813,-0.0132420396137894,0.00977813817875353,-0.129906233483014,4
B12,NC_035781.1_36943147,-0.0127932427912796,0.029624659186919,-0.00407603853812797,0.0158732407028372,-0.0564535763328216,4
B12,NC_035781.1_36943156,0.00422080633930087,-0.0238493485779097,-0.0380259462260991,0.0421773280312355,0.0079566951938842,4
B12,NC_035781.1_37439401,0.194008780940322,-0.066171985123598,-0.0817633795228573,0.0731204182291139,1.66620360287176,4
B12,NC_035781.1_37458446,0.0345675732186065,0.0177495453243496,0.04308837546251,0.0100405118714453,0.617300144602278,4
B12,NC_035781.1_38311231,0.0147339546842533,0.0119954435897375,0.0425101551409663,0.0162257959550315,0.285125962655771,4
B12,NC_035781.1_38386990,0.0426469574322764,-0.00533280471805062,-0.0702012819248844,0.0278069153069153,-0.86840717218519,4
B12,NC_035781.1_38702449,0.0465440315973203,0.0581342297637092,-0.0117364023230603,0.0552131479014411,0.238130036416824,4
B12,NC_035781.1_38702474,0.0193767380088364,0.0401616740176349,0.0773596084671483,0.0521354630532819,0.0911741514643617,4
B12,NC_035781.1_39538331,-0.0112826565985053,0.0209770114942529,0.0339977504899062,-0.0104166666666667,-2.47508507187188,4
B12,NC_035781.1_39612508,-0.0269689279639577,0.021484540533096,0.0285871160000417,-0.0361363478139794,-1.81244335562725,4
B12,NC_035781.1_40218835,0.024919278490826,-0.0173312842227727,-0.044306727077765,0.0798092343767291,0.413537965328783,4
B12,NC_035781.1_40218836,0.021777439284262,-0.0128635089375214,-0.0432544026011652,0.0494459929092459,0.358105691266494,4
B12,NC_035781.1_40252169,-0.0102972460586412,-0.0194986794489638,0.00483243791187564,0.0213533201239995,-1.31403191056714,4
B12,NC_035781.1_40474678,-0.0737835907269965,0.0714847364027953,0.0592148215516479,-0.0433558783133553,-0.508870103959631,4
B12,NC_035781.1_41536634,0.0170705887575298,0.00441914925318385,-0.00851044700974575,0.01575682382134,1.6902239217389,4
B12,NC_035781.1_42195939,-0.144780389538406,0.116401318847586,0.140418061963784,-0.00604227629439401,-1.41176423692822,4
B12,NC_035781.1_42214813,0.0406631639604757,-0.00635633716129072,-0.0246583686671166,0.000999194304147867,3.23521019559251,4
B12,NC_035781.1_42214854,0.00294845877430317,-0.00946376348981011,-0.0407397369318828,-0.00185084277826214,0.798329442958967,4
B12,NC_035781.1_42214863,-0.0519810537301634,0.0485748544225111,0.077783724930464,0.112083910763294,-0.208248718799218,4
B12,NC_035781.1_42388771,0.0715385084627711,-0.0037004499888693,-0.0396215518482012,-0.0213841996466807,1.10316057207105,4
B12,NC_035781.1_42388837,-0.00948647087133005,-0.0166695682929577,-0.00758443280913121,0.0146560281374691,-0.208009642435994,4
B12,NC_035781.1_42388844,-0.0147166890105157,-0.00998476745149572,-0.00747191048938023,-0.0193870905649482,-0.244457742867519,4
B12,NC_035781.1_42504153,-0.00645355389051991,0.0273935894846576,0.0372274740391876,0.023090539269431,-0.0843002922004531,4
B12,NC_035781.1_42504263,0.00671486354957527,0.0497087475615358,0.0699160214785215,0.0198011108388467,0.102363799238071,4
B12,NC_035781.1_42504632,0.0908811873436191,-0.0218231228370189,0.0103549070346232,0.0784250744711155,0.39797329126472,4
B12,NC_035781.1_42547252,0.0133146818671541,-0.00531923392568565,-0.0537828003305856,-0.0282980841354693,0.0637632565696825,4
B12,NC_035781.1_42547603,-0.0071078559227952,0.00692399549085532,0.0171051256014374,0.0125598791400781,0.108189523420139,4
B12,NC_035781.1_42803836,-0.0553642832838071,0.0709425169388002,0.0572740707131137,0.0421051189939449,-0.759983660508438,4
B12,NC_035781.1_45043534,0.0245304215216301,0.00835819930921114,0.0396614535085953,0.0193723196292515,0.186005748251716,4
B12,NC_035781.1_45753246,0.0579170829170829,-0.013548951048951,-0.00125457875457875,0.0157172557172557,1.77624958199499,4
B12,NC_035781.1_46070547,-0.0267452378791666,0.04077705855497,0.0122360978814894,-0.032245263464159,-3.23638017606001,4
B12,NC_035781.1_46289986,0.00469061617771822,0.0179764320015686,0.0262916845710119,0.0683837477909876,0.199199452935924,4
B12,NC_035781.1_46291213,0.0240745215464335,0.00216792251622539,0.0285723543349286,-0.0997097499609274,0.0699980821144067,4
B12,NC_035781.1_48602654,0.0816000062355155,-0.0254791457351929,-0.0454350504785942,0.017184412055336,2.09131832610216,4
B12,NC_035781.1_48602804,0.0586733783385662,-0.0458743428440574,0.00685628067845491,0.056849839943843,0.703217735128441,4
B12,NC_035781.1_49141493,-0.0207124557565703,0.109091324958878,0.0384103282055436,-0.153753381502317,-0.0922965777601804,4
B12,NC_035781.1_50297999,-0.0238472574244347,0.0838938828927157,0.0375837492334687,0.0405572623314559,-0.106491079775251,4
B12,NC_035781.1_50345725,-0.0698671197350741,0.0856755200918921,0.0483250707039516,0.0223847161386323,-0.42430341169149,4
B12,NC_035781.1_50345817,0.046331008808597,-0.00462867559788523,0.0214475728714373,0.0337517806267806,0.247353452025628,4
B12,NC_035781.1_50346013,-0.0801208583452545,0.0333979091998614,0.00918241917118684,-0.0452024738828303,-0.336686650803214,4
B12,NC_035781.1_50441943,0.0462652082150563,-0.0267634260571409,0.0114035908675614,0.0372602436853985,1.84311242263488,4
B12,NC_035781.1_51699628,-0.117236882393551,0.127059766214178,0.0895842128717516,0.0607746388028896,-0.498063597943109,4
B12,NC_035781.1_51700102,0.0970933896343626,0.00343677763022189,-0.0467401208844205,0.0869148231382649,0.845990161841465,4
B12,NC_035781.1_51872750,0.0468904471629457,-0.0296780679493928,-0.0251674520809065,0.00253435312418978,2.2855151776303,4
B12,NC_035781.1_52157714,-0.207358937490853,0.0144572821746735,0.022457112676515,0.0524323499323499,-0.879496005517106,4
B12,NC_035781.1_52643324,-0.0943848799682137,0.0231829732318663,0.298027076192963,-0.0822916666666667,-0.418680863080339,4
B12,NC_035781.1_52643413,-0.0365043295170953,0.00233908667847892,0.0631183332240004,0.0332243460764587,-0.168028756965682,4
B12,NC_035781.1_52643419,0.00158085412688549,-0.0389940145253186,-0.0145889489192596,0.0147711475994149,-0.0210063779791439,4
B12,NC_035781.1_52644072,-0.00451980225201895,0.0212463059097947,-0.00235740343202681,-0.0318551994543365,-0.0242115583104858,4
B12,NC_035781.1_52644315,-0.00153784718531102,0.044934451899512,0.0178282121806128,0.00719557470168636,-0.244230539926966,4
B12,NC_035781.1_52769443,0.0251308889422292,0.00898401027077498,0.0117713299472237,0.00505169172932331,-0.370443755412256,4
B12,NC_035781.1_52848016,0.0133131121935972,0.011990520289459,-0.0025157598246054,0.0215201465201465,0.869366678878792,4
B12,NC_035781.1_52848042,0.0528368451336481,-0.00929718176847756,-0.000852661449451662,0.0209271853746802,3.03305615670435,4
B12,NC_035781.1_53497699,0.044855265201135,0.00884929321576387,-0.0133037404641997,0.0454655506127983,0.355992102047087,4
B12,NC_035781.1_53497708,0.00124634858488958,0.0547699976508068,0.0176771036479894,0.0141869806366425,0.0180960387523153,4
B12,NC_035781.1_53501866,0.105123543562743,-0.0173946831247165,-0.0187494807829334,0.0218642278543698,1.10075136644821,4
B12,NC_035781.1_54069592,0.0142164519642962,0.00289698160348098,0.0125655638872158,0.0191381439116932,0.0618267877491854,4
B12,NC_035781.1_54147603,0.00742233795699444,0.013587163623544,0.0370387926175152,-0.00140932096577259,0.135203622289374,4
B12,NC_035781.1_54160673,-0.0668523507292677,0.0243816269835539,0.0189642250950871,-0.0262289718060872,-0.709604099828511,4
B12,NC_035781.1_54160677,-0.020066206106667,0.0314333855353905,0.0191587180313238,-0.0614440037941264,-0.184676048980898,4
B12,NC_035781.1_54161151,0.0698622359247921,0.0918508392192603,0.00835699635041742,-0.00897765448437343,0.281553115302333,4
B12,NC_035781.1_54165892,0.127054177241985,-0.00970097000164191,-0.0458723915423728,0.101179307673412,0.603612952676062,4
B12,NC_035781.1_54165925,0.0918403842175404,-0.0457482757019058,0.0317049249590989,0.0902376982128832,0.417531443601395,4
B12,NC_035781.1_54586259,0.0463879526603099,-0.0211182883276556,-0.00954124474411797,0.0406412473308919,0.555080141219063,4
B12,NC_035781.1_54619269,0.0714278663929701,-0.030441927595943,0.0339833706226,-0.0423721620479768,0.29543316330062,4
B12,NC_035781.1_54619306,-0.00130971371750385,0.0118666808683537,0.0167418786527284,0.0258006401383707,-0.232332143359562,4
B12,NC_035781.1_54619516,0.119322112820603,-0.0304983085189615,0.00660181034841013,-0.121616808514394,0.483034899892232,4
B12,NC_035781.1_54619961,0.00568755565932192,0.0137520057066231,0.00438684534174726,0.0305766221251231,0.392817451308597,4
B12,NC_035781.1_55303553,0.0232877126497241,0.00535070273790297,0.0490379115534057,-0.0356516849163908,-0.565068464267774,4
B12,NC_035781.1_56588083,-0.0245096144326882,0.0247621680878143,0.021171309498583,0.0460422120459395,-0.20763584410614,4
B12,NC_035781.1_56588220,0.045073647448972,0.0721645424535916,0.0361065754916949,0.0323601927119154,0.309136954424257,4
B12,NC_035781.1_56588221,0.0411060540960896,0.0690111046376159,0.0290222459778896,0.0147727272727273,0.26210421533724,4
B12,NC_035781.1_56595249,0.00335998540542406,0.00347937900696422,0.00426955641050651,0.00214105392750649,-0.288137556082356,4
B12,NC_035781.1_56595333,0.054356082447929,-0.0159161506163438,-0.0195834887709875,-0.0250473319765558,0.309555405003247,4
B12,NC_035781.1_56851185,-0.0372397757895179,-0.0033633849025915,0.0144616018287865,-0.0147403997257562,0.332644877982505,4
B12,NC_035781.1_56851200,0.0119310103641732,0.00435833306770062,0.00662796398709404,-0.0237913206351022,0.281392989834476,4
B12,NC_035781.1_56862903,-0.0128094590875859,-0.0123124423918159,-0.0368161261622477,0.00936929595459619,-0.0933567166282985,4
B12,NC_035781.1_57981416,0.0399549050485386,-0.016661269764906,-0.0387498401831653,0.000343831122942496,0.463598762094491,4
B12,NC_035781.1_59060475,0.0551286770297186,-0.0837677981586962,-0.0653036372855264,0.0515522921038174,0.256340881683578,4
B12,NC_035781.1_59099749,-0.0833960413659122,0.123987432810962,0.0384547152194211,0.14225235548765,-0.698619556204599,4
B12,NC_035781.1_59629165,0.196554432677314,-0.0478441978441978,-0.0853273790773791,0.0593071982777865,1.76682454859749,4
B12,NC_035781.1_60097098,0.0369348275362895,0.00859995363818705,-0.0166496067020434,-0.0668454699839514,0.346804156016352,4
B12,NC_035781.1_60558986,0.0716285362718177,0.0059580745679415,-0.0186637926982999,0.0183864802599538,0.957297503511497,4
B12,NC_035781.1_60892792,-0.00616936172682649,0.0413825155815264,0.00163208280781497,0.0165267348587848,0.484361721666188,4
B12,NC_035782.1_2583594,0.09903521126587,-0.0222237786016568,-0.0201994647445375,0.077018344609083,0.965544497804746,4
B12,NC_035782.1_2902901,-0.00425707795968826,0.0389500417800602,0.0733331897784847,0.0287436917561686,-0.191356588749335,4
B12,NC_035782.1_3391709,0.0719413463869109,0.0566436103230458,0.0244921260546261,0.00948604854854854,1.68964527732179,4
B12,NC_035782.1_3481777,-0.0125792246678058,-0.00366016367447475,0.00203481767372946,0.0188103217786056,-0.126758829546278,4
B12,NC_035782.1_4861648,-0.014687098152743,0.0477270088784122,0.0232376842283963,0.0118377138089278,-0.328467925372549,4
B12,NC_035782.1_6349892,0.0125616784568335,0.0147624522824187,-0.00969439841902691,-0.0113175063428779,1.03085210425257,4
B12,NC_035782.1_6828789,-0.0161261478531773,0.130577696175693,0.0813690150500344,-0.0472890002096509,-0.117269739678995,4
B12,NC_035782.1_6828857,0.077191984826589,0.0371298304174098,0.0135795622658334,0.0111069571506764,0.311202725414026,4
B12,NC_035782.1_6860288,0.0157578807741995,0.00398434508504766,-0.00355619357251227,-0.00315184425254683,1.56366657178763,4
B12,NC_035782.1_7852829,0.0313811675305058,-0.00362506513081099,-0.0175169717562592,0.0287123323869029,0.605813476559343,4
B12,NC_035782.1_9839237,0.00726805807961752,0.0218487108081545,0.0354588175958676,-0.0245341890078732,0.0773459020324212,4
B12,NC_035782.1_10095793,-0.0324502116965043,0.0346695608493396,0.0415518525306413,0.0411860008440197,-0.27604773007262,4
B12,NC_035782.1_10096993,0.00190207842657941,0.0820530741176783,-0.0018036438249607,-0.0226900368180315,-0.34566835994704,4
B12,NC_035782.1_10097001,-0.056134178622158,0.0043985881145045,-0.0227084357350115,0.0295907767044337,-0.339341367528397,4
B12,NC_035782.1_10131905,0.0019591734944844,0.0178675879634138,0.00149578176309921,0.130672911081617,-0.0251272955223374,4
B12,NC_035782.1_10247143,0.0655020987257824,-0.0103432762560647,0.010689833362661,0.0620197774528915,0.419287661950533,4
B12,NC_035782.1_12650434,0.0339044313456164,0.00669662822482674,-0.0155525991125584,0.0361587611394491,0.154366782682316,4
B12,NC_035782.1_13812307,0.041762719485053,-0.0113009098535877,0.00523047542779759,0.0149608243625588,1.38121149647589,4
B12,NC_035782.1_13894079,0.200764454338484,-0.0282546464201585,-0.063508587184985,0.0672828463526138,1.12387259496813,4
B12,NC_035782.1_15515881,-0.0214823777697607,-0.0336854612969656,-0.00156008586716177,0.0166024050289563,-0.125099845577767,4
B12,NC_035782.1_16023357,-0.00264445234649622,0.00696294419269018,0.00773100182319755,0.00770742903224464,-0.0585115303204885,4
B12,NC_035782.1_16550303,0.0211294173739163,0.0181198731130796,0.0229777905276754,0.0140727051732487,-0.270701065082964,4
B12,NC_035782.1_16745960,0.0275518809861133,-0.0159997076692341,-0.023741339675572,0.00257378174330817,2.66199817401608,4
B12,NC_035782.1_17452175,0.0524183829558995,-0.070818677355113,-0.0829593026391964,0.062777533318415,0.431851891187796,4
B12,NC_035782.1_17515809,0.494515101701704,-0.213001496259527,-0.217644126491176,0.122173089591568,2.01445195061801,4
B12,NC_035782.1_17515837,0.0837608925422375,-0.0369457449113572,0.0155645330224225,0.0920250089446071,0.347221675056212,4
B12,NC_035782.1_17515838,0.0875578840564527,-0.0304280237484616,0.0177697449085281,0.0928856609027007,0.365932462286694,4
B12,NC_035782.1_17515839,0.0893523077582555,-0.0368050824004507,0.0205311573451561,0.0551340734506718,0.372034847852189,4
B12,NC_035782.1_17515870,0.0131024063929369,0.00876481578170047,-0.00215002064321453,0.0700564619919459,0.0971783557315277,4
B12,NC_035782.1_18172435,0.0169691609830426,-0.00301012010673503,-0.0399763664045098,0.0304779722118432,0.163138737678055,4
B12,NC_035782.1_18388300,0.0213382852874999,-0.0268502524033981,-0.0521534345184838,0.054195519039776,0.0936223186605585,4
B12,NC_035782.1_19358071,0.0276022051363715,0.0792837169069319,0.0101375004513285,-0.0327645299272445,0.172888902003538,4
B12,NC_035782.1_19358112,0.0157167833795753,-0.0146048925339461,0.0235390751775314,0.053679902169361,0.112917107898604,4
B12,NC_035782.1_19358139,-0.00581870926845509,0.0361410417006379,0.00777006571428845,0.0234828820204304,-0.00607372854920546,4
B12,NC_035782.1_20520642,-0.0474110487173463,0.0674115231233289,0.0358790954182014,-0.135183749732474,-0.590591479120355,4
B12,NC_035782.1_22249442,0.0162319187651729,0.00135683997718763,-0.00866710782653646,-0.0147771651451956,1.71848081182983,4
B12,NC_035782.1_22250215,-0.035555228175414,-0.0225789687561175,-0.0206979452743926,0.141880759026546,-0.0898027298770738,4
B12,NC_035782.1_22882586,0.0164216384405031,-0.0117096942537857,0.0377543895785497,0.022392796064371,0.178573149398784,4
B12,NC_035782.1_24072284,-0.00108164463865246,0.0330009060987322,0.0270877977934406,0.0645903914925654,0.127606602848974,4
B12,NC_035782.1_24626628,0.0944459103355109,-0.0777524111823343,-0.0744577664569176,0.0269110927005664,0.94363842586131,4
B12,NC_035782.1_24626695,-0.0185101808282838,0.0412674746714455,0.00791553800816786,0.0889297022090339,-0.0748616717374213,4
B12,NC_035782.1_24963808,-0.032990208707831,0.0281509518603168,0.0268796993357816,-0.0281632726626765,-1.09291271989131,4
B12,NC_035782.1_26069341,0.102946646912164,0.0202702702702703,-0.0167913982569155,-0.00535714285714286,2.02271293161312,4
B12,NC_035782.1_26442773,0.0651017252706581,0.0498801334167188,-0.0332827973268571,0.0756273452157599,0.311153906575402,4
B12,NC_035782.1_26505858,0.0184514188312512,0.0161413529733441,-0.00452900489482978,0.0174278201198478,0.0971344094644953,4
B12,NC_035782.1_26506049,0.0590010237381375,-0.0282950280577453,-0.0785735590365649,0.0931656247507719,0.31959660475263,4
B12,NC_035782.1_26922140,0.113382388858489,-0.0868606146912206,0.0210836662600263,0.106956308471125,0.474240315223563,4
B12,NC_035782.1_28655651,-0.0325062843545353,0.00107791317427181,0.0074668020631607,-0.00632859068104688,-2.78773321065903,4
B12,NC_035782.1_28655671,-0.031533432041327,0.0260488113966783,0.0190883931855161,0.0124249218336092,-2.02976196555896,4
B12,NC_035782.1_29086315,0.326193494666464,0.00304002543662105,-0.00556367630166259,-0.133972874104453,1.32089536433047,4
B12,NC_035782.1_29101744,0.0134945590396205,-0.0388890375766792,-0.0241636210242045,0.0417996996672354,0.0552372033629679,4
B12,NC_035782.1_29191265,0.0204216482069743,0.000663172877846792,-0.0369808413286674,0.000793650793650793,2.44677144687539,4
B12,NC_035782.1_30043664,-0.0643439792249494,0.0594190961718969,0.0559025003606764,0.0621435168881173,-0.552889967243997,4
B12,NC_035782.1_30043960,-0.0750875580058917,0.118001044470712,0.0800330179451937,0.0146206127378488,-0.336281816278919,4
B12,NC_035782.1_30247756,-0.0661727322173542,-0.0184674737004696,0.00263050959198011,0.0423767737788344,-0.26995096216307,4
B12,NC_035782.1_30247758,-0.122329700103597,0.0453152787144587,0.0181967773745997,0.0369236596893002,-0.505530746951262,4
B12,NC_035782.1_30247888,-0.205046781685085,0.292524524543545,0.0498215003372046,-0.128178277570179,-0.852528755243221,4
B12,NC_035782.1_30316305,-0.017167866813535,-0.108591162691002,0.00638904040693335,-0.00724250679348797,-0.0506373949098505,4
B12,NC_035782.1_30340309,-0.0901781203119608,0.0713373288889161,0.0888110011463356,-0.113417407811566,-0.512765777815563,4
B12,NC_035782.1_30400578,0.0518716032169697,-0.0037550855882569,-0.0917201993882402,0.0669465669445179,0.207033173161008,4
B12,NC_035782.1_30568691,0.0361037891154443,-0.00629907622333499,-0.00899569008637745,0.0213689770385405,0.543312859795472,4
B12,NC_035782.1_30568939,-0.00333933687427986,0.00532429417974405,-0.0112744417801569,0.0175395267181959,-0.781575966024685,4
B12,NC_035782.1_30571900,-0.00574024072155815,0.00596632748694604,0.0147822004019902,0.00568181818181818,-1.26830218312487,4
B12,NC_035782.1_31260835,-0.0185682306441002,0.0223286691721328,0.030844657072318,0.0243285587388929,-0.127936546151793,4
B12,NC_035782.1_31313619,0.0688599688271044,-0.0524934159103722,-0.0616163608077784,0.0796525502824598,0.345810740953311,4
B12,NC_035782.1_31789635,0.0632055215813597,0.0165594832660076,-0.00872888316901642,0.0226832929018586,0.703492857325201,4
B12,NC_035782.1_31799823,-0.0229266098506233,0.0239794711877608,0.0288938243063433,-0.0206395013543133,-0.0930478670375844,4
B12,NC_035782.1_31825054,0.0382363974743571,-0.035334980863975,-0.0427279239961752,0.0206456741308766,0.608516305940423,4
B12,NC_035782.1_31919328,-0.0138337211380863,0.0182940972555417,0.0032477907105371,-0.0126914942964366,-0.534927164098126,4
B12,NC_035782.1_32025520,-0.000881418954120385,0.0088222656618883,0.0195657749519092,-0.0572412034676186,-0.459157993758772,4
B12,NC_035782.1_32978205,0.112380876083483,-0.018535753698239,-0.0189400411356334,0.0906507839208544,0.87642943675762,4
B12,NC_035782.1_33542215,-0.22106094875839,0.0918785043785044,0.245911794298891,0.0936423882076056,-1.07577495978491,3
B12,NC_035782.1_37436477,-0.0799695691983269,0.119757712039974,-0.0157903457738631,0.0372933514227739,-0.744825937248294,4
B12,NC_035782.1_37977553,0.0994958634732257,-0.0533949529844434,-0.00902555333669883,0.0957144979203803,0.616228645220848,4
B12,NC_035782.1_38378487,0.0380094596921937,-0.0176853451760098,0.0172799462275823,0.0571637443321311,0.269315019466516,4
B12,NC_035782.1_38378544,0.0229628188307115,0.0320786223198504,-0.0180036035489887,0.0791015250521574,0.144435296533142,4
B12,NC_035782.1_38378547,-0.00627436807804482,0.043250289965069,-0.0025291939399435,0.0641409345397713,-0.00928334712287085,4
B12,NC_035782.1_38679741,0.00624234781513347,0.0206276936691279,-0.00283646897569081,0.0401737833270805,0.269718467886659,4
B12,NC_035782.1_38679817,0.106108845206191,0.0357897711655126,-0.0506687538965344,0.0597635885182819,0.453202811396257,4
B12,NC_035782.1_38680499,-0.00069862425679354,0.081911734681614,0.0862157852255242,0.0539088153545716,-0.00332043793292751,4
B12,NC_035782.1_38680506,0.0242129967266303,0.0604595582066512,0.0668008022084327,0.0205922388335179,0.0976327712582322,4
B12,NC_035782.1_38696541,0.0170763718294518,0.0254203836136609,0.012311912209995,0.0566026410564226,0.246815859127713,4
B12,NC_035782.1_40362469,0.0129994183437833,0.0395917217686106,0.0135448963063078,0.0614221031161821,-1.47172412883342,4
B12,NC_035782.1_40440586,0.0672925918976457,-0.0872251769290835,-0.0482918000079017,0.144335059074417,0.576036606309624,4
B12,NC_035782.1_40763312,-0.0182892632870243,-0.0316283132072606,0.403411688832928,-0.123983345460425,-0.0951555374628336,3
B12,NC_035782.1_41060194,0.00653296078537279,0.0472016437444294,0.0111590147899479,-0.0125689052890956,0.0200440762357076,4
B12,NC_035782.1_41134378,-0.00203822260231883,0.0282007029075391,0.037329265078254,0.0340247174833108,0.02617030328695,4
B12,NC_035782.1_41521210,-0.0255724912127878,0.0523695975829987,0.0323451475766315,0.0390732579700635,-0.155116713099801,4
B12,NC_035782.1_42172961,-0.00200262238175835,0.0125796956209384,0.0308747026739714,0.0225643348106066,0.382602134547999,4
B12,NC_035782.1_43187909,0.107680418865087,-0.0138740150586836,0.0439584349404888,-0.00265251863457248,0.613361420785906,4
B12,NC_035782.1_45412016,0.0967912852116091,0.0169454953451281,-0.00946831497997251,0.0603765624420459,0.419596718895387,4
B12,NC_035782.1_45453585,-0.000386235381683808,-0.024788345831035,0.0505053149558642,0.0807729655871222,-0.00908900821215888,4
B12,NC_035782.1_45854300,-0.00701082085821814,0.022296646468528,0.0257728381668098,0.048052762366064,-0.0807007849896016,4
B12,NC_035782.1_46614478,0.0240246431634766,-0.0243834882502738,0.0173653772952559,-0.028143160426625,0.540860918111566,4
B12,NC_035782.1_47030429,-0.030421494656248,0.0926278075914578,0.0932845244813897,-0.017484744141843,-0.472756217406199,4
B12,NC_035782.1_47531124,0.00775911402207887,0.00352122013942787,0.02471904994688,0.0167040090170605,0.0452164244843334,4
B12,NC_035782.1_48033101,0.180387224410084,-0.022371443878975,-0.0281337148810751,-0.0255843905099038,0.72611916541753,4
B12,NC_035782.1_48033113,0.162831203242816,-0.0328227897853986,-0.0400863245049319,-0.000472820118270656,0.657708777792179,4
B12,NC_035782.1_49284105,0.0123935207322248,0.0331234662321306,-0.00742362633341563,0.00934309489375107,0.0751425564457385,4
B12,NC_035782.1_49284129,-0.0174738159227688,0.0626657300637377,0.000534504367232173,-0.0642541538948085,-0.132003715882786,4
B12,NC_035782.1_49595662,0.0864304473243331,0.00838458907116526,-0.0588769117094013,0.0690247732059608,0.657856276843339,4
B12,NC_035782.1_49595680,0.04347030761666,0.0156278886172241,-0.0274924166857661,0.0668783471356631,0.351413539302995,4
B12,NC_035782.1_49596746,0.00601020168379475,0.0765435595311223,0.0627502408436938,-0.00459646328936325,-0.0178997108919079,4
B12,NC_035782.1_49596773,-0.0360727701856042,0.0953641136333919,0.0754601677268853,-0.0135615166203792,-0.28035990201437,4
B12,NC_035782.1_49596815,-0.00556788660767442,0.0569036644548515,-0.0177680160109783,0.0482980125807265,-0.0713874916588242,4
B12,NC_035782.1_49596969,-0.0208633096723989,0.0740757767984519,0.0457729161772278,0.038659841354532,-0.236098618073878,4
B12,NC_035782.1_49616323,-0.00515183664223556,0.0297000843022455,-0.0021243481118416,0.01704146584271,-0.0421431609297016,4
B12,NC_035782.1_49616349,0.0272716909512199,-0.104799679504105,-0.0346356133632037,0.0691465158069701,0.107277872779508,4
B12,NC_035782.1_49616359,-0.0677137452968054,-0.0198098824251425,0.00197043689642972,0.0192586155515821,-0.359972789962816,4
B12,NC_035782.1_49616384,-0.0194474562898285,-0.00304974921259834,-0.0185865412926331,-0.0322948975914261,-0.0784379889172381,4
B12,NC_035782.1_49616413,-0.0269588308217265,0.0340542165559591,0.0387659987473359,0.00506646563875791,-0.141382556795268,4
B12,NC_035782.1_49622041,0.0747901611038714,-0.0518687807290749,-0.106445369680664,0.0550915488146478,1.34249543945155,4
B12,NC_035782.1_49721198,0.0277669275590847,0.0111070583036479,0.0408821697980246,0.00342535406175159,0.174397350366871,4
B12,NC_035782.1_50103053,-0.102515848195335,-0.00387702760930506,0.0265508223187045,0.11788636211848,-0.471943673891884,4
B12,NC_035782.1_50103086,-0.0353599493828836,-0.0699245049564554,0.000390427569099724,0.0747990411335863,-0.0811028264382947,4
B12,NC_035782.1_50474107,-0.0312584941529299,0.0614204155648513,0.0151893939393939,0.00740274365274365,-0.162755332687807,4
B12,NC_035782.1_50474309,-0.0392129290002148,0.002399749116136,0.00410312915343097,-0.0182565806252844,-1.64070787051045,4
B12,NC_035782.1_50884549,0.00755880759190938,-0.0461104842434312,-0.000658526522497108,0.0846161130536131,0.0218792864034807,4
B12,NC_035782.1_51017442,0.180428843139586,-0.0698308701780504,-0.0397832009481896,0.0535662222761976,0.856669186323551,4
B12,NC_035782.1_51061117,-0.000880658624809075,-0.00475743943835384,-0.0097512884942591,0.00890638713621833,-0.0283974146693054,4
B12,NC_035782.1_51088696,0.0233395279627582,0.035489991060402,0.0373139349628485,0.0817127379844323,0.22974159252929,4
B12,NC_035782.1_51259521,0.0775939952550319,0.0290565254850969,0.0139434726882206,0.0398705166756409,0.308965068312127,4
B12,NC_035782.1_51930663,-0.0499379651395171,-0.00805082279776923,-0.0577380529748269,0.0171968590229729,-0.198430010186813,4
B12,NC_035782.1_51930668,-0.0556494646911629,-0.0300200774125094,-0.0414358772052237,0.0826241438314043,-0.22601681689587,4
B12,NC_035782.1_52113277,0.0505620265357156,-0.0348576504505521,-0.0373036693439395,-0.0357233642793988,2.25514439059575,4
B12,NC_035782.1_52124941,0.0754129904869895,0.00735027140702707,-0.015702458088473,0.0390545797974022,0.643184655274712,4
B12,NC_035782.1_52125144,0.083502322302438,-0.0636992092874446,-0.0505928234597223,0.0702890247007894,0.551306468173847,4
B12,NC_035782.1_52295254,0.0335306669487544,-0.0487370595833711,-0.0304363441120533,0.0157852491604175,0.413848328256405,4
B12,NC_035782.1_52408867,0.028351654412775,0.0289628029016824,-0.0180052403736614,0.0311004784688995,0.221861537224492,3
B12,NC_035782.1_52409914,0.0340557211218112,0.00724032302979671,0.0123996970441333,-0.00117243867243867,-0.0315508610245527,4
B12,NC_035782.1_52615619,0.00929496462123601,0.025974961907295,0.00160721128591972,0.085539932054175,0.312911704172786,4
B12,NC_035782.1_52759221,0.107257429598214,0.0161179133711226,-0.0653583323638728,0.107927553420302,0.94837785840668,4
B12,NC_035782.1_52777030,0.0637322918713205,-0.0371497598200385,0.0092332951732139,0.0381370838994678,1.05470970950214,4
B12,NC_035782.1_53009372,0.0381097089787084,-0.0666221018573102,-0.0493759250335945,0.0463608509038396,0.38953755801647,4
B12,NC_035782.1_53239121,-0.0153401587769076,-0.0107712377760295,-0.0353565614376151,0.00721146226954413,-0.0616431029484583,4
B12,NC_035782.1_53239354,-0.00779707231822191,0.0416623472987533,0.0216201659051549,0.0467169076607109,-0.025477436241009,4
B12,NC_035782.1_53240314,0.020743187180324,-0.00489049767853961,0.0025147279185634,-0.0208605303274488,0.337824287982463,4
B12,NC_035782.1_53240428,0.0284857548909043,-0.020688243393487,0.0110138895634851,-0.0123328924855564,0.548317179185434,4
B12,NC_035782.1_53240437,0.024612783928048,-0.0143617636003318,0.0117072792158298,-0.00235392667998045,0.466929798896736,4
B12,NC_035782.1_53240467,0.00309062249525729,0.0194484341824169,-0.0444211351733417,0.00366502672126057,-0.00693436783892831,4
B12,NC_035782.1_53240729,-0.0211834688713964,0.00106791688032823,0.00400938203614642,0.00620398351830578,-0.157822798106627,4
B12,NC_035782.1_53241132,0.100502831799277,0.0127213049741694,-0.023617075802428,0.0865933995035121,0.494665507255456,4
B12,NC_035782.1_53242069,0.0125148352781126,0.00621689224130686,0.0305527265920031,0.0361863651811465,0.21382168308022,4
B12,NC_035782.1_53352141,-0.0279063833166771,0.078166734758912,0.0593187433535782,0.104147512663602,-0.115351828362082,4
B12,NC_035782.1_53404865,0.0120815426887329,-0.00486306820240786,-0.0185587818376071,0.00123129392188387,0.329691313790277,4
B12,NC_035782.1_53450504,0.064379991159555,-0.0116718568932021,-0.0129674356767699,0.071725702975703,1.40847255504561,4
B12,NC_035782.1_53805411,-0.232014781489642,0.191312313897872,0.1642240639752,-0.151236153006033,-1.09291053593765,4
B12,NC_035782.1_53805416,-0.202901382691698,0.180339194725738,0.149589943134351,-0.0852789791572441,-0.983111692659443,4
B12,NC_035782.1_53813582,-0.0109511454237789,0.0764068608786271,0.00717843562079003,0.049909476467122,-0.0980979772528069,4
B12,NC_035782.1_53814996,0.00607559219686681,-0.0345879659480786,-0.0271908054406681,0.00898952997195077,0.0568986180139893,4
B12,NC_035782.1_53914169,0.0755489005322752,-0.0258282820741275,-0.0149267257918048,0.0104248174230569,0.529765359369644,4
B12,NC_035782.1_53917287,-0.0476575169013257,0.0672634990379126,0.0564420956508912,-0.0377147067569222,-0.230314376755151,4
B12,NC_035782.1_54305299,0.00640401104846113,-0.0460311732840803,-0.0127428435901666,0.0164269019987105,0.282677634009809,4
B12,NC_035782.1_54487556,-0.00734839514363111,0.00450979230931647,0.0307787901991789,-0.0210175651120533,-0.82717516431,4
B12,NC_035782.1_54788505,0.0800874583222194,-0.0993786131486028,-0.0893791351519562,0.0625554341825412,0.349135389583892,4
B12,NC_035782.1_54839967,-0.0192065277003624,0.0291917191270367,0.0205745362860342,0.0397652541318813,-0.111424730840292,4
B12,NC_035782.1_54840166,-0.128532746944396,-0.0259061814689531,0.0255966292031806,0.028481963505005,-0.639815129191267,4
B12,NC_035782.1_54840171,-0.139042025344916,-0.0174034137660581,0.0440887125286998,0.0281680657807101,-0.651536466991061,4
B12,NC_035782.1_54840318,0.0274718484288856,0.017684648197699,0.0235171505715648,0.0534999896984697,0.103109452535815,4
B12,NC_035782.1_55861259,0.119178832130844,-0.055307529968466,0.0161332798656742,0.0743304478201814,0.490699374377631,4
B12,NC_035782.1_56129854,0.00270413639020737,0.02383967929974,-0.0567200027702042,0.0324498581766024,-0.241373083506279,4
B12,NC_035782.1_56718227,-0.0207193426532331,0.0308236527969916,-0.0556524835319769,0.0260601114110638,-0.0617880632172136,4
B12,NC_035782.1_57103028,-0.132710671101516,-0.0571674750531134,0.0336391564050012,0.138309696820335,-0.58589818893323,4
B12,NC_035782.1_57138236,0.00998585206633901,0.0861264122173649,0.0412141798418972,0.0830079988414884,0.141756108735258,4
B12,NC_035782.1_58196359,0.0598330796653526,-0.00351112111675495,0.0160202578715237,0.0642633086724464,0.261471445476758,4
B12,NC_035782.1_58677480,-0.05683677499293,0.0444288198835087,-0.00852968932500052,0.0307455704028219,-0.26128497701801,4
B12,NC_035782.1_58895501,-0.0484027709650193,0.0471912074346152,0.0361896516787821,0.0794857357357357,-0.504858553656244,3
B12,NC_035782.1_59169397,-0.0333637451302895,-3.56679174216374e-05,0.0436503176409707,-0.00972046524703071,-1.59722506865579,4
B12,NC_035782.1_59294783,-0.0265178546947505,0.064274205628864,0.0465727167449129,0.0225433817594834,-0.113151322579896,4
B12,NC_035782.1_60938144,0.00977099982595644,-0.0126907364807283,-0.0516493850061428,0.0482881055686634,0.411386693785257,4
B12,NC_035782.1_61292582,0.0225898307561424,0.0244439269118961,0.0183556613975579,0.021752962302896,0.0953895839798942,4
B12,NC_035782.1_61292824,-0.00763262549422776,-0.0122113149377702,-0.0137579757364668,0.033899302341703,-0.0317282330100446,4
B12,NC_035782.1_61293962,0.0329275547810423,0.00553124109853809,-0.0120494421777929,0.0682641458588163,0.133202557840329,4
B12,NC_035782.1_61294148,-0.102738333474655,0.00587875472991853,0.0382930578698149,-0.0134578135203455,-0.414405375170889,4
B12,NC_035782.1_61294562,-0.0606946164241726,0.0041146622032555,0.0195510608532165,0.00614389095750567,-0.246527600407201,4
B12,NC_035782.1_61304690,0.0748617473119552,-0.0535997430540101,-0.0377887779557545,-0.00484186473030288,0.388846566306663,4
B12,NC_035782.1_61703739,-0.0227641285709068,0.0227446171604387,0.0141044142963628,-0.0138631937682571,-1.21180651059849,4
B12,NC_035782.1_61714858,-0.00182549160962447,0.0414083829588386,0.0268940956324156,-0.0117802568044104,-0.245346917729857,4
B12,NC_035782.1_62205481,0.0308891178917371,0.019253652306638,0.0310654586687493,-0.0806491941899848,0.165951920148027,4
B12,NC_035782.1_63385215,0.285326562567697,-0.0447880248340223,-0.0281895028090858,-0.061540077461822,1.1633317474717,4
B12,NC_035782.1_63385233,0.0837612352090814,0.240798105646451,-0.0198221576379199,-0.107778759696689,0.355349998618355,4
B12,NC_035782.1_63385247,0.0331146975273514,0.00391171209824238,0.0251339022376043,0.104599640125956,0.13068743546064,4
B12,NC_035782.1_63460235,-0.0350761258926688,-0.0422341024143781,0.149744941049289,0.129940711462451,-0.284576538979574,3
B12,NC_035782.1_64451246,-0.0151787909896426,0.019023304716695,-0.0447599457371014,0.0395726336586552,-0.0414086421972375,4
B12,NC_035782.1_64567605,0.0140023233988751,-0.0100936419901937,-0.0142580982236155,0.00425809822361547,2.07992034871202,4
B12,NC_035782.1_64702720,0.0270947804273231,0.0364699864699865,-0.00584981028529416,0.00572344322344322,1.4445897241516,4
B12,NC_035782.1_64702721,-0.17160340493372,0.282059616377242,0.221067471110903,-0.0856019745248631,-0.75107748074926,4
B12,NC_035782.1_64828492,0.0699451280080481,-0.0275576854405564,0.000806317278266994,-0.0223391534721595,0.403536111906877,4
B12,NC_035782.1_64885926,-0.0350423841121445,-0.0523396510856839,-0.0514691255181542,0.0275763114593348,-0.140477316446378,4
B12,NC_035782.1_64886034,7.49089855877488e-05,-0.0414940424944283,0.0649409019718728,0.00136798192733566,0.145602048460662,4
B12,NC_035782.1_64889142,0.01702144234461,0.0240586623280011,0.0105565224208224,0.00776262209744998,0.239476200895415,4
B12,NC_035782.1_65428478,-0.092346680442495,0.100303168122313,0.0294944041116089,-0.0612100903861187,-0.486973794650848,4
B12,NC_035782.1_65446752,0.0174814437877225,0.0220939684366815,-0.00496555788076192,0.0193413134484563,-0.182067146233526,4
B12,NC_035782.1_67287295,0.049887855501902,-0.030894174120201,0.00225038316206704,0.0499758263009845,1.18175851720013,4
B12,NC_035782.1_67287407,-0.0077153952157023,0.0567204566437955,-0.00724791411501086,0.000783716870951065,-0.042460899997378,4
B12,NC_035782.1_67400566,-0.0246981586287576,0.0287811648097276,0.0338559238153406,0.0389955645830471,-0.173064267615081,4
B12,NC_035782.1_67456156,0.0386089746086231,0.0431284424928493,0.0239237098387907,0.0642857142857143,0.145871624068004,4
B12,NC_035782.1_67456591,0.152647671707268,-0.039059188435065,-0.0465449597194633,0.145907810827166,0.700170018063627,4
B12,NC_035782.1_67504195,0.0940826788302086,-0.0545526831463025,-0.0945511913875413,0.0781422868124925,0.406483053099833,4
B12,NC_035782.1_67568695,0.0112642539524121,0.0122250205505527,-0.00823775786842886,0.06843745250038,1.36937382625882,4
B12,NC_035782.1_67816491,0.0580230346182793,0.00186686988895068,0.00286736885309437,0.0823085324813435,0.27743090014618,4
B12,NC_035782.1_68199835,0.0201121508957647,0.000593641606840364,0.0166535105679843,0.0213068181818182,-0.376298211465035,4
B12,NC_035782.1_68639810,0.0561947441145493,-0.0953714169388515,0.0855071652485446,0.0789680339985218,0.555151157086571,4
B12,NC_035782.1_68641094,-0.0353737346483895,0.0244848520683305,0.025699806949807,-0.023972602739726,-2.71420696362061,4
B12,NC_035782.1_68702210,-0.0444535702477351,0.0112052233922568,0.00890897346142866,0.0119304006862444,-0.45164157244631,4
B12,NC_035782.1_69900349,0.00821030169223228,-0.0076374929804018,0.0435748129953848,-0.0439028058045806,-1.03825527440329,4
B12,NC_035782.1_70197207,0.0708007298619889,-0.000579403536832779,-0.0395831870232436,0.0590329068122966,0.335114054728808,4
B12,NC_035782.1_70554852,0.0624124790615084,-0.0593517657606536,-0.0716330227743271,0.107565331010453,0.243342631115904,4
B12,NC_035782.1_70690936,0.0689940796857586,0.0570437685249134,-0.0118068517739571,0.0740606110865399,0.314967677631072,4
B12,NC_035782.1_71111922,-0.00295865947743371,0.00467848124098124,-0.0356389765466729,0.0460312257187257,-0.113795056710298,4
B12,NC_035782.1_71468428,0.0431419185961,0.0272589010372862,-0.0230728968509439,0.0130187432416196,4.04660120179199,4
B12,NC_035782.1_73457398,0.0809556914848588,-0.0378202048172235,0.0477703687681942,0.0551533006995929,0.551365490677457,4
B12,NC_035782.1_73460834,0.00809552019296202,0.0140115190832177,0.0319812023769132,0.0631754611971339,0.0225739079184565,4
B12,NC_035782.1_74018248,-0.00773062414401073,-0.0324471525623828,0.00346348767280112,0.0094931328978368,0.195694415239379,4
B12,NC_035782.1_74018258,-0.045472589973596,0.0281617276182494,0.0488581466842337,-0.19488684801984,-2.35595081396678,4
B12,NC_035782.1_75039306,0.12198225799398,0.0186789795021502,-0.015746804012965,0.0527386231654525,0.530198182256121,4
B12,NC_035783.1_1274083,0.112537828968015,-0.0142712011864655,-0.0265224365099162,0.017042987407729,1.7594476366612,4
B12,NC_035783.1_1381704,0.0602914835568673,0.00381049202868856,0.0102481155533521,0.0576884742872626,0.263090964094557,4
B12,NC_035783.1_1381927,-0.0169648405985408,0.0148338083204711,0.0247798241237374,-0.0420388425168775,-0.220911825833158,4
B12,NC_035783.1_1489526,-0.0129376177912252,0.00438084151312516,-0.010350445336809,0.0358298827645933,-0.018464703561083,4
B12,NC_035783.1_1682243,0.205857370189752,-0.0588703373903624,-0.0468996125107669,0.0574157225752971,1.20892402122534,4
B12,NC_035783.1_1732230,-0.0136612187031461,0.0125486708072455,-0.0434413903513031,0.0331211878772269,-0.271770654377911,4
B12,NC_035783.1_1732663,0.0658553603614018,-0.0857728355377971,-0.05966627398554,0.0422026502908856,0.301924302153156,4
B12,NC_035783.1_2284366,-0.0135956141080515,0.0302438208219239,0.0510292954974632,-0.0307247119268235,-1.04972809110368,4
B12,NC_035783.1_2284543,-0.0332708086096702,0.0311798690956448,0.0420462823387275,-0.00793669226640241,-2.04761641015461,4
B12,NC_035783.1_3808851,0.0528985553829653,-0.014848574449289,0.00144881217347744,0.0537367145212663,0.447317460718788,4
B12,NC_035783.1_4767360,0.018718885925246,0.0290912695038857,0.023780459863811,-0.0137077044890004,0.13072357476301,4
B12,NC_035783.1_5914854,-0.104022933154293,0.069161451330739,0.079322813400361,0.0674089007822004,-0.751217611533524,4
B12,NC_035783.1_5914857,-0.0895638147688546,0.0674609519392476,0.0769912611761195,0.0845516134638439,-0.674692354910426,4
B12,NC_035783.1_8510692,-0.00463498616836777,0.0576416498499041,0.000996769675612181,0.0160539215686275,0.779708892215304,4
B12,NC_035783.1_8785734,0.0170910566223975,-0.000689668214308284,-0.0028971801275597,-0.00474329039591471,0.561381605022937,4
B12,NC_035783.1_8785808,0.033042283379542,-0.0162289251642268,-0.00152004052014587,0.00404780734321376,0.625152968680986,4
B12,NC_035783.1_8800083,0.0400013568694644,0.0103468762769916,-0.0165980812418871,0.0842952366305132,0.218006164692248,4
B12,NC_035783.1_8999450,0.00109314103332306,0.0355670862008773,0.00929687018035027,0.0129589755964879,0.0460093693012932,4
B12,NC_035783.1_9295153,0.0468439740933413,-0.182839598342351,-0.0239377285758769,0.0275592633967018,0.292943870682136,3
B12,NC_035783.1_9369115,-0.202840911132507,0.275573622676764,0.244454948465984,-0.120609318996416,-0.814697715732134,4
B12,NC_035783.1_9592300,0.00349305821078971,0.00794496055905393,0.0483304209633113,0.0906161655764429,0.0272863402699924,4
B12,NC_035783.1_10536993,0.0125519021039605,-0.00529759759234047,0.0877846433410707,0.0312247227658186,-0.0321870486228448,4
B12,NC_035783.1_10572445,0.152418239858002,-0.0448917930137142,0.0154922340869546,0.0748201779140317,0.615080506828259,4
B12,NC_035783.1_10943844,0.0353578692943193,-0.00934614953259958,0.00650527729997863,0.0752356669409656,0.675241322007888,4
B12,NC_035783.1_11910912,-0.0639385982615246,0.110005929436179,0.11571557042348,0.0348028887376556,0.788038062395521,4
B12,NC_035783.1_11910915,-0.0483518488357906,0.109952600296382,0.0974796942188247,-0.0108014601721696,0.901035631744152,4
B12,NC_035783.1_12171397,0.00631211699637016,0.0415621565455246,0.0509513291482601,0.0541236726106993,0.0482873573077798,3
B12,NC_035783.1_13118258,0.000138549713170308,0.0105402256384278,0.0091944769035282,0.0189674807785471,0.0379832395234777,4
B12,NC_035783.1_13448949,0.0016000645405655,0.0107500718139161,0.0189661714477558,-0.00262276785714286,-1.07168986889012,4
B12,NC_035783.1_13630929,-0.0162194818162352,0.00575776625281576,-0.0038688088128196,0.0121217052116512,-0.146384914616216,4
B12,NC_035783.1_13696438,0.0430999759056107,0.000574867769233023,-0.0135544854645978,0.00900903091914328,3.72698769389402,4
B12,NC_035783.1_14126152,-0.0037453577245229,-0.00706594921534046,-0.0211657961179542,0.0307562371047441,0.0262014963003656,4
B12,NC_035783.1_14127246,-0.0359794176264505,0.032996988568072,0.0219704080474109,0.0308720504485383,-0.150661363468957,4
B12,NC_035783.1_15204429,0.119128433998557,-0.0192810960591133,0.00101817042606516,0.0285714285714286,2.19487414685223,4
B12,NC_035783.1_16287622,0.104615747229177,-0.0262794198139026,0.0179666119321292,0.0155084447572132,2.11781215261611,4
B12,NC_035783.1_16620983,0.00250443883749182,0.00996168582375479,0.0479958738579428,0.0444542685921996,-1.08132591799311,3
B12,NC_035783.1_17229812,-0.0446546982335471,0.0320772067597828,-0.0126509004219914,-0.0418396196318746,-0.210103654499811,4
B12,NC_035783.1_17229849,0.0268575476447348,-0.0559967334043924,-0.0380330678353916,0.0335743936206902,0.208114780126463,4
B12,NC_035783.1_17229863,0.0330274961365749,-0.0292355160509612,-0.028352955253961,0.0232729518509122,0.604451419826396,4
B12,NC_035783.1_17230040,-0.0168755929560239,0.10492121298554,-0.0511387417314822,0.0492759870064968,-0.0300285863297372,4
B12,NC_035783.1_17230384,-0.0120330451262383,0.0299219720299529,0.0192713799679948,0.064466395532572,-0.020471684059967,4
B12,NC_035783.1_18683241,0.00884608734000408,0.0233925282429093,0.0745135154962171,-0.00585295017877762,0.0321691358515132,4
B12,NC_035783.1_18835662,-0.0557739732949103,0.0162583515948653,-0.0133094450471322,0.0698601185115988,-0.277232159162059,4
B12,NC_035783.1_19020381,0.0406000834076223,0.0181078557549146,0.0477118683001036,0.0231754075504076,0.174762870823233,4
B12,NC_035783.1_19112261,0.135637332707963,-0.0275868265194641,-0.0122463610417303,-0.0146703125694722,3.77461656925036,4
B12,NC_035783.1_19227734,0.00778454920483731,0.0269195527749377,0.0137867436338328,0.0063707729468599,0.111252431556448,4
B12,NC_035783.1_19229375,0.00504919575395454,0.0717954073217231,0.00701605853045773,-0.00619295958279009,-1.27255762817761,4
B12,NC_035783.1_19550350,0.0143663448832894,0.0402011876621241,0.0414331271811657,0.0211488485915995,0.0213460329274857,4
B12,NC_035783.1_19551758,-0.0766168012813222,0.0851803976108759,0.0824721949026732,0.0479023760968978,-0.558116595042434,4
B12,NC_035783.1_19832581,-0.0781471443504467,0.0501169091432783,0.0790757468847504,0.080349537524176,-0.487002427903974,3
B12,NC_035783.1_19841780,-0.037084453981292,-0.0523961088674209,0.00987710224993854,0.0120368168426309,-0.318181499266903,4
B12,NC_035783.1_19849082,0.0760409666425552,-0.0178383851478225,0.0060194689937652,0.0908273357189766,0.425540569479592,4
B12,NC_035783.1_20018616,-0.0745679553951371,0.0819951444951445,0.0485867983093288,0.0158944658944659,-2.63153036071882,4
B12,NC_035783.1_20052557,0.106186361086716,-0.0438889121802247,-0.019973544973545,0.037594696969697,1.38099258003423,4
B12,NC_035783.1_20482835,0.000901350738045277,0.0343408803867088,0.00170374758534862,-0.0116131951479296,0.142079284252511,4
B12,NC_035783.1_21008765,0.0484689320756884,-0.00103868782954647,-0.0291159157377206,-0.0259555375552757,0.261097709359768,4
B12,NC_035783.1_21008900,-0.069832912089963,0.10144531650196,0.0740111677063983,0.0346189794666589,-0.494673443203342,4
B12,NC_035783.1_21008902,-0.0860890239514657,0.0992229516869579,0.0664820601917001,0.017597486169573,-0.598594959290508,4
B12,NC_035783.1_21008956,-0.0590403903538743,0.0233945435694236,-0.0220472724388409,0.042982992982993,-0.407774766551828,4
B12,NC_035783.1_21034639,0.0163239480402985,-0.0697631725678801,-0.00860907385297628,0.011527293844367,0.117786102822571,4
B12,NC_035783.1_22530501,-0.0762592744944155,-0.0802172434234063,0.0561754744223784,0.0727314352314353,-0.354194027995299,4
B12,NC_035783.1_22600831,0.106200887588463,-0.0397373214996005,-0.0351911611780033,0.100599875270928,0.432088261533027,4
B12,NC_035783.1_22933980,0.014345718406061,-0.0202593822827338,-0.0450668730100359,0.0271292419827822,-3.05287667473652,4
B12,NC_035783.1_22934282,0.0988065349002023,0.00573260913828125,-0.016256965797003,0.00453708110164338,0.988115097368027,4
B12,NC_035783.1_23137779,0.0178681258370598,0.00161716453312481,0.0255806182411704,-0.0413712005547539,0.117922876897944,4
B12,NC_035783.1_23565352,0.0250575067534532,0.009961511937546,0.0246181798787552,0.100433980251424,0.136586610264594,4
B12,NC_035783.1_23691872,-0.0165431455693537,0.037344213757249,0.0169277242437686,0.0503913734300925,-1.62165018438233,4
B12,NC_035783.1_23888625,0.076609209506693,-0.0311654869078251,-0.0262124106689173,0.0415559517719399,2.06731567850619,4
B12,NC_035783.1_24465454,-0.0168951879852151,0.00750678254123768,0.0294250642967291,0.0118733246711463,-1.04509056432309,4
B12,NC_035783.1_24618032,0.0254027304318153,-0.00604448421454882,-0.00634332905922973,0.0202850877192982,0.998113013664397,4
B12,NC_035783.1_24749408,0.0995237203672263,-0.00875586158904974,-0.016403793142015,0.0323612399505257,4.51190241209367,4
B12,NC_035783.1_24925518,0.0719813378642374,-0.0286433004803859,0.0115566964827485,0.0895492931302743,0.343838089050541,4
B12,NC_035783.1_25285436,-0.0117766846825299,0.0958660930601642,-0.00320695842363436,0.0974399818906776,-0.0523554925792205,4
B12,NC_035783.1_26877323,0.029532111519943,-0.0589667305337294,-0.0789911795067986,0.0668350967354289,0.134241532180234,4
B12,NC_035783.1_27076420,-0.143210929125733,0.163610887656657,0.104097327808468,0.047606998264893,-0.594217653567109,4
B12,NC_035783.1_27076522,0.0567824633884083,0.0478105518023319,-0.00757675934261416,0.0398014649571503,0.28464092969285,4
B12,NC_035783.1_27316359,0.0137201915916012,0.0173051075268817,0.0181578947368421,-0.005,-0.394064335330794,4
B12,NC_035783.1_27390097,-0.135305453926257,0.125791763329529,0.0893854709939502,0.0471214044835135,-0.615793027214633,4
B12,NC_035783.1_27390138,0.131633219626097,-0.00905754736882933,0.00714075183228699,0.0448257080610022,0.506353786867293,4
B12,NC_035783.1_27390170,0.0520770923229709,0.0618532369090825,0.0393071687098781,0.0196399249354914,0.206756138732564,4
B12,NC_035783.1_27815822,-0.0373487924128637,0.0618502303796421,0.0279474099221132,0.0766350343556226,-0.150285320910394,4
B12,NC_035783.1_28271776,0.00426685337939722,-0.0337689424687851,-0.0442852075479359,0.0515622061157073,-0.00100958559296119,4
B12,NC_035783.1_28573496,0.0112570973120864,0.011116143613361,-0.0597652828447494,0.081085011938851,0.0422697957255655,4
B12,NC_035783.1_28655023,0.146641166037494,-0.0736103622696079,-0.0237046467534272,0.135741683790464,0.63489102913538,4
B12,NC_035783.1_28679770,0.0602017079541367,-0.028902616427409,-0.00551635175652469,0.0327051462815671,1.41132808545615,4
B12,NC_035783.1_28741689,-0.00891252499584575,0.0184914138041781,0.0206457688351446,0.0556217734018112,-0.00120140986031542,4
B12,NC_035783.1_28787445,0.0226099332881909,-0.0351771353789181,-0.0160470410424621,0.00913219331181882,0.203038146930547,4
B12,NC_035783.1_28787605,-0.0501031543134892,-0.0231909144156412,0.023486725692608,0.00918743784244,-0.212579151964089,4
B12,NC_035783.1_28787612,-0.0408963088991494,0.0279128803315044,0.0325430684325595,-0.00893051982615047,-0.406444281447859,4
B12,NC_035783.1_29118307,-0.0730896226835874,-0.00327048986073565,0.0295597109700097,-0.000119647569102974,-0.472345725932921,4
B12,NC_035783.1_29118374,-0.0259621356137824,-0.00416308012111749,0.00914675543017847,-0.0149758510871328,-2.13610773204227,4
B12,NC_035783.1_29118538,-0.0622055733484247,0.00691531962067096,-0.0162564050596744,0.0260943680226374,-0.281148820938972,4
B12,NC_035783.1_29202356,0.0649255714712812,-0.0200157107137085,0.00853381448810479,0.0333704115684093,0.118142093305842,4
B12,NC_035783.1_30269978,-0.0542193751072894,-0.0737943714516243,0.0726548948842726,0.0388042815834857,-0.190995803306398,4
B12,NC_035783.1_30270014,0.0095104233097128,0.00509323262458829,0.0392548536396999,-0.0159294468887492,0.150416402086396,4
B12,NC_035783.1_30276412,0.0773249495945244,0.0119037141348354,0.0198386383731211,0.0129091922570183,0.80303783149607,4
B12,NC_035783.1_30669122,0.145297069872244,-0.0473556016182755,-0.00464602507669731,-0.160308804372813,0.608785902879479,4
B12,NC_035783.1_30669191,0.113638793327331,0.00239488950499817,0.023561974724501,0.0368345591727015,0.648630093979381,4
B12,NC_035783.1_30669197,0.100392655811806,-0.00897845039211264,0.0248302517124055,0.0675992081654128,0.561944302784545,4
B12,NC_035783.1_30790551,-0.00464671786325176,0.0348602182992574,0.0178434164504164,0.028753190228785,-0.29129108576487,4
B12,NC_035783.1_32175548,0.0174164359707835,0.00839404939834432,0.0374424094659786,0.0200777632708326,0.775981905107549,4
B12,NC_035783.1_32390550,0.0375349938705221,-0.0250381831615786,0.0238764428214873,0.10995409813457,0.152649980316997,4
B12,NC_035783.1_33271602,0.103492355663799,-0.040230961350135,-0.0237881117083209,-0.0599949919418561,0.800603146390519,4
B12,NC_035783.1_34267780,0.140531539216662,-0.0375386839211756,-0.00637291124907224,0.0579545167780462,0.785646801399253,4
B12,NC_035783.1_34267856,-0.00894890178573331,0.0416436492083922,-0.0228610607877168,-0.0113714808272095,1.03110945482692,4
B12,NC_035783.1_34994267,-0.0528910375750818,0.0252716324891825,0.0589866902171177,0.083477038430541,-0.321326998313339,4
B12,NC_035783.1_35080555,-0.0270248127090817,-0.0181238273921201,-0.0334171959978412,0.0228165007112376,-0.394887008124508,2
B12,NC_035783.1_35141127,-0.0180800608679,0.0632752379925171,0.0332242186209734,0.0557536287300193,-0.0549108268700311,4
B12,NC_035783.1_35141301,-0.058101238672205,0.0168737284340693,0.0186833822776122,0.0126807155109042,-3.06099813482656,4
B12,NC_035783.1_35545321,-0.0815184219736482,0.176935990516217,0.0653480848861284,0.0352570738440303,-0.351611760417102,4
B12,NC_035783.1_35575977,0.00806125719154482,-0.0153644018583043,0.0253369388295859,0.0262337662337662,-1.41881360389791,4
B12,NC_035783.1_35781706,0.0472600257679852,-0.0202954105749007,0.0603246004029443,0.017716449873887,0.408606400120202,4
B12,NC_035783.1_36287688,0.0264407522101426,0.016237071258122,-0.0202360342525784,-0.0164797901553959,2.42715395695396,4
B12,NC_035783.1_36362492,0.000227509461241511,0.00565731331292207,0.0344238127287804,0.106838442565187,-1.58098974293091,4
B12,NC_035783.1_36362633,-0.0381146973246473,0.0423121812827695,-0.033371327254306,0.0091765873015873,-1.25138290078582,3
B12,NC_035783.1_36372058,0.00939932665918511,-0.0494588744588745,-0.0173006644518272,0.0409798534798535,1.74777613283975,4
B12,NC_035783.1_36454573,0.0330611517365696,0.0121383651334331,-0.0192237879552164,0.0208168453215788,2.20520894966162,4
B12,NC_035783.1_36679481,0.0711930118845889,0.0030104938963899,-0.00594177730884536,0.0301330006603006,0.832735803894168,4
B12,NC_035783.1_36679822,0.148300396380467,0.0664662896900437,-0.0658022598281558,-0.0183250220735392,0.9558647732664,4
B12,NC_035783.1_36964561,0.00100116274372242,0.0182880817835347,0.012146099095909,0.013579152297611,0.0698633986515834,4
B12,NC_035783.1_37002839,0.0252627553201126,0.00591788713389671,0.0391341658161447,-0.0193702871344116,0.111261519870465,4
B12,NC_035783.1_37503121,0.0515650676445743,-0.000512921012274716,-0.093780025459565,0.0506105353109832,0.238211159980927,4
B12,NC_035783.1_39721145,-0.00408858540473412,-0.0189285714285714,0.0645977465871856,-0.00577436790851425,1.3362939253847,4
B12,NC_035783.1_40639791,0.0116502311316454,-0.0244987353616654,-0.0365443113223357,0.01380433292198,1.56493903633503,4
B12,NC_035783.1_40639825,-0.047638844566323,0.0451409820619716,0.0343574018554256,0.0365781278757453,-0.622846793265816,4
B12,NC_035783.1_40716754,-0.0174320813008749,0.0162599045174295,0.0272875376899447,-0.12839651907001,-0.0694738730622762,4
B12,NC_035783.1_41296211,-0.101379517997342,0.0224690508083537,0.0383823495551984,0.0430283776712348,-0.697419369009851,4
B12,NC_035783.1_41424284,-0.0062084240213007,0.0206512208800538,0.0146466780592417,0.0267420760841814,-1.15632774720627,4
B12,NC_035783.1_41485779,0.00821478561687499,-0.0182675212793668,-0.0270562770562771,0.0331538380318868,0.393572631167114,4
B12,NC_035783.1_41599325,0.0903645344809637,0.0332984646575789,-0.0308238937994373,0.103673140106067,0.754691451284954,4
B12,NC_035783.1_42334704,0.0259372984769525,-0.0250245540447132,-0.00857272746593256,0.0124427267969467,2.17598736437034,4
B12,NC_035783.1_42334807,-0.00119793259053537,0.0182158874343362,0.0239205034443825,0.0380944437931027,-0.0443899829493698,4
B12,NC_035783.1_42335722,0.0498460193723162,-0.0259590094134374,0.0456816747484122,0.0493628171427313,0.279634717291077,4
B12,NC_035783.1_42341430,-0.0676705225079039,0.0384954056122069,0.0525852289517556,0.0361303991735832,-1.14122568054901,4
B12,NC_035783.1_42341580,0.00388875553667473,0.0102396151722857,0.00956448824406088,0.0520222617230367,0.110798628933827,4
B12,NC_035783.1_42342229,0.0618077463356423,0.0150923593109814,-0.0486216870581591,0.0661452078210317,0.24908894288083,4
B12,NC_035783.1_42345489,-0.00220058443353223,-0.0206265193125334,-0.0139565586376962,-0.00758275274536523,-0.0461604595949325,4
B12,NC_035783.1_42347598,0.00220947726580345,-0.0105962000854256,-0.00622972251879647,-0.00262518580744232,-0.0232908661601857,4
B12,NC_035783.1_42438293,0.118157217750729,-0.037606978555159,-0.00203320389485353,0.110549077938191,0.471762941945573,4
B12,NC_035783.1_42521135,0.162651873195287,-0.000256800616433198,-0.0395467997950022,-0.0192291126627912,0.655426938119915,4
B12,NC_035783.1_42607992,0.065901397913593,-0.041511154011154,-0.0505843495934959,0.065625,4.17162125892498,3
B12,NC_035783.1_42712750,-0.0235940388636657,0.0358230980313523,0.0455404159808208,0.0583778855553049,-0.160983825599662,4
B12,NC_035783.1_42713278,-0.00733307745131279,0.0962320709084521,0.0147788433686949,0.125087038829717,-0.0123209383463299,4
B12,NC_035783.1_42717363,0.109803167880443,-0.0628663887857734,-0.00635237758349489,0.0744259155300345,1.23517840235825,4
B12,NC_035783.1_42943216,0.046234306349917,0.0522638391840825,-0.0150036671947427,0.109604592585142,0.18869610081368,3
B12,NC_035783.1_43517138,0.0066800429716515,0.0091393216072173,0.00673183720072437,0.011077061003057,0.718307175226234,4
B12,NC_035783.1_43713490,0.0871483819484899,-0.0301763178861869,-0.00985503889663291,0.0456948528223873,0.754798195273609,4
B12,NC_035783.1_44976138,-0.0953633263648378,0.0149853375182323,0.0378042681719152,0.0437120185595795,0.0294119903998071,4
B12,NC_035783.1_44995869,0.00404504727801493,0.0616107851578217,0.00372922925726512,0.0289494163288763,0.670297269182925,4
B12,NC_035783.1_44995919,-0.00104779277250095,0.05387197319246,0.0258466861897121,-0.0249232385261797,0.0674574857826888,4
B12,NC_035783.1_45106043,0.0151637274722924,-0.0708355534929557,-0.0414587287672937,0.0521428121257957,2.64912627347026,4
B12,NC_035783.1_46365481,-0.024333211880674,0.0124573746432872,0.0324256775805739,0.0434710157000733,-0.206723973234011,4
B12,NC_035783.1_46369932,-0.0345517273025509,0.0382891469484367,0.0813396226082909,-0.102318278736189,-0.0227872106399261,4
B12,NC_035783.1_46373095,0.0294764770669173,-0.00391073772692635,0.042697367221021,0.040976974425859,0.135255371536612,4
B12,NC_035783.1_46373158,-0.0124956832538368,0.0163784356521021,0.0654916260809978,-0.0583718364968365,-0.160488780412791,4
B12,NC_035783.1_46373176,0.0226166245091458,0.0160934135526218,-0.0149053413108995,-0.0068029797947737,0.171370670287779,4
B12,NC_035783.1_46373201,0.0369685510915687,0.0614101051595614,0.0203597333216349,0.0500515712877327,0.170694371350175,4
B12,NC_035783.1_46373262,-0.0249977908945767,0.0223634972572421,0.0448751152238893,0.0307364585703593,-1.21647041997277,4
B12,NC_035783.1_46398230,-0.021398056035819,0.0228332718510802,0.0295674721501504,-0.00125651997771814,-1.37012968201468,4
B12,NC_035783.1_46737322,0.0436505031651318,-0.0106900251489804,0.00259355128787791,0.0804075091575092,1.47751370686473,4
B12,NC_035783.1_46804221,-0.0948419278236155,0.0450337763549036,-0.0126218175906448,-0.0437939240066417,-1.74441959083231,4
B12,NC_035783.1_49368651,0.0319873877518552,-0.00165976396904273,0.0210279909268395,0.00933279108744947,2.94615425570671,4
B12,NC_035783.1_49372961,0.0458266947301064,-0.0449757874298398,0.0261380625268457,-0.0106774367750729,0.237323918241957,4
B12,NC_035783.1_49373273,-0.0136041502944695,0.0315133184027668,0.0285302159246499,-0.0389253515958824,-0.101393471356845,4
B12,NC_035783.1_49881397,0.0816700886465364,-0.070661208523388,-0.0577799429012333,0.0460326142686749,0.649610291504932,4
B12,NC_035783.1_49910685,0.0394019725139257,0.00176013436155992,-0.0179870419678404,0.0212532849056935,2.92311014976871,4
B12,NC_035783.1_49912963,-0.0549318168375024,0.0329726221947736,0.0586292901888065,0.0102796931272649,-1.10009087678243,4
B12,NC_035783.1_49913403,0.0432907310317573,-0.0167221840003058,0.00348770927566846,0.0390673184390349,0.624350746760508,4
B12,NC_035783.1_49914795,-0.0521604058775268,0.00360658417343519,0.0877939272883639,-0.0913013327518044,-2.0071799935502,4
B12,NC_035783.1_50322456,0.0664831984397428,-0.0216244334902338,0.019958996669523,0.0914281289739145,0.328410512244108,4
B12,NC_035783.1_50322462,0.0401189338124119,0.00312449104595824,0.00830241518908717,0.0918577425967822,0.209926959967843,4
B12,NC_035783.1_50322903,0.0373876614049968,-0.0390145121209108,-0.0347432884424047,0.0370914329830608,0.82631090357681,4
B12,NC_035783.1_50930434,0.0385993010484234,-0.00479517679587362,0.0528300041401668,0.013527614732434,0.214771126287989,4
B12,NC_035783.1_51360578,-0.00116499813214383,0.0173075091432089,0.0239237011082381,0.0384012539184953,-0.238549541600093,4
B12,NC_035783.1_52272053,0.0244322377591515,0.00632734693340169,0.000666581609444706,0.0568195575194455,1.13103477037865,4
B12,NC_035783.1_52362704,-0.161045547858145,0.061951995373048,0.0410156755009696,0.0151050420168068,-0.673150851255557,4
B12,NC_035783.1_53415755,0.0535445212272371,0.0318621729947609,0.0384968230700788,0.0473962927607844,0.222140600454187,4
B12,NC_035783.1_53417098,-0.0393398069794233,0.0498507541586923,0.0603235255214876,0.0739663658736669,-0.190866881653523,4
B12,NC_035783.1_53477115,-0.0138743533509167,0.110530171048464,0.00801140598874493,-0.0462415039487177,-0.057748031027458,4
B12,NC_035783.1_55107954,0.0200347376846026,0.0181123291515188,0.00216283935555226,-0.00129624766573296,0.37706502265128,4
B12,NC_035783.1_55565612,-0.0146885841640671,0.032478604081274,0.0284531014568102,0.0258291276135544,-0.0817266929070442,4
B12,NC_035783.1_55872214,0.0160377130948378,0.00381133366550831,0.00237639022025559,-0.00450275595552008,0.366813538586823,4
B12,NC_035783.1_56121636,-0.00463491265276385,0.0231366817716182,0.0209940913510801,-0.0625715219245402,-0.055997395267095,4
B12,NC_035783.1_56865506,0.146926534026642,0.0228651326400244,-0.0154732693219535,0.0620704915441758,0.718858658722069,4
B12,NC_035783.1_57038822,-0.0199614530555468,0.0274063743508057,0.0764198074560591,-0.145330366899986,-0.112122440213681,4
B12,NC_035783.1_57042277,0.0246644755600766,0.097639298725405,-0.0305507470557533,0.117946297242001,-0.990292006396999,4
B12,NC_035783.1_57159645,0.0764717647534299,-0.00196463283589298,-0.0113983257493092,0.0780416153530378,0.444580130204865,4
B12,NC_035783.1_57408772,-0.0464487408998585,0.0700507403998183,0.0860432948933663,0.0373679414130132,-0.21507938684671,4
B12,NC_035783.1_58112585,-0.0142360713960939,0.0747668442927679,0.0173876249064219,0.0363404452690167,0.688373653810674,4
B12,NC_035783.1_58525962,-0.0261362672453968,0.0885429719171058,0.106399379131101,-0.0223949175461037,-0.112633013294421,4
B12,NC_035784.1_925103,0.0310212402508751,0.00725386086474185,-0.0202199523466492,-0.0527885727250544,0.108345036178437,4
B12,NC_035784.1_1004858,0.0169211655530179,0.0300642134104345,0.0398718370266468,0.0805280591636379,0.187051371281389,4
B12,NC_035784.1_1006159,0.000483226740346662,0.0290829859795377,-0.00723322322765139,0.0215079325359091,0.827221700498454,4
B12,NC_035784.1_1548575,-0.065174234197953,0.0428023260328049,0.0611103909495285,-0.0416682408197723,-1.79664177760807,4
B12,NC_035784.1_1651946,0.136329655466652,-0.0219805725320431,-0.0611744797600061,0.0374503968253968,3.28666992126363,4
B12,NC_035784.1_1884244,-0.0148665675865649,-0.00513999013559212,0.0293158978057475,-0.0427479078409391,-0.352508697679164,4
B12,NC_035784.1_2010688,0.0141653386784057,-0.0252394730742628,-0.0210181620195177,-0.00770745733251414,0.486418642877423,4
B12,NC_035784.1_2379758,-0.0193911205924986,-0.00700847215301497,-0.00767039877772277,0.0135003140533118,-0.106449646063941,4
B12,NC_035784.1_2577783,0.00685540379766698,0.0173084631602664,-0.00219040158436123,0.022803528604119,0.182976696875283,4
B12,NC_035784.1_2577832,-0.00298538475140595,-0.006907340401084,-0.0165215885918434,0.0105383218428722,-0.0340628977066525,4
B12,NC_035784.1_2577915,0.024603554464945,-0.0232777879674038,-0.0123178530678331,-0.00316413465709426,0.792661745159292,4
B12,NC_035784.1_2789865,-0.0294836551391643,0.24633731098702,0.0321010009003459,-0.0743692241248959,-0.11301690486038,4
B12,NC_035784.1_3179672,0.0346208985766181,-0.00559591268471156,-0.0492535206932614,0.077193962481861,0.113936324195924,4
B12,NC_035784.1_3208122,0.117488506943593,-0.0423789173789174,-0.195248535765777,0.115290200755317,0.554557505252457,4
B12,NC_035784.1_3208261,0.0207146203381423,0.012778922943973,0.00576927723070521,-0.0516820189614307,0.0839660131067429,4
B12,NC_035784.1_3208454,-0.0502011571189381,0.0315597099181719,0.0748442639454839,-0.0489590548757023,-0.268026099976338,4
B12,NC_035784.1_3260691,0.0888867172878801,-0.0335351020572326,-0.0236264220275848,0.0793859179080484,4.42586732265069,4
B12,NC_035784.1_3260807,0.0527027663573292,-0.00663467652631739,-0.00541134936252236,0.0741215608736669,1.53542763319081,4
B12,NC_035784.1_3260819,0.0616209992048019,-0.0156254664875354,-0.0100909447402962,0.0871005337871826,2.34993763268687,4
B12,NC_035784.1_3893648,0.0343020540507337,0.00746080217371849,0.0199326567391534,0.00405470151919401,1.42841872093381,4
B12,NC_035784.1_3893666,-0.00970114582673415,0.01333603422596,-0.0178100637122349,-0.0501685477884663,-0.0799413234512926,4
B12,NC_035784.1_3893677,-0.0107871745946273,-0.00876383450702437,-0.010708772469206,-0.028386045956911,-0.130713945644646,4
B12,NC_035784.1_4396804,0.0192539797653992,-0.031339059257513,-0.0124611635125126,-0.0153638748796317,0.0996829651261995,4
B12,NC_035784.1_4398274,-0.103909124764049,0.00799958419419089,0.0431535105408456,-0.00275537634408603,-0.426001819022783,4
B12,NC_035784.1_5217841,0.0170382159078507,0.040510225332451,0.00553598072884597,0.0643509496767503,0.0577211038594892,4
B12,NC_035784.1_5652660,-0.0111247687942382,0.0272797645823962,0.0292433661149632,-0.0172107220081015,-0.304461081879316,4
B12,NC_035784.1_6893376,-0.0255567306488119,0.0342731474840848,0.0217823013207188,-0.0807550460957108,-0.224032851029959,4
B12,NC_035784.1_6897306,0.0339903881107117,0.0191740843387073,0.00474995953984858,0.0300820057977491,0.43867399517034,4
B12,NC_035784.1_7098862,0.1686776766051,-0.0700429894179894,-0.0480712593868402,0.125261797026503,0.763708431324862,4
B12,NC_035784.1_7304633,0.0334781600042612,0.0249381623383584,0.113973641846195,0.0131964672596858,0.231994291813356,4
B12,NC_035784.1_7310576,0.124758755388264,-0.0985119213861582,-0.0820949179165228,0.0692059270516718,0.547010814593011,4
B12,NC_035784.1_7310581,0.239840391373981,0.0430025878114334,0.00947368266170785,-0.134114174875044,0.983780544688753,4
B12,NC_035784.1_7310595,0.121575127828524,-0.0608256616965932,0.0212336955027764,0.104107896892922,0.562446504273595,4
B12,NC_035784.1_7344370,0.0193405720902899,0.0285029461800577,0.0498039225776038,0.13609798039747,0.094849988345172,4
B12,NC_035784.1_7344693,0.0608333119903211,-0.0184210791830846,-0.103515420514039,0.0867569494583856,0.149128570067512,4
B12,NC_035784.1_7652381,0.00877256771408399,0.019576012223071,0.00250562777463782,0.0754700707262377,1.59831561895711,4
B12,NC_035784.1_7863388,0.0644543228217802,-0.0698027332226442,-0.133804890985949,0.0760580478484945,0.344435350919589,4
B12,NC_035784.1_8270663,0.0460606175951339,-0.0139933651842781,-0.00753007419061687,0.0536134455338417,2.68977899736354,4
B12,NC_035784.1_8482483,-0.00352359085355155,-0.00480971822534491,-0.014258577573795,0.0487984237984238,-0.0602886113644634,4
B12,NC_035784.1_8483835,0.0383335452120169,0.00274008807559945,-0.011690693908374,-0.0511005646772771,0.158355752870637,4
B12,NC_035784.1_8616236,0.0229365598706197,-0.0152256461310185,-0.0167991696501881,0.040541405654618,0.55556313540734,4
B12,NC_035784.1_8764215,0.0582127810608684,0.0983700098442624,-0.0219313623523938,-0.0270204211582133,0.25537021058875,4
B12,NC_035784.1_8771927,0.018970109204893,-0.00753968253968254,0.0180954872357035,0.0154761904761905,2.49551116542678,4
B12,NC_035784.1_9355715,-0.0233211074172671,0.0140000713105167,0.0377800180718299,-0.0226117886178862,-2.05440245991442,4
B12,NC_035784.1_10925092,-0.0346996168464691,0.00376073521672903,-0.0169651532211219,0.0290358383807407,-0.461506535699247,4
B12,NC_035784.1_12078516,0.0233557995219765,0.00816303450460825,0.0182246701748085,-0.0992797000311353,0.0940556763818405,4
B12,NC_035784.1_12080107,-0.00569592431908075,-0.0210194894238416,-0.0220064486987276,0.00360191961998336,0.00989486241202914,4
B12,NC_035784.1_12387269,0.0328796573539357,0.00742668197829158,0.0244922659473653,0.0314076604354341,0.145587233198669,4
B12,NC_035784.1_12387344,0.00799160216049401,0.00279463224415615,-0.0998117025437633,0.0186841039631576,0.0365325340413731,4
B12,NC_035784.1_12414997,-0.0303769998733578,0.0309500001143127,0.0252934148519361,0.0598686776008689,-0.227387262945995,4
B12,NC_035784.1_12414998,-0.0297124170219102,0.0387475705192145,0.0264087443006547,0.048985490076518,-0.39606515626189,4
B12,NC_035784.1_12578455,0.00708307657406967,0.0457075196971419,0.0041794247412005,0.0454514927543119,0.00834820555330712,4
B12,NC_035784.1_12681743,0.025397068330393,0.0171765370912868,0.0352241453448189,0.0659459967325009,0.110068520201244,4
B12,NC_035784.1_12681792,0.101947026436924,-0.0292522019944047,0.00431287985812563,0.0709479797274716,0.498843800295786,4
B12,NC_035784.1_13206819,0.0313410647325076,-0.0151668939995133,0.0299421228006799,0.0500776641236981,0.258847974019832,4
B12,NC_035784.1_13206981,-0.0275243191122056,0.0441762757704536,0.0596156640673904,0.075599528348889,-0.138219870087095,4
B12,NC_035784.1_13295370,0.339053365368414,-0.0751835564938689,-0.0919191310350347,-0.00911490683229813,1.41372986669184,4
B12,NC_035784.1_13437511,0.0365290685926767,-0.0301967547103268,-0.0376982736944605,0.015310704575576,0.540082526823623,4
B12,NC_035784.1_13968828,0.0310611758757472,-0.0161932812849074,0.0171029268412412,-0.0763396225297394,0.124869560864186,4
B12,NC_035784.1_13969211,0.00669797929366695,-0.0156778914775537,-0.00046176177082817,0.0348152029172155,0.120372603501631,4
B12,NC_035784.1_14257321,0.0767616174873678,-0.012234398044601,0.0885409243757725,0.0284462119237577,0.425869379821706,4
B12,NC_035784.1_14813825,0.119326255687533,-0.0388809686784783,-0.118939869016011,-0.0253802285783804,0.653949963725302,4
B12,NC_035784.1_15263773,0.0348446305476567,-0.0215702921405878,0.0083665085899354,-0.0274427023426396,0.250515578051865,4
B12,NC_035784.1_15263852,-0.0212884221217571,0.0292300538814679,0.0315115443870137,-0.0040937821110235,-0.0843022192720451,4
B12,NC_035784.1_15263911,-0.0182539752363506,0.0382202579220356,0.0157990562009148,-0.0318617720798071,-0.0906955235247902,4
B12,NC_035784.1_15264003,0.0327902087726443,-0.00692408757710986,0.0350018955717485,-0.0355912771204324,0.231827181148095,4
B12,NC_035784.1_15264108,0.12524514573426,-0.0634803453175993,-0.0989565813299437,0.0226317387007533,0.77289968114629,4
B12,NC_035784.1_15264216,-0.0758262199661977,0.0302313609606568,-0.0118356682303146,0.0232244560568387,-0.441662849553186,4
B12,NC_035784.1_15399382,0.162996696217742,-0.0877306081391538,-0.15800092570473,0.163698041089345,0.689971803218588,4
B12,NC_035784.1_16308085,-0.0404312346332239,-0.0813567271308435,0.0664215907009914,0.00829821930742431,-0.179823253713679,4
B12,NC_035784.1_16443222,-0.056906833246119,0.0566588173731031,0.0681057038199895,0.0271323914181057,-2.88753276705211,4
B12,NC_035784.1_16551498,-0.0290707627509244,-0.0107756482947683,0.00443912722497453,0.00284123517399636,-0.145124350455285,4
B12,NC_035784.1_16553671,0.000987839938637786,0.0243450805085221,0.0154812046252268,0.0341582353477349,1.52779017124062,4
B12,NC_035784.1_16553689,0.0240692211880881,-0.0300228393527727,-0.0421419962797315,0.0206007481219346,0.234546846752202,4
B12,NC_035784.1_16553696,-0.00257557837312787,0.0321026067039314,0.00930398953363291,0.0310087697719613,0.825736696704468,4
B12,NC_035784.1_16553727,0.00283454688619626,0.0397749933188252,-0.000276647398693961,0.0376065513444516,-1.0118417547023,4
B12,NC_035784.1_16598697,-0.0705724968931349,0.104567189118684,0.0527063409343065,0.0923878078363128,-0.292853143724363,4
B12,NC_035784.1_17424068,-0.000568870137526059,0.0965651055767335,-0.00708811537299912,0.113456937799043,-0.0103261867355172,4
B12,NC_035784.1_18765295,-0.0218529348263821,0.0325382560038472,0.0165820150128568,0.0782370453062338,-0.0855407955322761,4
B12,NC_035784.1_18840977,-0.18084803732522,0.112689574391448,0.0479570505232093,-0.103278637961878,-1.11729939480044,3
B12,NC_035784.1_18983638,0.057352925623798,-0.0285720715033853,-0.00954199203983812,-0.00608096734373247,1.92203622336604,4
B12,NC_035784.1_21091299,-0.0461845194403333,-0.00114973568524773,-0.094469036167388,-0.018795643652258,-0.192532063828851,4
B12,NC_035784.1_21635162,-0.000219295040266909,-0.0152874204664486,-0.0141466494727364,0.00283712566321262,0.0124985122550182,4
B12,NC_035784.1_21690456,0.141726394850479,0.111591547279923,0.0471104423583909,-0.136468866773431,0.565249781922182,4
B12,NC_035784.1_21690473,0.120203000994075,0.121202363065875,0.029978411668664,-0.121240790222899,0.478731839753497,4
B12,NC_035784.1_21690645,0.0033990532114313,0.0660744627567324,0.011452935852433,0.073242489767338,0.0218598525496767,4
B12,NC_035784.1_23281601,0.0136787961040155,0.0553248540864801,-0.0197537952657216,0.0561993531961115,0.121650236403186,4
B12,NC_035784.1_23438944,-0.0214151612525873,0.0327257240464171,0.00984041793101226,-0.0123620993186211,-0.545981467136642,4
B12,NC_035784.1_23453487,0.00754414146738791,-0.070075881738898,-0.0425091859130331,0.100629778023395,0.04394386744767,4
B12,NC_035784.1_25100933,-0.0511076640247648,0.0271976885089532,-0.0379391925903554,0.0397418058132344,-0.272721609141004,4
B12,NC_035784.1_25206221,-0.101682551360386,0.0645595875699486,0.0585450498561815,-0.0297113348087861,-0.988324988077089,4
B12,NC_035784.1_26997076,-0.0542192403076309,0.0487534597746933,0.0577814308838627,0.0854037267080745,-0.707257144559153,4
B12,NC_035784.1_27720019,-0.000445399267566645,0.00994749647674301,0.0274624599117055,0.0682012683745273,0.0206826499861496,4
B12,NC_035784.1_27818098,0.00752441408281093,-0.0145930316453451,0.0359059024490186,-0.021713663142996,0.0196170422171502,4
B12,NC_035784.1_27838523,0.144801328725611,-0.0478901993575775,-0.0562442686360165,0.045439946907325,5.19996869964143,4
B12,NC_035784.1_27838569,0.0893995540495776,-0.0139100871765256,-0.0311182330611421,0.0420088266723239,1.15257340180406,4
B12,NC_035784.1_28018763,-0.00490780570319421,0.0285440855671447,0.0121420009762417,0.061670112719269,0.4778378912185,4
B12,NC_035784.1_28065131,-0.0552447760656547,-0.0332642599129341,-0.01104115150771,0.0665210260009161,-0.224457303115554,4
B12,NC_035784.1_28065132,-0.0643614494690727,-0.0265017055326562,-0.00226962097061883,0.0278074180248093,-0.283923665643564,4
B12,NC_035784.1_28584969,-0.0555310055418096,-0.0040900793310841,-0.0457748011882197,0.101288269201688,-0.572239711466224,4
B12,NC_035784.1_28700252,0.102460311521306,-0.107316309719033,-0.0423930099524442,0.117912691313854,0.91849074956715,4
B12,NC_035784.1_29462602,0.0399146138116726,0.00638516806279964,-0.0338068181818182,0.0266098484848485,4.2997499424482,4
B12,NC_035784.1_29704099,0.0756189302652005,-0.00741183402473726,0.0506724925378502,0.0552453818582851,0.406514922898076,4
B12,NC_035784.1_29704100,0.164376044758242,-0.172795920477372,-0.078317301270492,0.0825486677301194,0.780544978252517,4
B12,NC_035784.1_31115400,0.0020068060633394,-0.0320692621173356,-0.0543539655834656,0.0211174782266375,0.00547788777907403,4
B12,NC_035784.1_31968193,0.116526310298024,-0.0540548411388427,0.0133740741707928,0.0810182184388174,0.741467718549488,4
B12,NC_035784.1_31968199,0.164346218017227,-0.153763828763829,-0.103659361471861,0.150556619306619,1.2952805983108,4
B12,NC_035784.1_32631109,0.0729753982224071,-0.0291870763361085,-0.0162738893973911,0.00611344926055442,0.422572475371726,4
B12,NC_035784.1_32769358,0.0558526228154219,-0.00621723381402932,0.0240410262374822,0.0215248711657223,1.35154135680117,4
B12,NC_035784.1_32787901,0.128220020651206,-0.0358943811564779,0.0773837386163466,0.0327220326716294,0.520121655971967,4
B12,NC_035784.1_33738595,0.0757949850230479,-0.044000527645982,0.00601709032185578,0.0953474938316288,0.334112010129419,4
B12,NC_035784.1_33738701,0.0720883782791102,-0.00863565425769277,0.00178218728755786,0.0293787199970379,1.73708901467145,4
B12,NC_035784.1_33796581,0.0895062020836091,-0.014588376261446,-0.0114990851353479,-0.00868233568615693,2.62107587870117,4
B12,NC_035784.1_33796582,0.0856820742781658,-0.00454218492353666,-0.0284863254223537,0.0843857046091483,0.52028887571064,4
B12,NC_035784.1_33866949,0.114234501680508,-0.0830975232671339,-0.070278631026556,0.00250840429411858,0.942645049934768,4
B12,NC_035784.1_34065267,0.0800135094015549,-0.0225734447004608,0.00506379074927462,0.0223214285714286,3.48229034339073,4
B12,NC_035784.1_34065315,0.0580379657062667,0.0366425839211056,0.0106340773956402,0.103297215366181,0.565256378947676,4
B12,NC_035784.1_35209357,0.248177501084915,0.0340180379741492,-0.0242801425420764,-0.0952425277700676,1.02957280043825,4
B12,NC_035784.1_35283966,0.0421392330783772,0.0255731757788659,0.0351954780020818,0.0519936300596678,0.246742067164336,4
B12,NC_035784.1_35540496,-0.00231686485220983,-0.00984389244536579,-0.0224076984874327,0.0163373989388723,1.51647390384499,4
B12,NC_035784.1_37718390,-0.0439389936617207,0.0556438462234688,0.0522758220170513,0.00392879773927342,-0.535894789833758,4
B12,NC_035784.1_37718554,-0.00519999849414447,0.0508438921516763,0.00145512470097248,0.0284806760491774,0.0978972582480653,4
B12,NC_035784.1_37793283,0.0303687429335417,0.0463442050227573,0.0175606547680747,0.0171610192013197,0.261493701594235,4
B12,NC_035784.1_38263340,0.0759781899919832,0.0475644312409559,0.0123228352414754,-0.0176130508301985,0.389924376605639,4
B12,NC_035784.1_38466122,0.0426803234189512,-0.026361712405471,-0.0610916386665949,0.0336682652514728,1.59882046714681,4
B12,NC_035784.1_38672323,0.0244015352969896,0.0333216155359174,0.0255233887920661,0.0640886252101918,0.155657100056989,4
B12,NC_035784.1_39585835,-0.0316552278749527,0.0993781429713873,-0.0278752898005878,0.0810452999520556,-0.147849135651289,4
B12,NC_035784.1_39585870,0.312507767330189,-0.231313034535022,0.0103779309733014,0.0466874306661626,1.27426637451416,4
B12,NC_035784.1_39710037,0.12320670952092,-0.0204338410991637,-0.0476591291565446,0.102628434886499,0.79315742214639,4
B12,NC_035784.1_39745091,0.016070290730859,0.00229604787609215,-0.0546936385212076,0.084670854507811,0.258444267050105,4
B12,NC_035784.1_39796840,0.109522303162167,0.103299789538988,-0.107504160359618,0.0551034422978187,0.453139865729799,4
B12,NC_035784.1_39837930,0.0225246455879374,0.0569749694749695,-0.021777223750908,0.0180993946951394,-0.317697417893202,4
B12,NC_035784.1_39838050,-0.0125833408054155,-0.0280001553027869,-0.0603150661974191,0.0168316089368721,-0.0836747466369419,4
B12,NC_035784.1_39838056,0.0134946751304834,0.0375052814412082,0.0219445466813888,-0.00960925039872409,0.0656320761252376,4
B12,NC_035784.1_39838064,-0.0547169352713198,0.0248643522589139,-0.0234319428254393,-0.00946269416857652,-0.24635775249837,4
B12,NC_035784.1_39838072,-0.0866809757681965,0.0386033638420388,-0.0475877245649891,0.0343942116583626,-0.342348595839656,4
B12,NC_035784.1_39867378,0.0365995759930548,0.0326806958758425,0.0113217648073334,-0.00203242001837877,1.33812218054648,4
B12,NC_035784.1_40332414,0.00185364939875256,0.000667910992115974,0.0276661358303661,-0.0481987036460495,0.0297037928817224,4
B12,NC_035784.1_41169645,-0.0052006417495548,0.0265515734265734,0.0205586080586081,-0.0215924426450742,-1.54209726800668,4
B12,NC_035784.1_41169706,0.0300792580153662,-0.00432314930856819,0.00913077711858199,0.0630529159187696,0.984457435864877,4
B12,NC_035784.1_41459425,-0.00832706892003523,-0.0311304527828889,0.0158907941709011,-0.0122060399319491,0.257123871760854,4
B12,NC_035784.1_41459841,-0.0178874741934101,0.0264623498110589,0.0499690218070939,0.0150535654288527,-0.247077092814572,4
B12,NC_035784.1_41672545,-0.0668357897150939,0.0348704332160215,0.086842253839205,0.0968822678644107,-2.35062493198045,4
B12,NC_035784.1_41675076,0.14377869921653,-0.030322109067053,-0.000267585226692187,0.0751351709013914,0.79278116528722,4
B12,NC_035784.1_42706092,-0.000301570991506992,0.0111268326951532,0.00556907921549391,0.0801725203615446,0.0949009593304872,4
B12,NC_035784.1_42815897,0.0238823256180822,-0.00579811152076827,-0.00130970442370488,0.0258243191242027,0.601172796183003,4
B12,NC_035784.1_42950208,0.0520259147882813,0.00455875908538744,0.0210252425228502,0.0217386566887147,0.200935248984336,4
B12,NC_035784.1_42950264,-0.0231094129006754,0.0126239822219,0.0419627874366927,0.0488706933472923,-0.124571899753164,4
B12,NC_035784.1_42950329,0.00766764502177769,-0.00560183355895013,0.00388477989906818,0.0199896436811266,0.00946942799473649,4
B12,NC_035784.1_43241478,0.0180634349817293,0.0450671844501379,0.00692258984148398,0.0249669176494888,-0.725357541605284,4
B12,NC_035784.1_45591203,0.00817931958733388,0.0129358563893668,0.0112854505375767,0.0320586069666952,0.088905677243223,4
B12,NC_035784.1_45596306,0.0703501360218333,-0.0127899806927993,-0.0101434311188902,0.0351439696932894,0.388367511422632,4
B12,NC_035784.1_45905453,0.0490349719311888,0.00704481207198598,0.0192518922724872,0.000748107727512763,2.08947687486236,4
B12,NC_035784.1_46098398,0.0138828016567777,0.0145686429637315,-0.00481108572333482,0.0662165877007163,0.371488834509218,4
B12,NC_035784.1_46174068,0.011160160675234,0.00243298045485844,-0.00381766059940334,0.0171140634916333,0.835001410923049,4
B12,NC_035784.1_47123060,-0.0151707021192315,0.00931539935723506,0.0620363113897597,0.0825717146837837,0.539673121728034,4
B12,NC_035784.1_48115301,0.0208045113369144,-0.0102904345669186,-0.0302002724785556,0.0262811305643642,0.964145590835183,4
B12,NC_035784.1_48916924,0.0388255335693924,-0.0184739713620133,0.00468478230384493,0.0259138733436012,2.26366679167174,4
B12,NC_035784.1_49011725,0.0212630550412896,0.00511977487386299,-0.00383624572372938,0.00804047284416181,0.727916261155353,4
B12,NC_035784.1_49066839,0.364362622814468,-0.112038161822645,-0.0574407632597288,-0.011321076325326,1.51143583730697,4
B12,NC_035784.1_49070069,0.0111445942005117,0.00373100683242143,0.0195393033340219,-0.0191042917413529,0.716523839500439,4
B12,NC_035784.1_50794530,-0.0365518965541276,0.0220815358788302,-0.0162066243084413,-0.0290602409694292,-0.148824004252623,4
B12,NC_035784.1_50794881,0.0103328582925169,0.0401497762304595,0.0582373798646177,0.0379314661343913,0.0324480619302588,4
B12,NC_035784.1_51491431,0.0180190482253933,-0.00624758252598092,0.00405628849332567,-0.0407422193025306,0.174463039312073,4
B12,NC_035784.1_51526252,0.0215025380565275,-0.00588284909105342,0.00833470667042309,0.0371032218555438,0.101428534840719,4
B12,NC_035784.1_51631842,0.0274835182223638,0.0184838337461892,0.0315977794491979,0.147521878148282,0.11521922869888,3
B12,NC_035784.1_51673004,0.0674332186096892,0.0815599940599941,0.0101419413919414,-0.0337543554006969,-0.13397870854882,4
B12,NC_035784.1_51673056,0.032840293798877,0.0742402337792143,0.0104967948717949,0.0878787878787879,0.138480953416423,4
B12,NC_035784.1_52837552,0.0562076817424676,0.028643960107019,-0.00760300858252931,-0.00377382630114351,0.238069124045467,4
B12,NC_035784.1_52837566,0.0159143927944036,0.0220116176442785,-0.00805943535734631,0.0487882256192721,0.0842388518907618,4
B12,NC_035784.1_52838237,-0.0426491963753482,-0.000992225096262012,0.023171988994915,0.049953332011762,-2.0090754143485,4
B12,NC_035784.1_52839000,0.00336057696198539,0.0358362516544785,-0.00064705853009547,0.0624473850363043,-0.327592448884715,4
B12,NC_035784.1_53323133,-0.040699521158789,0.0732692537810868,0.0208155947023568,0.105125609000683,-0.211928314285308,4
B12,NC_035784.1_53424297,0.0239996198438656,0.00553354065760472,-0.0035391755094499,0.00713349785377224,0.281830856346875,4
B12,NC_035784.1_53630692,-0.0147332147023106,0.0692477418973976,0.0175933068012526,-0.000166564666154487,-0.186741960970842,4
B12,NC_035784.1_53630697,0.0264073441886428,0.00352413426141625,0.00166422646110806,0.00770256199911655,0.333474118176859,4
B12,NC_035784.1_53889061,0.159037588081706,0.103360430566313,-0.0515809515809516,0.023023023023023,0.725029031736649,4
B12,NC_035784.1_54273058,0.00271501097240361,-0.0303454736469092,0.0050233816821194,0.0161688767037868,0.0148705952383572,4
B12,NC_035784.1_54987702,-0.0454787435733914,0.0659624825334843,0.019196980872287,0.0262691724252594,-0.293169043871198,4
B12,NC_035784.1_54987920,0.0177479620539037,0.00466057075213285,0.0340784916256239,0.0659113942938588,0.209578104525561,4
B12,NC_035784.1_54988175,0.092151014862289,-0.00650504112998528,-0.041873572803154,-0.0178359452645725,0.461826880597591,4
B12,NC_035784.1_56273199,0.0838140182289681,-0.0120236724426172,-0.0204095226174298,0.0871659748606356,0.626185693980706,4
B12,NC_035784.1_57171513,0.0361909915379781,-0.00173351811083968,0.000833774230162862,0.04821086204734,3.03024572700691,4
B12,NC_035784.1_57362800,0.0215043654887211,0.0232278408424678,-0.0116780550543468,0.0373261820727205,-1.10774720020699,4
B12,NC_035784.1_57362946,0.0245709805237291,0.00455054047761797,0.0444047248501434,0.159254694029864,0.0929251823625432,4
B12,NC_035784.1_57514539,0.0633073067283594,0.0467836257309942,0.0354471515326778,0.0238706140350877,0.516429231641903,3
B12,NC_035784.1_58038960,-0.000707402747991508,0.0295497409653297,0.0386693000848889,0.0441567790647197,-0.0909865665481665,4
B12,NC_035784.1_58067141,-0.112478619885891,0.0865796029824903,0.0572502614566509,-0.0298103729138212,-0.615999699171004,4
B12,NC_035784.1_58067207,0.00310706362382858,0.0420946089432446,0.0232619527363624,0.00232320642851816,0.117752826414472,4
B12,NC_035784.1_58486720,0.0357361966736967,0.0212555962555963,-0.0108525733525734,0.00433926958317202,2.11872734474872,4
B12,NC_035784.1_58736556,-0.0132897418641519,0.00783428357480123,0.0239082297823702,-0.0131190533942776,-0.650932376386105,4
B12,NC_035784.1_58762117,0.0373494302869537,-0.0297669632552579,0.0788198912136857,0.018383190730968,0.153121381859791,4
B12,NC_035784.1_58823701,0.0406091619996041,0.00616965557162761,-0.0159691572089113,0.0244513000660542,1.70188990645446,4
B12,NC_035784.1_58837221,-0.126765349014115,0.0834634342328453,0.101894457829195,0.067699626269606,-1.24270140067494,4
B12,NC_035784.1_58837344,-0.00651026770416068,0.0240041588590222,-0.00430599138436144,0.0117012225450928,-0.0677073123434913,4
B12,NC_035784.1_58837347,0.00249243024663221,0.00194250194250194,-0.0163448750831196,0.0158828382838284,1.33576519624981,4
B12,NC_035784.1_58837375,-0.00498806840481049,0.0291697922132705,-0.00270812484667906,0.00354074334656859,1.11395427525895,4
B12,NC_035784.1_58870400,-0.0244943206199268,0.00766602444934448,0.00106770104706566,0.0232999843649117,-0.287296297288332,4
B12,NC_035784.1_59652584,0.0670539186256389,-0.0273789506334073,0.00207306773925069,0.0116634833050368,0.535130269084019,4
B12,NC_035784.1_59652784,0.0896113242605505,-0.0018911852721024,-0.0180189413545602,0.024093200303913,0.736815430947223,4
B12,NC_035784.1_59849167,-0.457935621426179,0.366294455791432,0.375068515762475,-0.199404280223265,-1.98403417824636,4
B12,NC_035784.1_61185759,-0.0487562522791089,0.0586636744985202,0.0276534303698353,0.145286541951696,-0.198374007483351,4
B12,NC_035784.1_61335555,0.0419740430127064,0.00801351725225684,-0.0758796446386502,0.0957470524492161,0.21347403687619,4
B12,NC_035784.1_61699177,-0.0609949560559501,0.0823924636189856,0.106723813775554,0.0500920412214155,-0.245427720301715,4
B12,NC_035784.1_61699187,0.175903450120225,-0.0851608327428307,-0.14375690088175,0.0978944315254569,0.76509021730542,4
B12,NC_035784.1_62988426,-0.0642935612527732,0.000686858739076049,0.0261285000099642,0.0448295748240801,-0.256792979790773,4
B12,NC_035784.1_62989659,-0.0238300093449452,0.0139951070318794,0.0256587626932455,-0.0256113509854564,-0.678268208469704,4
B12,NC_035784.1_63586267,0.017359274297103,0.00271210409517826,0.0112136783628895,0.00866114013347215,1.70284346466752,4
B12,NC_035784.1_63773268,-0.00705795860541101,0.0071969696969697,0.049156746031746,0.000241545893719808,-0.2090464408602,4
B12,NC_035784.1_63825693,-0.0117541219938715,0.0339722779158329,0.0183501695062345,0.0225989087936937,0.536759007230434,4
B12,NC_035784.1_64768732,-0.0214329584313896,0.0313812532304575,0.0270291798652263,-0.0456938322414729,-0.0697645729571156,4
B12,NC_035784.1_64768846,0.0491325826346307,0.01578530930986,-0.00114976926272441,0.0899122807017544,0.213088132385264,4
B12,NC_035784.1_65249871,-0.0067579746371198,0.0329624770814791,0.0796771225413683,-0.00796129707612961,-0.0223530043723601,4
B12,NC_035784.1_65625554,0.14621437058649,-0.130832055969101,-0.0799956612735748,0.0211681807110196,0.604694029991439,4
B12,NC_035784.1_65625619,0.0531531289327416,-0.077564534220601,0.00209706016621838,-0.0262081583241368,0.22260136610786,4
B12,NC_035784.1_65936476,0.0641694977938049,-0.0864277483457926,-0.0232628138974888,0.0562307959163445,0.167237431296589,4
B12,NC_035784.1_66321728,0.0229150909060954,0.0311350256440211,0.00177286481634308,0.0532399986642623,1.92447312390954,4
B12,NC_035784.1_66326187,0.01128493131104,0.013660446354034,0.0317835595931065,0.0389847329017571,0.471486336603632,4
B12,NC_035784.1_66387153,0.00725001196371517,-0.0153842823160306,-0.0500561344126948,0.0425232888620453,0.236189586940733,4
B12,NC_035784.1_66391819,0.0785960512017215,0.0324056614944437,0.0263751989837377,-0.0556813083681838,1.46820210723003,4
B12,NC_035784.1_66391874,-0.000312647126076995,0.0301933708759153,0.0207742151699647,0.0549941314699488,0.0337635704190905,4
B12,NC_035784.1_66676680,-0.137651647710476,-0.0204434652043044,0.00201493593334201,0.0180742091558031,-1.99038421811978,4
B12,NC_035784.1_67147524,0.0314416979861644,-0.0631317542964707,-0.0359916840183041,0.0237340141519386,0.411904571761762,4
B12,NC_035784.1_67489455,0.0685950560950561,0.0079954954954955,0.0325686075686076,0.102545979158882,0.314662369385916,4
B12,NC_035784.1_67509348,-0.0777747246901548,-0.040721877340762,0.00666064923841413,0.0267212762790847,-0.395422254301052,4
B12,NC_035784.1_67597301,-0.0195752331532574,0.0572306016333912,0.0132457147328277,0.0169982111201564,-0.232447355021741,4
B12,NC_035784.1_67597353,0.00629604649419092,0.0256145220004665,-0.00242133251256574,-0.0111259635361605,0.00518399478169448,4
B12,NC_035784.1_67597570,0.0133169035209907,0.0172315694358797,0.0235734183010048,0.010381358137857,0.090389315717015,4
B12,NC_035784.1_67597583,-0.0166873513244122,0.00809336487353807,-0.022334003547848,0.0115111990148089,-0.0772318771719646,4
B12,NC_035784.1_67597619,-0.00375347136905133,-0.00291085376155082,-0.0546960780099527,-0.00750354115277314,-0.00201704471066258,4
B12,NC_035784.1_67599722,-0.119307660137754,0.124979841574311,0.140765833460846,0.143019624237655,-1.72380152841641,4
B12,NC_035784.1_67698571,0.0353229694011082,-0.0476523184027011,-0.0274072408932094,0.0400347543654607,0.264426975963338,4
B12,NC_035784.1_67698931,-0.0196152051262801,0.00122208430191856,0.0739964149118902,0.0578317626250627,-0.337418111835247,4
B12,NC_035784.1_67699244,0.0127789821002778,-0.021558909873327,-0.0244307768414124,-0.00513981547947955,0.0573592881520302,4
B12,NC_035784.1_67699296,-0.052548984778797,0.020343195399075,-0.0132994353338495,0.0129595052763713,-0.50083585819428,4
B12,NC_035784.1_67699301,0.0119443119971151,-0.0430785386284543,-0.0185327436964865,0.0155084459459459,0.0762491175323288,4
B12,NC_035784.1_67822409,-0.0167494598570808,0.0471998446318432,-0.00317890307858078,0.0326553842114718,-0.108232993493131,4
B12,NC_035784.1_68037048,0.0362015984288012,-0.0438899085447251,-0.0478671063760294,0.101185147446005,0.145308420646696,4
B12,NC_035784.1_68037054,0.0286702722387758,-0.00762041546926251,0.0265201689642546,-0.0559315929682108,0.129534136895785,4
B12,NC_035784.1_68037535,-0.0209203873449375,-0.0132803832383167,0.0474722848672926,-0.0740232665653331,-0.101482405743553,4
B12,NC_035784.1_69042033,0.0161346112159567,0.0241827143560378,0.0533728015052294,0.0449585215714248,1.85053892431938,4
B12,NC_035784.1_69433683,0.170219433973708,-0.0413423781727671,-0.0403787908261153,0.067452315381477,0.74748364675933,4
B12,NC_035784.1_69663460,-0.00724796628344743,-0.00168268862164433,0.00167596123781192,-0.0145518488193018,-0.118897709388543,4
B12,NC_035784.1_71271469,0.0198307529257602,0.00332640126757773,-0.0879108831026056,0.00838814501605199,0.231281678990592,4
B12,NC_035784.1_71692701,-0.117366999719885,0.0454689679384482,0.0300505163965384,-0.0207771180558966,-1.67773688930468,4
B12,NC_035784.1_72519441,-0.0496733686512147,0.048811585659115,0.0603920486691662,0.0253680596817852,-0.49674614843841,4
B12,NC_035784.1_73045178,-0.00256939571300696,0.0312419922206224,0.00848543106527029,0.0188702158916332,-0.0378634391547462,4
B12,NC_035784.1_75256049,0.0367796808666379,-0.0206755127887857,0.0291172344740961,0.0843637125170377,0.25543811659298,4
B12,NC_035784.1_75557197,-0.0256404433869361,0.0164578464758702,0.0689654783027628,-0.0719384512757358,-0.104810579890927,4
B12,NC_035784.1_75557581,-0.0311806190092946,0.068699086662389,0.0548052889981807,0.0317230680150848,-0.357534583425399,4
B12,NC_035784.1_75702438,-0.0415839432254526,0.0592512832984282,0.0350477533941755,0.0592660480391034,-0.220289980763222,4
B12,NC_035784.1_75925966,0.0590037113116741,-0.071448301535303,-0.044124326601272,0.0498903006715507,0.394090873152405,4
B12,NC_035784.1_75926043,0.0553883628553123,-0.0462330162445345,-0.0266223875777091,0.0465916120687231,3.76930725931729,4
B12,NC_035784.1_75948339,-0.0573497826612673,-0.0220973920316174,0.0126751836653281,0.0651655053528952,-0.291268522017816,4
B12,NC_035784.1_75948475,-0.0673684838358013,0.0155175497431374,0.0233518693579669,0.0160853160853161,-2.24867788314057,4
B12,NC_035784.1_76665018,-0.0183657930026838,-0.0295532225771464,0.103520979753806,0.0905516190795634,-0.179323256598309,4
B12,NC_035784.1_76668053,-0.0376916025254487,0.048908410728961,0.043070779584376,0.0443291582353522,-0.320927458069258,4
B12,NC_035784.1_76668061,0.00495416446601782,0.0391924115221329,0.0287067378785645,0.018193541274603,0.128628881840946,4
B12,NC_035784.1_76668064,0.00671956654261133,0.0401402330659065,0.0359146630360904,0.0267259752476703,0.171160906825883,4
B12,NC_035784.1_76725432,-0.0418299013572009,0.0730798283718521,0.0674426683834999,0.0398045486851457,-0.170271004670391,4
B12,NC_035784.1_76733562,-0.0052086055354749,0.025688780364027,0.038036118477123,0.0385790665774085,0.87895725821414,4
B12,NC_035784.1_76913874,-0.0802663169065902,0.178495904619225,0.06158327231261,0.0903633540898579,-0.39423776498245,4
B12,NC_035784.1_76913965,0.0257385137327371,0.0711759581881533,0.0326562419181161,0.0668383167220376,0.229742348818691,4
B12,NC_035784.1_78251457,-0.0278849291004967,0.0484791368400423,0.0143887283674255,0.0074064775250393,-0.532311558065803,4
B12,NC_035784.1_78256630,-0.0295886865880828,0.0797646034964297,0.029559947431906,-0.0921594530446202,-0.122411586836926,4
B12,NC_035784.1_78636139,0.0925854112171416,-0.105240783809852,-0.095993297456537,0.12880288329937,0.399314785435901,4
B12,NC_035784.1_78636151,0.08258933430899,-0.0277218227882527,-0.0288056490887376,-0.125320980973033,2.06583858182191,4
B12,NC_035784.1_79397234,0.0691475307874116,0.0274253829918661,-0.0222617756544431,0.02518352243962,1.85918818528667,4
B12,NC_035784.1_79527094,0.0269245955669917,-0.0265685004423253,-0.0330422695696905,0.0305916305916306,1.45818927528627,4
B12,NC_035784.1_79538526,0.032755651547978,0.0316672217111022,0.0827096394984326,0.0360795454545455,0.0796336339836365,4
B12,NC_035784.1_79538908,0.0464308214216905,-0.00208080318948601,-0.0312735914308306,0.0468057818407614,0.336365958028702,4
B12,NC_035784.1_79541066,0.00944665572849446,0.00889704375519859,0.140918010502932,-0.0543673489865543,0.0413027515852912,4
B12,NC_035784.1_79542196,0.0279503273005583,-0.0493994359395899,-0.0113808247190709,0.0664892324528924,0.186336696931953,4
B12,NC_035784.1_79544008,-0.0621339194566485,-0.0258921600561663,-0.0185220742574433,0.0412358577700516,-0.522099001511307,4
B12,NC_035784.1_79544022,-0.0619564893953014,0.0568087851081654,0.0566927102643865,-0.0827622098753015,-1.77994806143103,4
B12,NC_035784.1_79550119,0.00690998848074579,-0.00460187422396725,0.0527659893938964,0.013629652001745,0.722749258757281,4
B12,NC_035784.1_79698279,0.0497380318152377,0.0637785596425302,-0.000596184419713831,0.0141096979332273,1.4462107115381,4
B12,NC_035784.1_79826179,-0.0225322014679695,0.0166821570955866,0.0303332301957378,-0.0946807516382988,-0.0982848470327666,4
B12,NC_035784.1_79848217,0.0460710096986679,-0.00585230587118904,-0.0108098333964699,-0.0159843758869698,0.601989562631491,4
B12,NC_035784.1_80973209,-0.0108268230610924,0.0274429392805384,-0.042304213688896,0.0171848865972875,0.191901188571572,4
B12,NC_035784.1_82088053,0.049581236441945,0.000106128241704414,0.0410833769048323,0.0112256514793887,1.48414106255829,4
B12,NC_035784.1_82116514,-0.0908885929801664,0.00209755452798622,-0.0259676420846473,0.0935130771233465,-0.376603392683908,4
B12,NC_035784.1_82365125,0.212234028910104,-0.0510169530693945,-0.0661704703555729,0.115054404615874,0.891666283382859,4
B12,NC_035784.1_82422859,-0.0440876193939998,-0.00675956322899453,-0.0211026465809392,-0.00509450434573203,-0.178620610709661,4
B12,NC_035784.1_83110191,0.138537123517845,-0.0501633087284506,-0.0531625553447185,0.0448292220113852,8.50038342950099,4
B12,NC_035784.1_83167363,-0.13142442439207,0.0206069224058608,0.0462730557520011,0.048023054947572,-0.939451060680839,4
B12,NC_035784.1_83296431,-0.0192206278488137,0.080792070248592,0.0875079951541721,0.075682288725767,0.0523131499396184,4
B12,NC_035784.1_84942527,0.0337412977987374,0.01276024734279,0.0317020316732298,0.0260257215902377,1.06515829416945,4
B12,NC_035784.1_84958530,0.0604536643037384,-0.0612729741019215,-0.0193808384597858,0.0319078947368421,2.63333401216069,4
B12,NC_035784.1_85436729,0.0120217139955542,0.0235978838228949,0.0173005285654378,0.0952928302468528,0.0587934447350729,4
B12,NC_035784.1_87006779,-0.0180496648026924,-0.0240667109034677,-0.0246244798130021,0.0363692953443465,-0.0850053515964858,4
B12,NC_035784.1_87634025,-0.0325272403832439,0.023144044019662,0.0365031294829104,0.000257855363495388,-0.140231250044946,4
B12,NC_035784.1_87663691,0.108943098260769,0.0282025844525845,-0.0878602584279293,0.128829016986912,0.45044474619419,4
B12,NC_035784.1_87663721,0.0715338910333098,-0.0487741962169289,-0.0906425926527361,0.127682796331107,1.24528542191475,4
B12,NC_035784.1_87860930,0.0492138817460614,0.0484706034706035,0.0335791585469789,0.032030007030007,0.138575325090942,4
B12,NC_035784.1_87863728,-0.00123708955985377,0.0256899180678301,0.0395665495674303,0.0175933564256146,-0.0057293043580962,4
B12,NC_035784.1_89036640,0.0878157815213528,-0.0807872738431605,-0.084030290903507,0.09361997428705,0.355904750716833,4
B12,NC_035784.1_89038890,-0.0882268423261358,-0.00721857002431093,0.00803482392916698,0.0216558801036423,-0.88622007162404,4
B12,NC_035784.1_89368235,-0.0455756395145646,-0.0241208498646279,0.0314239170434816,0.0399621248852514,-0.302193095567063,4
B12,NC_035784.1_90811587,-0.111373934197832,0.0600323265077364,0.101701987758973,-0.157790750915751,-0.861404952752084,4
B12,NC_035784.1_91528875,-0.0102088864492741,-0.00580028485650736,0.0275073122298428,0.0823024323256645,-1.16723814749683,4
B12,NC_035784.1_92291641,-0.0154298344910812,0.0230294864225308,-0.0226733401626488,0.0113301870822076,-0.050489374929994,4
B12,NC_035784.1_92293340,0.00334625247396316,0.0211265823787679,0.0125943171817989,-0.00483150461569653,-0.0027610841012391,4
B12,NC_035784.1_93217952,0.132490979336779,-0.0816617385233372,-0.114205967643468,0.060017511728038,1.40025093636329,4
B12,NC_035784.1_93218081,0.0185465640219965,-0.0147142963842605,0.0141887138389745,0.0437110253107647,0.435801827859588,4
B12,NC_035784.1_94836839,-0.00646144479522604,0.0492099670582874,-0.00139824585990394,-0.0304656759860366,-0.129271158628662,4
B12,NC_035784.1_94837079,0.00285190509820106,-0.0527078011104506,-0.0485128297091688,0.0900365416619287,0.0572675618940916,4
B12,NC_035784.1_94837569,-0.0751067947410407,0.0742586840534325,0.106054161727839,-0.100646758465033,-0.302523938536749,4
B12,NC_035784.1_95329302,-0.011167165371533,-0.0133272638899163,-0.0218265368687772,0.0130667548736265,-0.679674989168622,4
B12,NC_035784.1_96349486,-0.0320020109232223,0.0663117818897894,0.00336253839747628,0.0302353896103896,-0.38230229388836,4
B12,NC_035784.1_96474944,0.150493478543282,-0.0870045694549655,-0.0212592262031252,0.131437866568915,2.90919221705569,3
B12,NC_035784.1_96514191,0.0599718388578882,-0.0261419189391182,-0.0676578331979029,0.0438664790494059,1.28568810278558,4
B12,NC_035784.1_96544995,0.0274263904517062,0.0403808539209416,0.0746488376107278,0.00317508265505292,0.0909895924538043,4
B12,NC_035784.1_96545014,-0.00147044274569281,0.0343390940442195,0.0845139814078587,0.01223919151636,-0.0969361217103938,4
B12,NC_035784.1_96548925,-0.0117226218449242,0.0239570597928981,0.0299545071562459,-0.00891445287792536,-3.16898610990916,4
B12,NC_035784.1_97090029,-0.0575169301131438,0.101967949285049,0.0440509090625978,0.098040863880638,-0.276263040517451,4
B12,NC_035784.1_97478301,0.0175432499667831,-0.0111248448695573,-0.0100738007873211,0.00220980220131281,0.903863213863746,4
B12,NC_035784.1_97755139,-0.0121246728081992,-0.0180212961627498,-0.0107033039065285,-0.0149929166106639,0.090365044890368,4
B12,NC_035784.1_97935560,-0.00217039805421848,0.0387807903875024,-0.00693089997213709,-0.00159548355424644,0.182956544477558,4
B12,NC_035784.1_97935590,-0.000188789024903014,0.0366815123640457,0.0155831031437965,-0.0115486749767919,-0.123983288237462,4
B12,NC_035784.1_98130909,0.046644425587193,0.0144327475685234,0.00853030559560273,0.0149706615223857,-0.697424236040608,4
B12,NC_035784.1_98298543,0.00203168578562686,0.00545766582564755,-0.0019331243308875,0.00864474382433892,0.515064950827325,4
B12,NC_035784.1_98298723,0.0326365729130373,-0.0186780591277007,-0.0325233026588762,0.00294292414171977,1.14276976704215,4
B12,NC_035784.1_98299010,-0.0486305440307111,0.118691199942821,0.0299886003591972,0.0698398058836827,-0.199831601471633,4
B12,NC_035784.1_98299041,0.00799982989775645,0.0140815440544006,0.00253602059804828,0.0246250296922189,0.823588035757133,4
B12,NC_035784.1_98432224,0.0418057345163191,-0.0338015709487315,-0.0309278397684586,0.0510894466576599,1.08301190171276,4
B12,NC_035784.1_98629556,0.0365897838628686,0.0278674189797188,0.000423690805830319,-0.0130224713558047,1.54714446250569,4
B12,NC_035785.1_492597,0.149995281397703,-0.0541192845011049,-0.0160317583742432,0.092685808185323,0.939181905110095,4
B12,NC_035785.1_630568,0.0564938373651752,-0.0395157922243472,-0.0563077251341358,0.0646617500499476,0.628569959995005,4
B12,NC_035785.1_630633,-0.0187044822643608,0.0458870995163278,0.0159804651237594,0.046967375835927,-0.102554796801698,4
B12,NC_035785.1_897188,0.0515738050061825,-0.10140912534758,-0.0118695208593414,0.0798658976638983,0.241642145013941,4
B12,NC_035785.1_897973,0.0756725403741953,0.0248642035836013,-0.00723491774424342,0.0810985541078798,0.708164389622076,4
B12,NC_035785.1_2292261,-0.0341582767848782,0.0873679022432197,0.0204308987132378,-0.00725934365996406,-3.01137265974974,4
B12,NC_035785.1_2615477,0.0259685683717441,0.0239015116695086,0.0131091388422216,0.0575274725274725,0.112626700582124,4
B12,NC_035785.1_3922785,0.0162084901483799,0.00225761443304146,0.0598960235786892,0.0410931036413914,0.0701307580371155,4
B12,NC_035785.1_3954027,-0.00965570368390486,0.0282116158568383,0.0163487611973735,-0.0685465633951757,2.01252573478237,4
B12,NC_035785.1_3955693,0.0302083121497478,-0.0548536190298038,-0.0347458210678729,0.0356471996468761,0.112983460094201,4
B12,NC_035785.1_3955695,0.0792402701471505,-0.0965273766720619,-0.0764249071887368,0.0453733198871495,1.04439925405272,4
B12,NC_035785.1_5041174,0.0210100117808005,0.00689252046955782,-0.0094426954624323,0.00104831206804891,1.82154528851478,4
B12,NC_035785.1_5331751,0.0633994403163937,-0.0369858358440825,-0.000377125238157569,0.0927698270721526,2.39504865736091,4
B12,NC_035785.1_8296098,-0.0166738999080377,0.0276226609267876,0.0252691876991989,0.00384615384615385,-1.8057420383432,4
B12,NC_035785.1_10010397,0.00490275502627069,-0.031347350360148,-0.0317815492385835,0.0519923856362505,0.301834234598412,4
B12,NC_035785.1_10010609,-0.0588539988637354,0.0161743852609173,0.012264868779678,0.0183016114638294,-0.379853391660882,4
B12,NC_035785.1_10010611,-0.057664768332254,0.0160947933859996,0.0132443144837578,-0.0152686324655902,-0.367113492508301,4
B12,NC_035785.1_10010618,-0.0743829276186623,0.0271390991157503,0.0191624321287601,0.00849529208601467,-0.502537964125957,4
B12,NC_035785.1_10010624,-0.0612609588493327,0.0203284357626858,0.0138484400056483,0.0293367310483841,-0.413304212020181,4
B12,NC_035785.1_10010788,0.0708533821435183,-0.050805690608769,-0.0377388754764347,0.02789681689574,0.405707842862877,4
B12,NC_035785.1_14316002,0.0493293389183045,0.0160552788656203,-0.00382607326581193,0.0259094186555476,0.201671884356513,4
B12,NC_035785.1_15527259,-0.0220357430676903,-0.00735412637008382,0.0439964212783685,0.0331439393939394,-1.33049216051268,3
B12,NC_035785.1_15563453,0.00433234298183055,0.0429480791485742,-0.01927550247407,0.0405849616555062,0.0737576454783213,4
B12,NC_035785.1_15621453,-0.000562844435115471,-0.0150169788840633,-0.0230893786144995,0.0506980977308168,0.0875992554026949,4
B12,NC_035785.1_15621457,0.0148589519672073,0.00744155657182653,0.0133481186824814,0.0190509940562515,0.0638669499012244,4
B12,NC_035785.1_15621513,0.0193206915398367,0.00137624690017833,4.67126181443592e-05,-0.00205020910313819,2.22850158513001,4
B12,NC_035785.1_15920633,0.00457207800596269,0.00101748649628266,0.00693687112936689,-0.0348772447820585,0.704066787555725,4
B12,NC_035785.1_16015901,-0.00629706085401071,0.0267988748940585,-0.00930624248591534,0.0285532782722479,-0.0640934828547163,4
B12,NC_035785.1_16042958,0.0142162324441781,0.0138129552423294,0.00609957006002786,0.0149401165514477,0.122990252682344,4
B12,NC_035785.1_16043096,0.044083677641361,-0.0101289461098841,-0.0232308510327468,0.017751672468807,2.97485012726603,4
B12,NC_035785.1_16116217,0.151885888037433,-0.0282379141376175,-0.0310218868035134,0.0655360764106894,0.989800049214497,4
B12,NC_035785.1_16435934,0.0295705388573138,-0.0132747244910703,-0.00211874614163705,0.00979064303667968,1.42409336682613,4
B12,NC_035785.1_17357747,-0.0123198754510881,0.00466869948841256,-0.0151469798520634,0.0168043420976609,-1.10800145552982,4
B12,NC_035785.1_17429236,-0.00739452908877785,0.0169671562472065,0.00644148136620791,0.00904502049809565,-0.412356092605971,4
B12,NC_035785.1_17750776,0.157925705621133,-0.112683013216237,-0.144772977254959,0.050284783426703,1.7233255914601,4
B12,NC_035785.1_17759266,0.026450249107986,0.0889902196926556,-0.00837135219844394,0.0274094743386574,0.15055980758434,4
B12,NC_035785.1_17767672,0.0262057927347163,-0.00977935950499603,0.0123192267881557,0.0257792051246728,0.649363058989422,4
B12,NC_035785.1_17936172,-0.00740133340355292,-0.0275759074911964,-0.0202751475176724,0.130848318348318,-0.0538164704312259,4
B12,NC_035785.1_18055883,-0.00443600343038966,0.0531793951267285,0.0769668209681137,0.000523802812529624,-0.0893298196529463,4
B12,NC_035785.1_18057751,-0.00638737030953863,0.00315858794211698,-0.00494488453947638,0.00674262541488716,0.306314173566874,4
B12,NC_035785.1_18062482,0.0246770339742311,0.0463568608674471,0.0191507823781911,0.069886583188497,0.076881852981308,4
B12,NC_035785.1_18097098,0.0254969953231154,-0.00901943067489033,0.0235885422697775,0.0416518335740466,1.54625332631609,4
B12,NC_035785.1_18151629,-0.00122746856171908,-0.0160097592915796,0.00347843418250426,0.00638726912821855,-0.00239623645877446,4
B12,NC_035785.1_18175296,-0.143157558951546,0.00854564021897708,0.0542864531252264,0.0343808045579887,-1.38512716739823,4
B12,NC_035785.1_18177113,-0.116585471046482,0.0817138828312883,0.111855851466338,-0.103896840153289,-0.661699495590522,4
B12,NC_035785.1_19418239,0.00161469563958422,-0.0723458683790525,0.0445207206098985,-0.00696267956329875,0.154137136285703,4
B12,NC_035785.1_19418280,0.102415764786293,-0.0768620935591164,-0.0667190598661799,0.030846571883619,1.04490948874109,4
B12,NC_035785.1_19891149,0.0939657446535337,-0.0254996037810345,-0.0213004507731197,0.0618191688253068,0.446321448044342,4
B12,NC_035785.1_19891318,0.00484394361392358,-0.0162288006715251,-0.00256078470852753,-0.0192557248888256,0.895748973669106,4
B12,NC_035785.1_21344942,-0.00787353567577059,0.00786288867100253,0.0253216385324385,0.00513257379047712,-0.381186137667705,4
B12,NC_035785.1_21620143,-0.0324790270829684,0.0689516725153643,0.0217284276289427,-0.0271532136479968,-0.98358165832478,4
B12,NC_035785.1_21620424,-0.0398867599651704,0.0801561404417587,0.0465499689180948,0.0115198836463368,-0.398785552994057,4
B12,NC_035785.1_21667813,0.0177945105823635,0.0389351462099699,-0.007855320373619,-0.0236071509785582,0.51710069826574,4
B12,NC_035785.1_23438436,-0.0462398187183138,0.0251906068528983,0.041679335940372,-0.0376781405187391,-0.623106881848575,4
B12,NC_035785.1_23438440,-0.0558197674301965,0.0347687953810196,0.0486237765596335,-0.0330448510050229,-0.744593240341618,4
B12,NC_035785.1_23438599,0.00277669377775179,-0.0305146272389983,-0.0126759680302503,0.017560732389597,-0.0704408694891829,4
B12,NC_035785.1_23438633,0.066694795652941,-0.0400581280949523,0.0294097326938484,0.0545422275828627,0.282151019958117,4
B12,NC_035785.1_26977195,-0.0214599247401758,0.0590644979902409,0.0458666359107998,0.00287163486188974,0.633256684805743,4
B12,NC_035785.1_29227792,0.0732999691966257,-0.0214803870266055,-0.0155935532969325,0.0665614275729053,4.17951369838034,4
B12,NC_035785.1_29817077,0.0208689850547378,-0.0369678697022868,-0.0326491412998867,-0.00055261419977605,0.0813093450584788,4
B12,NC_035785.1_30482027,0.0567043579422994,0.000240818199821233,0.00923617444689546,0.0448531806339557,3.48822520694098,4
B12,NC_035785.1_31440331,0.137372669424749,-0.0429798081566906,-0.00148847369883957,-0.126374774164408,0.889415609527185,4
B12,NC_035785.1_31898327,0.0308384254845942,0.0102937381856826,0.0062908442971146,0.00561546341785418,0.136843203677475,4
B12,NC_035785.1_31900186,-0.0602721759354483,0.0264247467823106,0.0699683598972302,-0.0427951388888889,-0.729126556446753,4
B12,NC_035785.1_32466426,0.100396812527029,0.0255818318318318,-0.04039200869794,-0.0530963386016578,0.503459377681973,4
B12,NC_035785.1_32466654,0.0369016415482737,0.0242474628619723,0.00181959482096981,0.043616797992495,0.190670546753886,4
B12,NC_035785.1_32509620,0.0620174201932828,0.0167359575585023,0.0127979240116683,0.0352785423839868,0.280924837856416,4
B12,NC_035785.1_32514347,-0.0569323739874585,0.0609645043788266,0.0285270138133341,0.0306747600225861,-1.51138825327297,4
B12,NC_035785.1_32568170,-0.0287342322643508,-0.0858709923129358,-0.00828777172402892,0.0560533453849473,-0.149413648758433,4
B12,NC_035785.1_32568188,0.0225563358752412,-0.00417859107684482,0.0130178615937229,0.0888070545149654,0.168947598346398,4
B12,NC_035785.1_32580734,-0.034458742522576,0.0740033151827634,0.0603382569144292,0.0178305063900294,-0.326758641546564,4
B12,NC_035785.1_33087320,-0.0358241044111132,0.0554047576054618,0.110891330469831,-0.0110894453566867,0.12191238490565,4
B12,NC_035785.1_33209301,0.0739351664812134,-0.0116703685860678,-0.0139755657201739,0.0915064418736735,0.364105229689714,4
B12,NC_035785.1_33355289,0.138417836323652,-0.0353407902209468,0.0027782011454377,0.0128341764269622,0.857852199028222,4
B12,NC_035785.1_34998223,0.0145818647034294,0.0483048277719793,0.047871460710485,-0.0660908929478264,0.055349056791228,4
B12,NC_035785.1_35361994,-0.000977307835600192,0.021816109895088,0.00800627585762579,0.0108685452272786,-0.190827288853775,4
B12,NC_035785.1_36030431,-0.0377395255143501,0.036088275884005,0.0227923594595891,0.0182925284967994,-1.34537284630362,4
B12,NC_035785.1_36426024,-0.067079980007972,0.102445071855326,0.0664572078101867,0.0749007804905261,-0.427490843510571,4
B12,NC_035785.1_36616437,0.0565434113295377,-0.0586367387008114,-0.057079039740275,0.0606425099579258,0.265093006637888,4
B12,NC_035785.1_36900723,-0.00421851157111162,0.0290397998087739,0.0164356456179558,0.0519238437001595,0.111805695685012,4
B12,NC_035785.1_37129674,0.00692776623710521,0.0241739875850377,-0.066894186598899,0.0527133385829394,0.0251548913028711,4
B12,NC_035785.1_37197424,-0.081960543697753,0.107824701646314,0.0379759404123811,-0.0165840863272007,-0.476373906658954,4
B12,NC_035785.1_40813117,0.00904088665514067,-0.00407286679663309,0.00989466688814461,0.0266058637535932,0.345616469154796,4
B12,NC_035785.1_40814328,0.106662161976605,-0.0474627633161035,-0.0366000055957276,0.0366631074573819,2.6541723801518,4
B12,NC_035785.1_40814417,0.015845911539848,-0.0131314513374552,0.0402910764026111,0.00840613732921462,0.38687145495623,4
B12,NC_035785.1_41726266,0.00433055652430969,0.0149739724411723,0.00837094647118749,0.0172944799810471,2.84352756488555,4
B12,NC_035785.1_41726355,0.0691460291229504,-0.0401521695993174,0.0138166865615779,0.0717641082563492,0.495354583751339,4
B12,NC_035785.1_41887866,0.00965440546629003,-0.00731971104759375,-0.0110049808311906,0.0113379106132729,0.372891923088216,4
B12,NC_035785.1_41888315,0.0847525716399191,-0.0437357692210431,0.00039817505800567,0.0552176924405278,0.364013179991766,4
B12,NC_035785.1_42154837,0.0223234756949907,-0.017395078563248,-0.0172754052429458,0.00528588595661064,0.89624638488997,4
B12,NC_035785.1_42154862,-0.000729095674451561,-0.00353140119719643,-0.0161973065796405,0.0192937412926376,0.178651978309555,4
B12,NC_035785.1_42465494,0.0410859901065691,0.030549344961927,-0.028608136991679,0.039208678322063,0.174391733516109,4
B12,NC_035785.1_42644701,-0.026845093190061,0.022506661047827,0.0329301817866152,-0.0325737208152462,-0.303643047335969,4
B12,NC_035785.1_42887232,0.0382791960091892,-0.0501763062518876,-0.0273435140440954,0.0487477348233162,1.18811102546342,4
B12,NC_035785.1_42958684,0.111430673560825,0.0112588748678451,-0.000466434356863374,0.0538831711104378,0.447330759732146,4
B12,NC_035785.1_42958689,0.0174028563805204,-0.0148330783797079,0.05950939116625,0.0371962738583806,0.23522281395625,4
B12,NC_035785.1_50780820,-0.100301014127823,0.107236223565007,0.141787099624583,-0.0153024217423913,-0.561408741770895,4
B12,NC_035786.1_765266,0.00900578596357359,-0.00927717150420856,0.0187739430296326,0.00560134404636811,1.63509564764601,4
B12,NC_035786.1_1015907,-0.129414609023446,-0.00686770386889476,0.0192488791062369,0.0964878225223053,-0.503494385616575,4
B12,NC_035786.1_1597848,0.0394637358184681,0.00708345384897568,-0.0089915198402704,-0.0026141767597858,2.92368522614257,4
B12,NC_035786.1_1597969,-0.0141509548172199,-0.00212666294220083,0.00276941211967351,0.00124453473418708,-1.66376817106582,4
B12,NC_035786.1_5273214,-0.0120632942397672,0.0698366676424549,0.0263110252656257,0.0813071034609936,-0.0886222938099754,4
B12,NC_035786.1_5283684,0.00152299887447168,0.0705122375629387,0.0548720048720049,0.0849367544220485,0.207520442286939,4
B12,NC_035786.1_5935569,-0.0180580095960255,-0.00579735495813972,0.0193113796442386,-0.0052522338517184,0.832028473961686,4
B12,NC_035786.1_10111871,-0.00190847855087428,0.0107847298368965,0.0246137894023804,0.0120926933894639,0.0534561851919196,4
B12,NC_035786.1_10115705,0.00764464388629482,-0.0691578321904731,-0.0145314713966731,0.045743526867391,0.0115346072440998,4
B12,NC_035786.1_13814910,0.0205758562594494,0.0215685053176375,0.0462709886631752,-0.0967612319939758,0.111320146198629,4
B12,NC_035786.1_14604113,-0.0178581655000476,0.0619315861407175,0.00606717541949081,0.00843029519500108,-1.0255835127406,4
B12,NC_035786.1_14967410,0.198723475395161,-0.004475237689011,-0.0568375360510225,0.0302924120355971,1.46254355472868,4
B12,NC_035786.1_15584186,0.0170407666374451,0.0114389735419549,-0.0068323746351922,0.0539927961808597,0.50888396271747,4
B12,NC_035786.1_15586029,-0.0157267058949577,0.0133712668174685,0.0187334629664973,0.0409686751554522,-1.53986959182802,4
B12,NC_035786.1_15586035,0.0682923849670089,-0.00859067361118991,-0.0106916411334739,0.0697603846610433,0.283137788320265,4
B12,NC_035786.1_15586041,0.0669238944046736,-0.00992622162403137,0.0108351558073667,0.0769479008730725,0.284145389073538,4
B12,NC_035786.1_15586306,0.00230651688560252,0.0246853485983921,0.0165602768343843,0.0556783192652758,-0.00932284553629603,4
B12,NC_035786.1_21103115,0.00173993742671535,0.0155559352927774,0.0324591967724188,0.071701430996847,0.748327071358889,4
B12,NC_035786.1_23800480,0.0971004441627645,-0.0351108915766072,0.00733492138947947,-0.0694805194805195,1.7818638770732,4
B12,NC_035786.1_23820822,0.002871712560694,0.0235248077591603,0.0125036804104418,0.00939426427231305,0.833624630104,4
B12,NC_035786.1_23820850,-0.012052108793518,0.0549649042536161,0.0153406891769096,0.0510371220166127,-0.0820636712955902,4
B12,NC_035786.1_24353418,0.108379858425799,0.0125656424042847,-0.0241870334420385,0.044930904272278,0.836079278696042,4
B12,NC_035786.1_25806147,0.0639874971392917,0.00694634751906259,0.0213391239073156,0.00356286379377431,0.268585214279808,4
B12,NC_035786.1_26415882,0.00280347871935412,-0.0111635425957941,-0.0768738186940168,0.0246688906162284,0.0931421583864962,4
B12,NC_035786.1_27708420,0.000429602446114366,0.0213106547277627,0.0117753812954695,0.0421611753183695,-0.270338119437156,4
B12,NC_035786.1_28308817,-0.0253276401577527,0.0208279810941597,0.0280642585553977,-0.0231629106525663,-0.357314147399245,4
B12,NC_035786.1_28393598,0.0507072076905248,-0.0348466427843375,-0.0379552209142054,0.0474520291393499,0.666677296650209,4
B12,NC_035786.1_28393679,0.0314697070345783,-0.00700384890858182,-0.000949598199393024,0.0012178830070697,0.576702196145201,4
B12,NC_035786.1_29259557,0.00767105168006521,0.10515417487031,0.0301484837887924,0.0102871510897433,0.0293666632435978,4
B12,NC_035786.1_30617381,0.0250208577931686,0.00460261950472728,-0.0112576602064416,0.07091989719426,1.85145945138727,4
B12,NC_035786.1_30617458,0.00255102040816327,-0.0204081632653061,-0.00255102040816327,0.0750956632653061,0.0361453072027769,4
B12,NC_035786.1_33113482,-0.00252752857310439,0.00406062542326404,-0.0137553139306002,0.0107011079669249,-0.121442902254673,4
B12,NC_035786.1_33783519,-0.0257380329825344,0.024407973659904,0.017000710319154,0.00284230380957441,0.021716750642756,4
B12,NC_035786.1_33783520,-0.0294861410999853,0.0247007440450136,0.0162235234701334,0.0131065744226822,-0.0394914823111499,4
B12,NC_035786.1_33783538,0.0114018291121715,0.0145711358313817,0.0171981588628165,0.0084554359084253,0.0250974297593549,4
B12,NC_035786.1_34473227,-0.0301917792267953,-0.00280813943197696,-0.0132758915645622,0.0660947987862813,-0.306866546868162,4
B12,NC_035786.1_34652566,0.0119463202268367,0.00719311563359369,0.00808568735332915,0.00894904577068969,0.0085917486618361,4
B12,NC_035786.1_34652896,-0.0121603088513757,0.00347472513952118,-0.0440471933925528,0.0676965474762765,-0.064209923337016,4
B12,NC_035786.1_34673724,0.101371018042785,-0.027532116504521,0.084184808299897,-0.0398542625485248,0.406720436106805,4
B12,NC_035786.1_34673727,0.104442199601985,0.0325390598035015,-0.0916377600223177,0.0889558320359109,0.442881158284989,4
B12,NC_035786.1_34673730,0.0830355219478216,0.0442523571937276,-0.0742176051418472,0.0859201467186026,0.350022121334375,4
B12,NC_035786.1_34674260,-0.00879094461302694,-0.0352362556400722,0.0052823258262792,0.00344963947845606,0.611397972154083,4
B12,NC_035786.1_35090522,0.388636952295064,-0.103816166571846,-0.0305990879249753,-0.0735452760691901,1.63142367096083,4
B12,NC_035786.1_35090571,0.103700004929062,0.00696175034079006,-0.0386053632808965,0.0395065541920306,1.98342620240782,4
B12,NC_035786.1_35497348,0.0131471742289066,0.0372401469175421,-0.00230795419414346,0.00891966277490463,0.309037088823618,4
B12,NC_035786.1_37005973,0.0610846211949153,0.0157586641961642,0.0257581241956242,0.0404964545589546,0.571300867703432,4
B12,NC_035786.1_37006210,0.0294981359198626,0.0349003753159177,-0.0182511573132151,0.00188626646830982,0.150291131072626,4
B12,NC_035786.1_37006246,-0.020250687341188,0.0174712752926378,-0.0111605707593982,0.0116168369460743,-0.308735966447775,4
B12,NC_035786.1_42413936,0.122175135537622,-0.0584372223086157,0.00353595892347239,0.0625511639225573,1.90080960201918,4
B12,NC_035786.1_42413939,0.140322723807714,-0.0616806615599187,-0.00705393373766166,0.0740838069377476,2.02028578556267,4
B12,NC_035786.1_42414078,0.0613495977394843,0.0396808502558245,-0.0614133102214306,0.0204191557573142,0.2794196807291,4
B12,NC_035786.1_42509509,0.00311725246875939,0.000785930505126108,0.0238805489764569,-0.028763437401905,-0.654536070456232,4
B12,NC_035786.1_42514269,-0.101685538890717,0.150699317116086,0.0329420430618193,0.105383678835331,-0.441788221066693,4
B12,NC_035786.1_42662557,0.143168743009293,-0.0494187614029801,-0.0529610079188291,0.0887897234630178,0.841071143881819,4
B12,NC_035786.1_42662575,0.0919622552226402,-0.00862825574204312,0.00207839009659029,0.0640933963437383,0.593751144893573,4
B12,NC_035786.1_42662590,0.222981603488869,-0.0519562225058607,-0.113343696760982,0.115590586507872,0.984852832959724,4
B12,NC_035786.1_42935225,0.0324958550178667,-0.00965272597567061,-0.00603568048754904,0.0942414333513274,0.131212995035861,4
B12,NC_035786.1_46333460,-0.0198465450536816,-0.0409708189991648,0.0189783481504632,0.05208537648469,-2.16615493775739,4
B12,NC_035786.1_47615777,0.0139483051026966,0.0438983837957629,0.0206078992749364,0.0414839256936895,0.078286144790407,4
B12,NC_035786.1_47765915,0.0373065111546115,-0.00444395439799851,-0.00996167139684608,-0.00190428327763854,0.519364343829754,4
B12,NC_035786.1_50867314,0.107868417380155,-0.0370777723915683,-0.0474098552794566,0.0630144887412329,3.60367804863617,4
B12,NC_035786.1_51598120,-0.00674971590517332,0.00330239102927702,0.0294872297141157,-0.0243392245661106,-0.854294241284692,4
B12,NC_035786.1_51965296,-0.00864534027128013,0.043877766575135,0.0079269118742803,0.0869865080391396,-0.0399691915962818,4
B12,NC_035786.1_52413113,0.0147598854685616,-2.88404291280608e-05,-0.00260413646935205,0.00474427533595572,0.941820714291352,4
B12,NC_035786.1_55140873,0.0039492925725313,-0.000652797334802121,-0.000315160227197642,-0.000922533185036776,0.666814019863155,4
B12,NC_035786.1_55140975,-0.0454879562781334,0.00550797367051676,0.0350028444501796,-0.00999051661423396,-0.551672014271386,4
B12,NC_035786.1_56028054,0.0514821335394307,-0.00413326257397253,-0.0929388343121294,0.0700609697320224,0.24130979333661,4
B12,NC_035786.1_56163839,0.0535326910503647,-0.0192524937205788,0.0172529824268411,0.0165468660149511,4.01619597903674,4
B12,NC_035786.1_56350539,0.0137123015753668,0.0165893462071772,-0.0101073970018204,0.00562801063340729,1.56646829942525,4
B12,NC_035786.1_56536658,0.0770371528207719,0.00416176343413292,-0.0148185797235204,0.0134945891904641,2.13769561281212,4
B12,NC_035786.1_56536704,-0.0134069724812179,0.0693560694757685,0.0780661396985247,0.0363049095607235,0.0362300319197365,3
B12,NC_035787.1_656764,-0.0397470727913492,0.0891247512141793,-0.00953420230469978,0.0829773913825638,-0.182718353685443,4
B12,NC_035787.1_657217,-0.0201071937239028,0.0531183081357164,0.00137178261384943,0.0106958869490232,-0.349698223020964,4
B12,NC_035787.1_1134139,0.136453112051784,-0.0587550753050544,-0.0292827398556753,0.014370498312999,1.29655745669255,4
B12,NC_035787.1_6499970,0.00745243695034192,-0.0395571629451381,-0.0351095020475993,0.0135409251970051,0.846735884432094,4
B12,NC_035787.1_6500110,0.0232204585278446,-0.0120165829576206,0.0168543010388795,0.008841386068135,0.652490693306168,4
B12,NC_035787.1_6500240,0.00492346188011683,0.00846422502177411,0.000731305811941993,0.0223618333758402,0.716162407519861,4
B12,NC_035787.1_8618571,0.0443939021208066,-0.0679861617368044,-0.147722401271637,0.104837844348093,0.194386432450009,4
B12,NC_035787.1_8817228,0.0396131402883305,-0.012427872750931,-0.00797080204386033,0.0209981621106941,1.00187066945884,4
B12,NC_035787.1_8817378,0.0545174847988568,0.023534604723821,-0.000822335845555664,0.0417762931860676,1.5420598619096,4
B12,NC_035787.1_8839718,0.0188520478894425,-0.00329862200598885,0.0146183791410167,-0.0164414535968449,1.07632355080334,4
B12,NC_035787.1_9929496,-0.0705746659371241,0.0379760830794491,0.0445371590052791,-0.0526366265875053,-4.11189806882189,4
B12,NC_035787.1_9944691,-0.0950273980405273,-0.00766960096540842,0.0157099613981147,0.0339760946903804,-0.551481569470626,4
B12,NC_035787.1_9955349,0.0310014672486755,0.0456402738267956,0.000403282410697183,0.0219110962151973,0.213865561469902,4
B12,NC_035787.1_10000773,0.0469115911728994,0.0383107717046011,0.00300561255069532,0.0490639150121909,0.362692869875231,4
B12,NC_035787.1_10000905,0.089023426932538,-0.0341738064049514,-0.025934758048569,0.028933663118844,1.27786240020554,4
B12,NC_035787.1_10029399,-0.000420690563612517,-0.00122991044043676,0.0269220104859851,-0.0264855687606112,-0.792655609921018,4
B12,NC_035787.1_10606095,0.0419584186157309,-0.0827060462980298,-0.0401893047669722,0.0963456139672028,0.168142926089151,4
B12,NC_035787.1_11401218,0.0162587741032719,0.0317926323442222,-0.0118255805295054,0.0510231629715731,0.278395918751894,4
B12,NC_035787.1_11890687,0.0363208501373332,-0.0577742892080321,-0.0631998759928562,0.0932362352421935,0.163851509581519,4
B12,NC_035787.1_12357260,0.0488008750508751,0.019023199023199,-0.00884615384615385,0.00243589743589744,2.05579914738408,4
B12,NC_035787.1_14247357,-0.0146894720436377,0.0595970358734513,0.0380199903455717,-0.00538953600459109,-1.05603843914226,4
B12,NC_035787.1_14263970,0.0205605786272431,-0.035290681815512,-0.0693647514174215,0.0156076459911505,0.23099316708668,4
B12,NC_035787.1_14532660,0.0518147197928977,-0.00651333393661771,-0.0123719209545375,0.0158639349156591,1.14807755069047,4
B12,NC_035787.1_15187975,0.00598831517561329,0.0283713727555032,0.0372783938686842,0.0737310830866762,-0.691163254002909,4
B12,NC_035787.1_16259197,-0.0126659064721586,0.0144771619918355,0.0557202676657192,0.00854148602681251,-0.211423597560034,4
B12,NC_035787.1_18372881,9.70536537062304e-05,0.033338352403651,-0.0113528974686375,0.0112004584442473,0.806245816060643,4
B12,NC_035787.1_18405662,-0.0482900951784157,0.0486825573782096,0.0231040564373898,-0.0732142857142857,-1.94302836323835,3
B12,NC_035787.1_19267748,0.117214082788323,-0.00101113810755562,0.0217076405906373,0.0536893078909886,0.500011095533319,4
B12,NC_035787.1_19782671,-0.0947286820733278,0.0998404906066825,0.0629900608524274,-0.0658325097387597,-1.34282224614477,4
B12,NC_035787.1_19901194,-0.0291775049709857,0.00498721619180305,0.0448545625332486,0.00147566846875602,-0.556510946494361,4
B12,NC_035787.1_19901357,0.0384823817552176,0.0176190943986348,0.000504988862398127,0.0582413754360101,0.70202680172723,4
B12,NC_035787.1_20481419,-0.0297742782672576,0.105541748198482,0.0747802691261109,0.0305055269677911,-0.129375242991361,4
B12,NC_035787.1_20481623,0.0399376663822381,0.056899908552351,0.0244522467206645,0.044510809785217,0.159042783349203,4
B12,NC_035787.1_22191159,0.0670296078023342,-0.0094098146455692,-0.00776372547800774,0.0589878101282972,0.480717459546792,4
B12,NC_035787.1_22191171,0.0604172865303828,-0.0111950258609425,0.0019869006260887,0.0543678313309801,0.471770230843649,4
B12,NC_035787.1_22191192,0.0746519848431625,0.00305223185258266,-0.0219035508612569,0.030988686744338,0.675340889021856,4
B12,NC_035787.1_22191223,0.0592041763773416,-0.0228238943389152,-0.071226868295501,0.117482740952053,0.253786314118675,4
B12,NC_035787.1_22191623,0.0948006244993342,-0.00710169647796423,0.0255296783597932,-0.0429457903718312,0.755729782741192,4
B12,NC_035787.1_22191764,-0.00709511818138964,0.00428501686813707,0.0324330081683023,-0.0284209837781266,-0.636473664225372,4
B12,NC_035787.1_22192058,0.0197511866331981,-0.00601218999649379,0.0170043919560941,0.0326885028015873,0.932186318615165,4
B12,NC_035787.1_22234992,-0.0215223157916567,0.00843481323020965,-0.0173694529055117,-0.00404744090805472,-0.987523868611593,4
B12,NC_035787.1_24922158,-0.0178576052029748,-0.023889172719965,0.00117858992858993,0.0276640026640027,0.604431684272944,4
B12,NC_035787.1_25026187,0.0282211006354233,-0.0266779060023411,-0.00808827536100264,0.0093540694919653,2.25476086201666,4
B12,NC_035787.1_28205674,0.131007198909889,0.0536615831426142,-0.0153400693267803,0.0180051819918929,0.561357708052713,4
B12,NC_035787.1_28410679,0.0482283175439669,-0.0109566917877669,0.0210555993417105,-0.0332565292803165,0.251430130469106,4
B12,NC_035787.1_28411252,-0.00410123432633765,0.0167217489358484,0.0730245308254011,-0.0112937678501517,-0.319084349226586,4
B12,NC_035787.1_28700408,0.0883018235001708,-0.0333320326762582,-0.012095938337919,-0.0070246165526083,1.61000381931801,4
B12,NC_035787.1_28916009,0.00650588787193048,0.00850831257627664,-8.79026972168311e-05,-0.00198391005210907,0.156862112945731,4
B12,NC_035787.1_32664294,-0.046753584233651,0.0628089454405244,0.0631297486634075,0.0457346028120676,-0.198002422490658,4
B12,NC_035787.1_33641473,0.00307444413774561,0.000701028751739885,0.0088878942051383,0.00863746430761996,-0.0264006387196535,4
B12,NC_035787.1_34095653,-0.0275399292003653,-0.0252242536287131,0.012646038059298,0.0614410045147713,0.538984569451209,4
B12,NC_035787.1_34516526,-0.120832120983517,0.138616545245771,0.0509770930430648,0.0550175704490451,-0.610777013918485,4
B12,NC_035787.1_35488282,-0.0952966463009046,0.0465685702404828,0.0206575521395658,0.0254786773413765,-0.734959495944761,4
B12,NC_035787.1_35676997,0.0200038421545517,0.0579466526643946,0.0555072238136754,0.0981867972190552,0.139940903742331,4
B12,NC_035787.1_36181201,0.151457283099159,-0.100690076051464,0.025011585365186,0.0366597231778087,0.70879972230505,4
B12,NC_035787.1_37329124,-0.0204739953744827,0.104424637979619,0.0603136723732954,0.019655076106689,-0.173463095011545,4
B12,NC_035787.1_37329159,-0.0106724832564506,0.112337425010566,0.0743435736238578,0.0149609943571808,-0.0605778127356985,4
B12,NC_035787.1_37822071,0.0152204906702224,0.0509006475275287,0.00311923412111528,0.00681908372161433,0.957816135959948,4
B12,NC_035787.1_39430869,0.0692809034180047,0.00494292875377526,-0.0154391197038256,0.00418037844508433,3.54739821003012,4
B12,NC_035787.1_39969345,0.0119467353473583,0.0357698468435326,0.0208171418175847,0.021415034367559,1.19058256360556,4
B12,NC_035787.1_40967775,-0.00962956697137843,-0.00252031842210333,-0.0400400012924239,-0.00174661131143969,-0.948091324405078,4
B12,NC_035787.1_43893514,-0.0385481970875411,0.00113514488775486,0.0192076380194206,0.0138770055445274,-3.11487595394569,4
B12,NC_035787.1_45439801,0.0261531955118857,-0.00638773971861553,0.0499974378836632,0.0520819894674373,0.113498380587389,4
B12,NC_035787.1_46096349,0.091277439818287,0.0107299026456635,-0.00785277251404655,0.0958983649201041,0.40154734095471,4
B12,NC_035787.1_46984560,-0.0761833552054873,0.137622330086179,0.131241926104575,0.00465678288258935,-0.383846708607208,4
B12,NC_035787.1_48085515,0.0489489472231071,0.0724993193005168,0.0709992821654407,0.0711543424958059,0.281290189042263,4
B12,NC_035787.1_48307626,-0.0216521643340294,-0.0984552644690516,0.0589320123972815,0.0152375680222989,-0.0948670884090161,4
B12,NC_035787.1_48307692,0.0233210241051619,-0.0738369083340091,-0.0646450965797668,0.0572081204552213,0.112260022828394,4
B12,NC_035787.1_51049876,0.0370938084347339,-0.0195510890375606,-0.0412524591892301,0.00630401994731263,0.268224415905402,4
B12,NC_035787.1_51050663,-0.0225699239730906,-0.0265809246264876,-0.0050226054608077,-0.0023277806395784,-0.191326723964057,4
B12,NC_035787.1_51481967,-0.0371851002367184,0.0354906750177146,0.0246692909450144,-0.00925525565530488,-0.500514565088474,4
B12,NC_035787.1_51482234,0.0299922279076891,0.00980175451079399,0.00613807067313447,0.0460826080759672,0.00847757405018448,4
B12,NC_035787.1_52126843,0.0793427269262156,-0.0365337277888418,0.0263334461095973,0.0104811789668654,2.17928853921729,4
B12,NC_035787.1_52765537,-0.0459727861618825,0.0549636402785345,0.0562144549258019,0.0238641577328897,-0.527091680261832,4
B12,NC_035787.1_53041572,0.0410693324936209,0.0129036582368799,0.0152280563409533,0.0122434088649151,0.985188037599275,4
B12,NC_035787.1_54211729,0.0299818239710633,-0.00129328879898875,-0.0271716845246257,0.126068376068376,0.11866081100335,3
B12,NC_035787.1_54211763,0.0285827804919677,0.0053651573632392,-0.055195141867936,0.0264325951825952,0.582371457882099,4
B12,NC_035787.1_54230605,0.0379943875451789,-0.0567794944660272,-0.0310204116346702,0.0486397024410084,0.563812647063107,4
B12,NC_035787.1_54243623,0.0586223717870038,-0.00953518868702545,-0.00199946975781708,-0.00573090010847512,0.235943834747593,4
B12,NC_035787.1_54614063,-0.106840688874609,0.083297154562218,0.115245335754298,-0.0457099575212394,-0.460431594937836,4
B12,NC_035787.1_55250870,0.114982175596948,0.00505103015054364,-0.0369973164090811,0.0138641995259642,1.40991989711586,4
B12,NC_035787.1_55267555,0.069975523084125,-0.00715494435322021,-0.046417322025924,0.0577516538716457,5.07188246707399,4
B12,NC_035787.1_55268196,0.000149618600865049,0.00636574074074074,0.016602809706258,-0.0134680134680135,0.7628255311772,4
B12,NC_035787.1_57619676,0.00352898561423668,-0.0366099560574776,0.00882697226468051,-0.0430968263077906,0.0955410206025107,4
B12,NC_035787.1_57636089,-0.0127000247060552,0.000842426387952858,-0.0367491233822955,0.107994346167503,-0.049192822635037,4
B12,NC_035787.1_57636115,-0.0201324705903285,0.0397394305970964,0.0325954495481045,0.070786089370901,-0.0456433452611978,4
B12,NC_035787.1_58055638,0.0512645208999147,0.0220535644985869,0.0114768177742561,0.0542900725362448,2.17738863673198,4
B12,NC_035787.1_59144810,0.0548430810261168,-0.0201020408163265,-0.00201965445269017,0.0198937074829932,2.36138428899363,4
B12,NC_035787.1_59150603,-0.0467232834965694,0.0505009895658814,0.0511948465439407,-0.0679083461341526,-0.473064051876792,4
B12,NC_035787.1_59770808,-0.00422891726353419,0.0213263303803026,0.0153681601144363,0.00908650313000513,-0.500609982493212,4
B12,NC_035787.1_60213897,-0.0361788771634064,0.0433496409134303,0.0142238282807809,0.00603656733591081,-0.238071511978281,4
B12,NC_035787.1_60213898,-0.0584028766924689,0.0455904990094772,0.067199536798788,0.048697082145642,-0.255670407408672,4
B12,NC_035787.1_61830084,-0.103805583951065,0.0613471430228377,0.0642707740504608,-0.0548552030406869,-0.623993693949619,4
B12,NC_035787.1_62935357,0.0139094214146268,0.0191100569147314,0.0200630351197636,0.0276568122821157,0.201018475284122,4
B12,NC_035787.1_63139123,-0.0575069459297755,0.0451379532577159,-0.0153249581586277,0.0392103175908621,-0.489643569183948,4
B12,NC_035787.1_63761259,0.0543332227747846,-0.0196122740879774,-0.0198435414330283,0.0249262837498132,4.69315913992575,4
B12,NC_035787.1_64195530,-0.0407646574426569,0.0780949123132344,0.0268082612408664,0.0562599848250318,-0.173210843095806,4
B12,NC_035787.1_64196345,0.0261697934819606,0.00506662670968967,0.0130148576385351,0.0644658824095867,0.110087633410997,4
B12,NC_035787.1_64196374,0.0110257686873021,-0.0245709808987069,-0.0273173976002045,0.0728089289550891,0.050274193094015,4
B12,NC_035787.1_64196407,0.00644906215811235,0.0282053208634839,0.00164606250815603,0.0327105772346252,0.35705201933601,4
B12,NC_035787.1_64196513,0.0119943076462079,-0.0370478053623566,-0.051358720182625,0.0170793690696357,0.0472328793010102,4
B12,NC_035787.1_64363708,-0.0233614584998945,0.0159335758279541,0.0392516432039048,-0.020288232749297,-0.74312577084153,4
B12,NC_035787.1_64363721,0.0250607032372064,-0.0452017626683365,-0.0104518910153737,-0.00321558283522999,-0.723727752802729,4
B12,NC_035787.1_64894638,0.0378652311602903,-0.0393112762952008,0.0819916020103829,0.147898955801371,0.181446639754082,4
B12,NC_035787.1_67522500,0.0317653254328627,-0.0283484394717509,-0.0525879843297734,0.117464403763031,0.102979107982377,4
B12,NC_035787.1_67522506,0.0151946609131127,-0.0202113833211394,-0.0502832821430383,0.0981999488097049,-0.749576087142258,4
B12,NC_035787.1_70567754,0.0963001736056963,-0.0280170522140576,-0.00978724505331546,0.00824042190567314,1.3269673541048,4
B12,NC_035787.1_72489835,0.00601070619759995,0.0300265520214369,0.0713932335864549,-0.0138528138528139,-0.911382283903062,4
B12,NC_035787.1_72558830,-0.00641519688286144,-0.0571768063342634,0.00923353751036736,0.0510500333116461,-0.0245609105661259,4
B12,NC_035787.1_72558932,0.00480701214222119,0.0416812868343682,0.0452928068932567,0.00878737218692241,0.708684269812579,4
B12,NC_035787.1_72560357,-0.0297911910658112,0.00500360107653235,0.019161234951052,-0.00505561172901921,-1.53064623490366,4
B12,NC_035787.1_72575913,0.0581867898146968,-0.0239583333333333,0.0274281274281274,0.0128623188405797,2.70768531219365,3
B12,NC_035787.1_74828421,-0.0400748400994703,-0.0090629007861943,0.0242297444394379,0.0575693990057384,-1.40695239723114,4
B12,NC_035787.1_74828474,0.098210438416877,-0.00892857142857143,0.0109179175355646,0.100770308123249,0.531463111693545,4
B12,NC_035787.1_75073430,-0.118606532071869,0.0359202174459527,0.0731173652241217,-0.0158547794117647,-5.23499994505344,4
B12,NC_035787.1_75074263,0.0307565424902134,-0.128440584328996,-0.0492173743832386,0.0520672171505342,0.150468791548382,4
B12,NC_035788.1_590413,0.0379658479099318,0.0215837553653731,-0.000194037336422317,0.0103565248865583,0.690676491033903,4
B12,NC_035788.1_748597,-0.07169348491638,0.0994500115953205,0.0318655127608217,0.0488253241800153,-0.727500276629788,4
B12,NC_035788.1_1888013,-0.0135824845608673,0.00664097724168623,0.0318437826062563,-0.0405879469386559,-1.3240690557274,4
B12,NC_035788.1_2002055,0.084280661815589,-0.0180701390705101,0.0183885572719072,0.0660486721653222,0.373430700862629,4
B12,NC_035788.1_2002059,0.0742552180972532,-0.00951414425300086,0.0259916579665369,0.0667971090359657,0.339320854090124,4
B12,NC_035788.1_2003144,0.0624620456074016,0.0100147386929299,-0.00799190324284434,0.0440592862180234,0.400715199578177,4
B12,NC_035788.1_2003150,0.064506579851895,0.00604728457531042,-0.00973625066646657,0.0596760951321574,0.405562922882273,4
B12,NC_035788.1_2961894,0.0140614469592266,-0.0024827516577545,0.00789983619419168,0.0129452243180515,1.6885963831309,4
B12,NC_035788.1_3532959,-0.00837057309228886,0.0496896965146967,-0.00736227685224486,0.056675535660923,-0.177081905874569,4
B12,NC_035788.1_3970028,0.0605035802336281,0.0139973174332958,-0.0197369469308629,0.0564387867014543,0.389602892237964,4
B12,NC_035788.1_4834595,-0.0679025519301117,0.0435954416986317,0.102245877386742,-0.0891587194466427,-2.53137213562533,4
B12,NC_035788.1_7098911,0.0355926470429169,-0.0396026600049589,-0.0198238128285233,0.0158249979771632,1.61140978778365,4
B12,NC_035788.1_7098929,-0.0236427992337721,-0.0310079118998303,0.00823997277187943,-0.0231102554954414,-0.236783276495527,4
B12,NC_035788.1_7099542,0.00454224388400874,0.034933464219219,0.0130540147048969,0.088356693690287,-0.148961017248872,4
B12,NC_035788.1_11853057,0.149498340746503,0.0347445466750927,-0.0148339827787033,-0.0124769287559985,0.720984053846067,4
B12,NC_035788.1_12056720,-0.0305067685961359,0.0140254609306409,0.0287784679089027,-0.00423728813559322,-2.63718226837333,4
B12,NC_035788.1_12087462,0.00501032854181938,0.00785597250855547,0.00674693754186436,-0.0228995121375333,0.225125563857299,4
B12,NC_035788.1_12147829,0.10457283130712,-0.0851375247122898,-0.0587723805697075,0.0622328700351221,0.455099709265137,4
B12,NC_035788.1_12147830,-0.0298513868144379,0.00183776682553231,0.0608631427997731,0.0217295006307785,-0.125607949910936,4
B12,NC_035788.1_15527907,0.0717739927694554,-0.00500999711526029,-0.00642411743783697,0.11042651042651,0.319666584000092,4
B12,NC_035788.1_15686347,0.0905331272100102,0.0171931206559892,0.0343636072294609,0.0190634399475863,0.323346321583343,4
B12,NC_035788.1_15813895,0.0396644005121786,-0.0312083261027909,-0.0267611563092463,0.0166413227628393,2.08385526734927,4
B12,NC_035788.1_15855575,0.213270089545526,-0.00727932624374361,-0.0136988187280219,-0.0575751842120295,0.87994869074519,4
B12,NC_035788.1_16028129,0.137789365593079,0.00526766170821048,0.0631840418353576,-0.0378605769230769,3.93513337854342,4
B12,NC_035788.1_17567028,-0.0146349499280567,0.0241468060211124,0.0193585790414461,0.00408464813952619,0.102681347735859,4
B12,NC_035788.1_18784479,-0.0554146747054939,0.0868460082970009,0.031883049554433,-0.0472226949407182,-0.282501560403277,4
B12,NC_035788.1_18830593,0.00226271944277022,0.0124408245516257,0.00617344842605366,0.011863505058896,-0.0707480997274372,4
B12,NC_035788.1_18830594,-0.0281772400338523,0.0576336100538316,0.0307217109345068,0.0258940735221118,-0.138939663112209,4
B12,NC_035788.1_18925578,-0.0246929294789635,0.0285850853813655,0.0682932442205826,0.00235407356122597,-0.413676032205985,4
B12,NC_035788.1_19041106,0.0277766432232093,-0.0461721224989812,-0.010181086572229,0.0200250661510644,0.167226433253537,4
B12,NC_035788.1_19041220,0.00089215027593062,0.0524011528477592,0.0193927669986824,0.0256633627571304,0.00673578036653376,4
B12,NC_035788.1_19041701,-0.00191970287326701,-0.0245840959606198,-0.0298417888241954,0.0813661403017365,-0.0128759249429996,4
B12,NC_035788.1_21654278,-0.0464193176749399,0.147490882985636,0.0308091264613004,-0.0327639751552795,-1.41856685257617,4
B12,NC_035788.1_26615364,-0.0151907550796344,-0.0493777307100496,-0.0300519007742269,0.0414245143357805,-0.0719444557153641,4
B12,NC_035788.1_26616199,-0.0229229662280742,0.117456684521902,0.0597036616826722,0.0226699681047507,-0.109942765293582,4
B12,NC_035788.1_28900353,-0.0414793973793278,0.000674293538255634,0.0974513525180508,0.0967763703706404,-0.420482797336867,4
B12,NC_035788.1_28933569,-0.0104432672214996,0.0173063255152807,0.0204996392496393,0.00216450216450216,-0.403861109572495,4
B12,NC_035788.1_30305388,0.00128930749411711,-0.0115978070872398,0.0371370957530721,0.0140804597701149,-1.05362250611479,4
B12,NC_035788.1_30305590,-0.0691853629711794,0.0722442435943591,0.00539536204989526,-0.0164262482761516,-0.287168152994636,4
B12,NC_035788.1_30305602,-0.100394818511287,0.0783986077840572,0.0693086960795296,-0.045219231185648,-0.409218319770252,4
B12,NC_035788.1_31253210,-0.029458042685811,0.016002931895932,0.0259096930029609,0.00259009009009009,-3.27956137723777,4
B12,NC_035788.1_31477309,0.150768500694144,-0.00756722128572665,-0.0656136630146728,0.100858404987869,0.643799839056868,4
B12,NC_035788.1_31477330,0.0776980676310589,0.00972346962731792,0.00127002443736006,0.0783237501151692,0.304449263558456,4
B12,NC_035788.1_35154111,-0.0447392259595667,-0.0126653907968069,0.0107104427753411,-0.0191850126218383,-2.08544102625831,4
B12,NC_035788.1_35386255,0.014007754083337,0.00802516433808073,0.00678214586751011,0.0435059215401225,-0.668623008816456,4
B12,NC_035788.1_35386257,0.0253917565650318,0.00249143278447089,-0.037124100765144,0.0293198679609112,1.05322293061784,4
B12,NC_035788.1_36642552,0.00816916813039055,-0.00096889137280634,0.0109872470217723,0.00910296829674861,1.87444377940323,4
B12,NC_035788.1_36884723,0.0658704970010507,-0.0143377741777704,-0.0350114529606015,0.045806098253517,1.0051138831243,4
B12,NC_035788.1_36884749,0.0330981601844136,-0.0280148281811779,-0.0539402032209856,0.06976401179941,0.420754664558874,4
B12,NC_035788.1_36960406,0.0671492897792214,-0.0437412132762838,-0.0496087347406843,0.0606307621993012,0.466936899022044,4
B12,NC_035788.1_36960417,-0.00751744132700118,0.0102815667333982,0.0158721881994062,0.0619387016858857,-0.210998151412027,4
B12,NC_035788.1_36960749,-0.0472577273419336,0.0308316608548369,0.0403581189402388,0.0628812725944048,-0.238656097126968,4
B12,NC_035788.1_36960786,-0.0298494833559145,0.0403978911751457,0.0260716182158536,-0.0472066988030234,-0.380591760378394,4
B12,NC_035788.1_40488544,0.00731329998620062,0.0152497949022948,-4.89168651835901e-05,0.0182624878277744,0.587372792146411,4
B12,NC_035788.1_40497598,-0.0413252642792815,0.0129636366085301,0.0083177869266923,0.0013520205476286,-1.12851214131965,4
B12,NC_035788.1_40539104,-0.0383534970276963,-0.0212664640324215,0.0260252406973718,0.003495670995671,-0.00712630091318256,4
B12,NC_035788.1_41317693,0.00713065975711604,0.00575465862848958,-0.00199205262155539,0.0143426993936831,0.869327236533238,4
B12,NC_035788.1_43536069,0.00569017252323608,0.0139623197595623,0.0058701168495141,-0.025345997809907,-0.133284539122256,4
B12,NC_035788.1_46325364,-0.00593176596168573,-0.0088377950401554,-0.00399047766700584,0.034473174542364,-0.0183025239791,4
B12,NC_035788.1_46379793,-0.0973084403128576,0.0647437441075549,0.133371009989558,0.0305879169849758,-0.460335887414892,4
B12,NC_035788.1_46381431,0.0532297266250092,-0.00336433086281697,-0.000900520277551463,0.0631926166960249,0.327354345591768,4
B12,NC_035788.1_46381597,0.114178175233118,-0.0773930756313411,-0.101136662751238,0.0437578650783223,1.00355571706771,4
B12,NC_035788.1_46437664,0.0580563712450553,-0.00930436136998768,-0.00139390885648064,0.0294801342755307,1.63213170005514,4
B12,NC_035788.1_47644283,-0.0452914938709091,0.0404753828149207,0.0665119926562313,0.0476170490369097,-0.440652042920409,4
B12,NC_035788.1_47922343,0.014913146963016,0.0142797350833263,-0.00918666742658232,0.00806172009779104,0.756894559327012,4
B12,NC_035788.1_47932213,0.0130541940222123,-0.00105836155984595,0.00435063721258309,0.0118249586309849,0.46650361814314,4
B12,NC_035788.1_47934877,0.00569319993654977,0.00291607943726826,0.00393536294381499,-0.0122896712556208,0.085187094480564,4
B12,NC_035788.1_47946178,0.00991190213254416,-0.00199983563540262,0.018762503954352,0.013124965718832,0.152312302410937,4
B12,NC_035788.1_48360648,-0.0260927427461175,-0.00647544911198146,-0.0035697538775191,0.0271987975792324,-0.294427634596478,4
B12,NC_035788.1_51358365,-0.0554202325597658,0.0145955282912157,-0.0195459776852903,-0.0242668558386281,-0.261256158212776,4
B12,NC_035788.1_51358423,0.0673699275985462,-0.013829241176241,-0.0172607410940711,-0.0282536354202505,0.376818302500004,4
B12,NC_035788.1_51358554,-0.0315739408104423,0.0449344407015306,0.0153682237037873,0.0140401424261091,-0.254438870899927,4
B12,NC_035788.1_51978213,-0.0308916403110866,0.0326841153043743,0.0166233593192857,0.0193830787309048,-3.48975091406796,4
B12,NC_035788.1_52032457,0.0375347439051908,0.0984982803725395,-0.00336152599083633,0.0210033154098912,0.0699193476247137,3
B12,NC_035788.1_53147481,6.49169418502904e-05,-0.0623496136563909,-0.038041352557943,0.061373093280988,0.000955063194514369,4
B12,NC_035788.1_53311540,0.0536129228338279,0.000999756497305138,-0.024390243902439,0.0145863223338116,2.56943579733577,4
B12,NC_035788.1_54209813,-0.00184038812151879,0.0127982719899705,0.0188164077669298,-0.0050314314757797,-0.354274392874277,4
B12,NC_035788.1_54209832,0.026759384342938,-0.0378896151765653,-0.0267442247470886,0.0138400416033898,0.0905126160751739,4
B12,NC_035788.1_56152259,-0.10137229441377,0.0152927298813219,0.0396820011814701,-0.052687656567308,-0.581178466599335,4
B12,NC_035788.1_56428112,-0.013340521050582,0.00971210599624465,0.0246987962022546,0.0096200018468926,-1.93725065273027,4
B12,NC_035788.1_56428146,-0.0461794820944163,0.0607441864720657,0.0456295431878095,-0.0219417917032753,-0.208886756641493,4
B12,NC_035788.1_56545153,-0.0556156194725148,0.0452863406399018,0.0578148537253928,0.0231404291514238,-0.444014066786938,4
B12,NC_035788.1_56585377,0.0331560883850016,0.0498880473692302,-0.0216065674985986,-0.0749334176180888,0.396250478962024,4
B12,NC_035788.1_56586292,0.07780131783259,-0.0866175185109009,-0.0503905610882913,-0.0122996357633963,0.322022182153223,4
B12,NC_035788.1_57268445,-0.00308778769053063,0.0364724611847374,0.0574367668621701,0.107900432900433,-0.0184507392226774,4
B12,NC_035788.1_57324025,-0.0396897766768234,0.0235134568514287,-0.0110636796124412,-0.00330848891670405,-0.391737782914827,4
B12,NC_035788.1_59020877,0.00969034644322435,-0.0339451707391907,-0.00269926152279093,0.0649891774891775,-0.520557706936814,4
B12,NC_035788.1_60343824,0.152537067206565,-0.0353488519449197,-0.0830517831252445,0.0853176909762588,1.30948029212005,4
B12,NC_035788.1_60437307,0.0555566081421892,0.00718015016973732,0.0690044788875317,0.0384606934418965,0.264650011192608,4
B12,NC_035788.1_60476810,0.0940138935208166,-0.0397760255167794,0.0081011845314619,0.0472534878201808,0.424731243623661,4
B12,NC_035788.1_60692061,0.0630655555889454,0.00806451612903226,0.00833333333333333,-0.0519568151147099,3.61695726696133,4
B12,NC_035788.1_61441905,-0.0246418403320217,0.0669597178716609,0.0407068968368261,0.124053342552523,-0.335524103043565,4
B12,NC_035788.1_63487535,-0.0613433893410736,0.0681721791862794,0.128275046090617,0.134300287072952,-0.322113566921336,4
B12,NC_035788.1_65884133,-0.0140262641574557,0.0292348999984212,0.0670924985263412,0.0269899795830647,-0.337505892673553,4
B12,NC_035788.1_65884164,0.0604510325445658,0.00524644945697577,0.0238597010115238,0.0355602240896359,0.248493517949115,4
B12,NC_035788.1_68038738,-0.0137172010273782,-0.0061193481619208,-0.0208660796662979,0.00778971568505518,1.33204876744586,4
B12,NC_035788.1_68105839,-0.016976290586305,0.0143097924431618,0.133825428665079,-0.0406847344091441,-0.0708387419457133,4
B12,NC_035788.1_68131625,0.0228135916577759,0.00043663691240858,-0.00186161994081977,-0.0667809448494605,2.50621708410393,4
B12,NC_035788.1_68131632,0.0336078278087629,-0.0120164482074288,-0.00834298121395707,-0.0371814685847202,2.19580784622248,4
B12,NC_035788.1_68247653,-0.0512790514101518,-0.0512910380291327,0.0614377906668804,0.0137501792579317,-0.266967274867206,4
B12,NC_035788.1_70924603,0.1088274696624,-0.0086729880229609,-0.0432894952405135,0.051355823250212,0.769902608762748,4
B12,NC_035788.1_71699793,0.0369724665108482,0.0312063238912345,-0.0203097278271304,0.0267759108529777,0.444035464014611,4
B12,NC_035788.1_71699859,0.00745081710348027,0.0263950206595847,-0.00726690358602034,0.0111959723448748,0.212329304660015,4
B12,NC_035788.1_71699906,0.00915143012792239,0.0187443781146047,-0.00526961885058076,0.00920869057427741,0.246333817849296,4
B12,NC_035788.1_71699932,0.0117520681610133,0.011843769473787,-0.0115746239496392,0.0169470525467198,0.436575703870144,4
B12,NC_035788.1_75862114,-0.105543183357187,-0.0032794836169979,0.0554920852341473,0.0179377811730753,-0.906359043348073,4
B12,NC_035788.1_75868624,0.0825023474921868,-0.075215162103034,-0.0560232023924984,0.0494534692360779,0.474886002701825,4
B12,NC_035788.1_76680482,0.0278424512543482,-0.0262804715673685,0.019735310275747,-0.0644276568635854,-0.328889514091136,4
B12,NC_035788.1_77354153,0.120888900417289,-0.0135134820490496,-0.0506326788546181,0.0582555667194414,2.17747572056613,4
B12,NC_035788.1_77354162,0.0687704523504545,0.0369265857154314,-0.0100942356241545,0.0671772006675011,1.6495234937803,4
B12,NC_035788.1_78299174,0.0806620533040411,0.053445628230111,-0.0207719082719083,0.0116372928872929,2.33296080983711,4
B12,NC_035788.1_78312431,-0.0205356945942688,0.0158725341605151,0.0131279921409907,-0.00980187119979187,-0.409878881819025,4
B12,NC_035788.1_78818883,0.0533980133515945,-0.0320771412477946,0.0308145840620912,0.0951465744491303,0.268214005032302,4
B12,NC_035788.1_79256133,0.0124744296512031,0.0125,0.0137104743083004,-0.0405011655011655,0.22117654891771,4
B12,NC_035788.1_79804652,-0.0875854923690611,0.0687117343816308,0.0465763298752897,-0.0246163679526049,-1.40100882348788,4
B12,NC_035788.1_79883268,-0.00535844720293344,-0.0108938689748948,-0.0120201757548614,0.0291797400778493,-0.698015933397557,4
B12,NC_035788.1_79884902,-0.0747814399708232,0.0601309726309726,0.0551434287283344,-0.0364010261069085,-3.81401963371812,4
B12,NC_035788.1_80116339,0.00954623362356869,-0.011181676649607,0.0280484855028536,0.0265316214330584,0.28814751552867,4
B12,NC_035788.1_80117358,0.0148436455781769,0.00127836646774817,0.00682472171369653,0.0115650025970804,2.84807217138208,4
B12,NC_035788.1_81095602,0.0788571096174364,-0.0205857299661924,-0.00561558532434694,-0.0210152878355643,0.342443354062598,4
B12,NC_035788.1_81095716,0.0720608983376315,-0.0131563639220505,0.00549433842360708,0.0173879583698735,0.580933493949094,4
B12,NC_035788.1_81448187,-0.14551474904046,-0.00923222732590826,0.0534319775380988,0.0646868982466809,-0.766846564186537,4
B12,NC_035788.1_81799739,0.0521618253885722,-0.0183633174931775,-0.0592551683250244,0.00475221674342927,0.374777621194636,4
B12,NC_035788.1_81956690,-0.00762288818954949,0.0186037179377422,0.043851591538032,0.0278208684804737,-0.0702698796134073,4
B12,NC_035788.1_82160876,-0.0341799282215304,0.0539076662194843,0.0805178604783589,-0.0153006332488023,-0.159352830602484,4
B12,NC_035788.1_82443959,0.00964705067348293,0.00216288595996086,0.00538618264511743,0.00151080691993936,-0.376514614259208,4
B12,NC_035788.1_84284988,-0.00177786978561708,0.00305774954212454,0.00665650528622098,-0.00893954789502734,-0.0774534749975646,4
B12,NC_035788.1_84769418,0.0377977433246981,-0.0507387159740153,-0.0251689239207051,0.0732282050154074,0.60300574626033,4
B12,NC_035788.1_85712527,0.0272346184125881,0.000161382651343201,-0.00587615251282203,0.00112286415657757,0.773556239262004,4
B12,NC_035788.1_87595114,-0.0175585569658173,-0.0222339675828048,0.000567214974475327,0.0116279069767442,-0.887932260313474,4
B12,NC_035788.1_87830169,-0.0013896539098059,0.0548234074084523,-0.00371090184954114,0.0571944225979759,-0.2450242586417,4
B12,NC_035788.1_87931859,0.0926938137746568,-0.0116853632478633,-0.0308080487942303,0.0326811186186186,3.61585032610899,4
B12,NC_035788.1_89818998,0.0382920290299032,0.110265072765073,0.0720379852345797,-0.113461538461538,0.159613669180446,3
B12,NC_035788.1_89922247,0.0113537230088185,-0.0239512909618155,-0.0208504710593123,0.0181124176193872,0.80492913548741,4
B12,NC_035788.1_90298883,0.0171890452208165,0.0684518803174949,0.0124497428281657,0.0642958034347369,0.237751287148994,4
B12,NC_035788.1_90340179,-0.0128912435137143,0.0106590054019135,0.0202979791789847,-0.0108835474188228,-0.552782630432585,4
B12,NC_035788.1_90548435,0.0180211028812915,0.0119407370489639,0.0663208016989348,0.00824237999100409,0.0862060226404159,4
B12,NC_035788.1_90767745,-0.0378360425159787,-0.0256772182870511,0.0115027519908532,-0.00648495936282675,-0.174657342369999,4
B12,NC_035788.1_91924660,-0.03253725930802,0.0324773234962679,0.0585300629466927,0.0601608353984609,-0.156441060386151,4
B12,NC_035788.1_95265450,0.00242590372685442,-0.00939431910921037,-0.001995967956637,0.00870539660366195,0.0465087980197148,4
B12,NC_035788.1_99435188,0.00283891971496669,-0.00226328142845237,0.0159613147278608,0.0245994637646347,1.30031089635983,4
B12,NC_035788.1_101130913,-0.431987923089147,0.336379928315412,0.0719052915938344,0.145313575930929,-1.8878542704928,1
B12,NC_035788.1_101622915,0.028098319864017,0.00516955065608149,0.0250248675844345,0.0334006414758627,0.108291159870292,4
B12,NC_035788.1_101622925,0.0493196985539208,0.0311669129781842,0.00814629156382109,0.0225945244384543,0.240954782388095,4
B12,NC_035788.1_101622928,-0.00246569072059297,0.033447621928439,0.0739016655716499,0.0166705034176524,-0.00559665505948317,4
B12,NC_035788.1_101623029,0.0084923670403733,-0.0140437439121371,-0.019108023971484,0.0449032443265886,0.244979986313133,4
B12,NC_035788.1_101628362,-0.0958727106705617,0.0629922389636681,0.0869791426060041,-0.000866821676253959,-0.396505728975102,4
B12,NC_035788.1_101700270,0.0168992992569748,0.014641153999499,0.00308494587071025,0.00529047210990754,-0.219388740014567,4
B12,NC_035788.1_101842711,0.116165649128323,-0.0242456896551724,-0.0242456896551724,-0.0114685960591133,6.64329924719055,4
B12,NC_035789.1_377648,0.159724724578917,-0.0266798677012925,-0.0122853478116636,0.043270262020262,1.0348052067676,4
B12,NC_035789.1_521369,0.0224096588990206,0.0108333333333333,-0.0133333333333333,0.01,2.31552542427841,3
B12,NC_035789.1_630251,-0.0196461880582539,0.0297337974747989,0.0451432821439416,0.0431014579579117,-1.10495416899097,4
B12,NC_035789.1_630374,0.0660136182183367,-0.00296803652968037,0.00328443234523089,-0.0165313140181446,4.36897982867898,4
B12,NC_035789.1_1516214,0.0307551035571889,0.0310936142602086,0.0497640491602397,0.0107902175577003,-0.665404354414702,4
B12,NC_035789.1_1689785,-0.0866310926522922,0.102064989875549,0.0623951123748559,0.106699118853497,-0.58646981501095,4
B12,NC_035789.1_1766915,0.0274195696048933,0.0112168999009819,0.0234871240338019,0.0834881085879824,1.02114427322958,4
B12,NC_035789.1_3447110,-0.0267616446983992,0.0179948695803666,0.0268803116652271,-0.0119096588661452,-1.65851084646889,4
B12,NC_035789.1_3491718,-0.000416022234182769,0.0167060361674162,0.00346386708109128,0.0210589098719287,0.0427191585177814,4
B12,NC_035789.1_3579039,-0.0217990265574816,0.0102374852475907,-0.0021296459734641,0.0129341307659892,-1.47735444138162,4
B12,NC_035789.1_3579045,-0.0251762730807161,0.0138753417475288,0.0199555239176107,-0.0205350978524478,-1.16979032015532,4
B12,NC_035789.1_3612147,0.0299276311489122,0.0204996327030182,-0.0198199472096531,0.0246276395173454,2.87081102319132,4
B12,NC_035789.1_4360473,-0.0280609102037025,0.0248323984489631,0.0207757688744435,-0.0423106842296786,-1.36349045877391,4
B12,NC_035789.1_4362543,-0.0112619228766969,-0.00602153293202243,-0.0810094962406807,0.0303283880736806,-0.0457365114513018,4
B12,NC_035789.1_4362657,-0.0335619365427862,0.0675809188574443,0.027010122701123,0.0557248906550613,-0.142524153936376,4
B12,NC_035789.1_4362705,0.0871139934038763,-0.0182444882449728,-0.0206135960194688,0.0551099632204837,0.35133015269165,4
B12,NC_035789.1_4362852,-0.0327774956534964,0.022153156559445,0.052621377474494,-0.0312382489154418,-0.137515549702076,4
B12,NC_035789.1_4489140,0.0745089487388066,-0.0563540246544962,-0.0750240060042742,0.0141570867623355,2.83896221326947,4
B12,NC_035789.1_5380590,0.0188268207507163,-0.00153543330681425,-0.00594549972143905,0.0113810146263604,1.25232947946845,4
B12,NC_035789.1_6800575,0.139012915613702,-0.0539735626632198,-0.0236654223358811,0.0969792439885732,0.596954687486273,4
B12,NC_035789.1_8466020,0.042166955360399,0.00106931644287966,0.0191861685736459,0.0555425058530618,0.378126338719356,4
B12,NC_035789.1_8866707,0.033544628033503,0.067240659257466,0.0131466408808335,0.0437709708783601,0.166771338375287,4
B12,NC_035789.1_8880247,-0.00728184739567205,0.00150868257641636,-0.00712917143771594,0.00848375290444898,-0.207489614368805,4
B12,NC_035789.1_8880749,0.0113205992040212,0.0215101771529185,0.0291113397453416,-0.0342106055588932,0.100379001344673,4
B12,NC_035789.1_8880775,-0.00345965733032792,-0.0220260975370269,-0.0355632270882116,0.0132352880177343,0.00788358364763722,4
B12,NC_035789.1_9441238,0.157334169846882,0.0536939373733002,0.00314466615654892,-0.0942882280402977,0.63875033501487,4
B12,NC_035789.1_9441876,0.0106455056440374,-0.059756847881548,-0.02034898234612,0.075842036940078,0.0428816621198648,4
B12,NC_035789.1_10591563,0.0263603807082068,0.0254182754182754,0.0205773955773956,-0.00731981981981982,1.01916055306765,4
B12,NC_035789.1_11335602,0.033089012992406,-0.0025092692266866,0.00435016489320048,0.0121719070090723,1.31445134952823,4
B12,NC_035789.1_14009048,0.107113962398646,0.00633640552995392,-0.0160575858250277,0.0178571428571429,4.87701916802158,3
B12,NC_035789.1_14293734,0.038103443255332,0.0315776524091353,0.0182732193478184,0.0422717531351308,0.0736067871170411,4
B12,NC_035789.1_16956256,-0.0536219413170498,0.0373497459982443,0.0466090052575036,-0.033677970774745,-6.3648881382174,4
B12,NC_035789.1_23107929,-0.0411829026465581,0.0434036338898595,0.0539806187177317,0.00444544291289532,-0.156555370576396,4
B12,NC_035789.1_23176319,-0.0117427746474925,0.0157471036518215,0.010054347826087,-0.00752821542190577,-2.38749488606357,4
B12,NC_035789.1_27661480,0.0354375627996135,0.030927998118331,-0.0177859252779349,0.0567433304066561,0.510759597336262,4
B12,NC_035789.1_30016976,0.0111803719308113,0.0112654711605236,-0.00557573152013637,0.0161552206547151,1.62695909396055,4
B12,NC_035789.1_31012392,0.0188113998161972,0.0103987693809596,0.0138189651867188,0.0182742887815352,1.32844053889146,4
B12,NC_035789.1_31017699,-0.00253436487999269,-0.00941817758413825,-0.0449498129560354,0.0293786922663802,1.50105956060056,4
B12,NC_035789.1_31050632,0.0128145094938603,0.00385729997078891,-0.000417269395528791,0.0106927752314377,0.676109842506945,4
B12,NC_035789.1_31063899,-0.00751345118199464,0.0189461348779864,0.0128383803323061,-0.0830555555555556,-0.854970295826937,4
B12,NC_035789.1_31183632,0.0371207604787919,0.0318493179001888,0.0298467533403192,0.0406053336453945,0.0851431574310347,4
B12,NC_035789.1_31183988,0.0021580028738006,0.0666296361400225,0.0820631985769169,-0.114098351204889,0.224406057296487,4
B12,NC_035789.1_31185120,-0.38322436733608,0.427808174540281,0.382686732927478,-0.137786750677393,-1.57610348947104,3
B12,NC_035789.1_32640913,0.0472333342898968,-0.00155259881516454,-0.00131524763615748,0.0172686539086416,0.482910139039069,4
B12,NC_035789.1_32641557,0.0704383968405728,-0.07857002085844,-0.0383153723688204,0.0856069085378045,0.3051835028929,4
